date_utc,date_eastern,tweet_text,retweet_count,favorite_count,matched_themes,matched_keywords,is_policy_signal,is_pure_trade,audit_category,noise_reason
2017-01-26 13:51:46+00:00,2017-01-26 08:51:46-05:00,The U.S. has a 60 billion dollar trade deficit with Mexico. It has been a one-sided deal from the beginning of NAFTA with massive numbers...,21100,90530,Trade_Tariff,"nafta, trade deficit",1,1,Pure_Trade_Tariff,"Genuine trade deals, tariffs, deficits, or currency policy"
2017-02-04 03:07:47+00:00,2017-02-03 22:07:47-05:00,Countries charge U.S. companies taxes or tariffs while the U.S. charges them nothing or little.We should charge them SAME as they charge us!,21891,132817,Trade_Tariff,tariffs,1,1,Pure_Trade_Tariff,"Genuine trade deals, tariffs, deficits, or currency policy"
2017-02-10 13:35:50+00:00,2017-02-10 08:35:50-05:00,"The failing @nytimes does major FAKE NEWS China story saying """"Mr.Xi has not spoken to Mr. Trump since Nov.14."""" We spoke at length yesterday!",18944,90061,China,china,0,0,Election_Political_Noise,Domestic 2020 election campaign attacks referencing China
2017-02-17 11:38:20+00:00,2017-02-17 06:38:20-05:00,"Going to Charleston, South Carolina, in order to spend time with Boeing and talk jobs! Look forward to it.",11580,84738,Target_Company_Tech,boeing,1,0,Company_Tech_Target,Direct corporate target or 5G/tech supply chain restriction
2017-03-17 13:07:15+00:00,2017-03-17 09:07:15-04:00,"North Korea is behaving very badly. They have been """"playing"""" the United States for years. China has done little to help!",16820,74741,China,china,0,0,Diplomatic_General_Noise,General foreign relations / courtesy talks without tariff specifics
2017-03-21 18:12:05+00:00,2017-03-21 14:12:05-04:00,"Today on #NationalAgDay, we honor our great American farmers &amp, ranchers. Their hard work &amp, dedication are ingrained... https://t.co/IpGRhly2zj",12207,57263,Agriculture_Retaliation,farmers,1,0,Agriculture_Farm_Aid,US farm aid packages and agricultural trade purchases
2017-03-30 22:16:17+00:00,2017-03-30 18:16:17-04:00,The meeting next week with China will be a very difficult one in that we can no longer have massive trade deficits...,9688,48486,China,china,1,1,Pure_Trade_Tariff,"Genuine trade deals, tariffs, deficits, or currency policy"
2017-04-07 23:22:53+00:00,2017-04-07 19:22:53-04:00,RT @IvankaTrump: Very proud of Arabella and Joseph for their performance in honor of President Xi Jinping and Madame Peng Liyuan's official...,12596,0,China,xi jinping,0,0,Diplomatic_General_Noise,General foreign relations / courtesy talks without tariff specifics
2017-04-08 14:50:59+00:00,2017-04-08 10:50:59-04:00,It was a great honor to have President Xi Jinping and Madame Peng Liyuan of China as our guests in the United States. Tremendous...,8459,57064,China,"china, xi jinping",0,0,Diplomatic_General_Noise,General foreign relations / courtesy talks without tariff specifics
2017-04-11 11:59:04+00:00,2017-04-11 07:59:04-04:00,I explained to the President of China that a trade deal with the U.S. will be far better for them if they solve the North Korean problem!,15349,68495,Trade_Tariff; China,"china, trade deal",1,1,Pure_Trade_Tariff,"Genuine trade deals, tariffs, deficits, or currency policy"
2017-04-11 12:03:43+00:00,2017-04-11 08:03:43-04:00,"North Korea is looking for trouble. If China decides to help, that would be great. If not, we will solve the problem without them!  U.S.A.",42956,114539,China,china,0,0,Diplomatic_General_Noise,General foreign relations / courtesy talks without tariff specifics
2017-04-12 12:22:22+00:00,2017-04-12 08:22:22-04:00,Had a very good call last night with the President of China concerning the menace of North Korea.,15529,78032,China,china,0,0,Diplomatic_General_Noise,General foreign relations / courtesy talks without tariff specifics
2017-04-13 13:08:20+00:00,2017-04-13 09:08:20-04:00,"I have great confidence that China will properly deal with North Korea. If they are unable to do so, the U.S., with its allies, will! U.S.A.",22643,95637,China,china,0,0,Diplomatic_General_Noise,General foreign relations / courtesy talks without tariff specifics
2017-04-16 12:18:40+00:00,2017-04-16 08:18:40-04:00,Why would I call China a currency manipulator when they are working with us on the North Korean problem? We will see what happens!,12002,61022,China; FX_Currency,"china, currency manipulator",1,1,Pure_Trade_Tariff,"Genuine trade deals, tariffs, deficits, or currency policy"
2017-04-20 19:33:46+00:00,2017-04-20 15:33:46-04:00,"We're going to use American steel, we're going to use American labor, we are going to come first in all deals. ➡️... https://t.co/QYjWx9K4YY",9418,44446,Steel_Aluminum,steel,1,0,Steel_Aluminum_Industry,Domestic steel and aluminum industry protection/jobs
2017-04-21 13:04:19+00:00,2017-04-21 09:04:19-04:00,"China is very much the economic lifeline to North Korea so, while nothing is easy, if they want to solve the North Korean problem, they will",11538,55537,China,china,0,0,Diplomatic_General_Noise,General foreign relations / courtesy talks without tariff specifics
2017-04-22 00:19:58+00:00,2017-04-21 20:19:58-04:00,"RT @Scavino45: .@POTUS @realDonaldTrump, @IvankaTrump, Jared Kushner, &amp, Dina Powell in the Oval Office today w/ Aya &amp, her brother Basel.#W...",3944,0,Fed_Monetary,powell,1,0,Fed_Monetary_Policy,Federal Reserve interest rates and monetary policy pressure
2017-04-25 12:30:15+00:00,2017-04-25 08:30:15-04:00,Canada has made business for our dairy farmers in Wisconsin and other border states very difficult. We will not stand for this. Watch!,11431,51851,Agriculture_Retaliation,farmers,1,0,Agriculture_Farm_Aid,US farm aid packages and agricultural trade purchases
2017-04-27 11:12:12+00:00,2017-04-27 07:12:12-04:00,I received calls from the President of Mexico and the Prime Minister of Canada asking to renegotiate NAFTA rather than terminate. I agreed..,12906,59248,Trade_Tariff,nafta,1,1,Pure_Trade_Tariff,"Genuine trade deals, tariffs, deficits, or currency policy"
2017-04-27 11:21:20+00:00,2017-04-27 07:21:20-04:00,"...subject to the fact that if we do not reach a fair deal for all, we will then terminate NAFTA. Relationships are good-deal very possible!",8009,41180,Trade_Tariff,nafta,1,1,Pure_Trade_Tariff,"Genuine trade deals, tariffs, deficits, or currency policy"
2017-04-27 21:42:47+00:00,2017-04-27 17:42:47-04:00,"Presidential Memorandum for the @CommerceGov, @SecretaryRoss re: Aluminum Imports and Threats to National Security:... https://t.co/GnKoVz9GTO",4795,23729,Steel_Aluminum,aluminum,1,1,Pure_Trade_Tariff,"Genuine trade deals, tariffs, deficits, or currency policy"
2017-04-28 23:26:18+00:00,2017-04-28 19:26:18-04:00,"North Korea disrespected the wishes of China &amp, its highly respected President when it launched, though unsuccessfully, a missile today. Bad!",18484,71298,China,china,0,0,Diplomatic_General_Noise,General foreign relations / courtesy talks without tariff specifics
2017-05-12 13:20:04+00:00,2017-05-12 09:20:04-04:00,"China just agreed that the U.S. will be allowed to sell beef, and other major products, into China once again. This is REAL news!",24593,104661,China,china,0,0,Diplomatic_General_Noise,General foreign relations / courtesy talks without tariff specifics
2017-05-27 16:22:01+00:00,2017-05-27 12:22:01-04:00,I look forward to reading the @CommerceGov 232 analysis of steel and aluminum- to be released in June. Will take major action if necessary.,6215,35954,Steel_Aluminum,"aluminum, steel",1,1,Pure_Trade_Tariff,"Genuine trade deals, tariffs, deficits, or currency policy"
2017-05-29 12:18:52+00:00,2017-05-29 08:18:52-04:00,"North Korea has shown great disrespect for their neighbor, China, by shooting off yet another ballistic missile...but China is trying hard!",9966,55012,China,china,0,0,Diplomatic_General_Noise,General foreign relations / courtesy talks without tariff specifics
2017-05-30 10:40:36+00:00,2017-05-30 06:40:36-04:00,"We have a MASSIVE trade deficit with Germany, plus they pay FAR LESS than they should on NATO &amp, military. Very bad for U.S. This will change",18201,74449,Trade_Tariff,trade deficit,1,1,Pure_Trade_Tariff,"Genuine trade deals, tariffs, deficits, or currency policy"
2017-06-10 01:38:15+00:00,2017-06-09 21:38:15-04:00,"Time to start building in our country, with American workers &amp, with American iron, aluminum &amp, steel. It is time to... https://t.co/rGZCRyeCMZ",17403,79626,Steel_Aluminum,"aluminum, steel",1,0,Steel_Aluminum_Industry,Domestic steel and aluminum industry protection/jobs
2017-06-20 18:38:11+00:00,2017-06-20 14:38:11-04:00,"While I greatly appreciate the efforts of President Xi &amp, China to help with North Korea, it has not worked out. At least I know China tried!",14295,68572,China,china,0,0,Diplomatic_General_Noise,General foreign relations / courtesy talks without tariff specifics
2017-06-30 01:44:01+00:00,2017-06-29 21:44:01-04:00,Just finished a very good meeting with the President of South Korea. Many subjects discussed including North Korea and new trade deal!,15697,76870,Trade_Tariff,trade deal,1,1,Pure_Trade_Tariff,"Genuine trade deals, tariffs, deficits, or currency policy"
2017-07-03 20:44:27+00:00,2017-07-03 16:44:27-04:00,Thank you to Shawn Steel for the nice words on @FoxNews.,7465,50956,Steel_Aluminum,steel,1,0,Steel_Aluminum_Industry,Domestic steel and aluminum industry protection/jobs
2017-07-03 20:54:08+00:00,2017-07-03 16:54:08-04:00,"Really great numbers on jobs &amp, the economy! Things are starting to kick in now, and we have just begun! Don't like steel &amp, aluminum dumping!",15846,79684,Steel_Aluminum,"aluminum, steel",1,0,Steel_Aluminum_Industry,Domestic steel and aluminum industry protection/jobs
2017-07-04 02:24:39+00:00,2017-07-03 22:24:39-04:00,....and Japan will put up with this much longer. Perhaps China will put a heavy move on North Korea and end this nonsense once and for all!,23706,95965,China,china,0,0,Diplomatic_General_Noise,General foreign relations / courtesy talks without tariff specifics
2017-07-05 11:21:23+00:00,2017-07-05 07:21:23-04:00,Trade between China and North Korea grew almost 40% in the first quarter. So much for China working with us - but we had to give it a try!,19181,84258,China,china,0,0,Diplomatic_General_Noise,General foreign relations / courtesy talks without tariff specifics
2017-07-08 18:55:23+00:00,2017-07-08 14:55:23-04:00,"Leaving Hamburg for Washington, D.C. and the WH. Just left China’s President Xi where we had an excellent meeting on trade &amp, North Korea.",14408,82384,China,china,0,0,Diplomatic_General_Noise,General foreign relations / courtesy talks without tariff specifics
2017-07-12 20:20:56+00:00,2017-07-12 16:20:56-04:00,"""""After 14 years, U.S. beef hits Chinese market. Trade deal an exciting opportunity for agriculture."""" https://t.co/gDGgejqFMs",14129,58311,Trade_Tariff,trade deal,1,1,Pure_Trade_Tariff,"Genuine trade deals, tariffs, deficits, or currency policy"
2017-07-22 22:57:01+00:00,2017-07-22 18:57:01-04:00,"American steel &amp, American hands have constructed a 100,000 ton message to the world: American MIGHT IS SECOND TO NONE!#USSGeraldRFord #USA https://t.co/Pibf37Eybg",10554,47541,Steel_Aluminum,steel,1,0,Steel_Aluminum_Industry,Domestic steel and aluminum industry protection/jobs
2017-07-25 12:16:34+00:00,2017-07-25 08:16:34-04:00,"Working on major Trade Deal with the United Kingdom. Could be very big &amp, exciting. JOBS! The E.U. is very protectionist with the U.S. STOP!",12814,58343,Trade_Tariff,trade deal,1,1,Pure_Trade_Tariff,"Genuine trade deals, tariffs, deficits, or currency policy"
2017-07-29 23:29:05+00:00,2017-07-29 19:29:05-04:00,"I am very disappointed in China. Our foolish past leaders have allowed them to make hundreds of billions of dollars a year in trade, yet...",21008,84029,China,china,0,0,Diplomatic_General_Noise,General foreign relations / courtesy talks without tariff specifics
2017-07-29 23:35:13+00:00,2017-07-29 19:35:13-04:00,"...they do NOTHING for us with North Korea, just talk. We will no longer allow this to continue. China could easily solve this problem!",18966,81880,China,china,0,0,Diplomatic_General_Noise,General foreign relations / courtesy talks without tariff specifics
2017-08-05 22:44:34+00:00,2017-08-05 18:44:34-04:00,The United Nations Security Council just voted 15-0 to sanction North Korea. China and Russia voted with us. Very big financial impact!,20469,92600,China,china,0,0,Diplomatic_General_Noise,General foreign relations / courtesy talks without tariff specifics
2017-08-27 13:51:35+00:00,2017-08-27 09:51:35-04:00,"We are in the NAFTA (worst trade deal ever made) renegotiation process with Mexico &amp, Canada.Both being very difficult,may have to terminate?",15002,68122,Trade_Tariff,"nafta, trade deal",1,1,Pure_Trade_Tariff,"Genuine trade deals, tariffs, deficits, or currency policy"
2017-09-03 11:39:38+00:00,2017-09-03 07:39:38-04:00,"..North Korea is a rogue nation which has become a great threat and embarrassment to China, which is trying to help but with little success.",19033,77751,China,china,0,0,Diplomatic_General_Noise,General foreign relations / courtesy talks without tariff specifics
2017-09-04 16:38:46+00:00,2017-09-04 12:38:46-04:00,"We are building our future with American hands, American labor, American iron, aluminum and steel. Happy #LaborDay! https://t.co/lyvtNfQ5IO",21742,102850,Steel_Aluminum,"aluminum, steel",1,0,Steel_Aluminum_Industry,Domestic steel and aluminum industry protection/jobs
2017-09-10 10:37:05+00:00,2017-09-10 06:37:05-04:00,"RT @SecretarySonny: Serious @Cabinet meeting today, called by @POTUS at Camp David. Reports on #Irma's track, potential impact, fed &amp, state...",4987,0,Fed_Monetary,fed,1,0,Fed_Monetary_Policy,Federal Reserve interest rates and monetary policy pressure
2017-09-14 02:22:57+00:00,2017-09-13 22:22:57-04:00,China has a business tax rate of 15%. We should do everything possible to match them in order to win with our economy. Jobs and wages!,14046,64356,China,china,0,0,Diplomatic_General_Noise,General foreign relations / courtesy talks without tariff specifics
2017-10-25 19:24:10+00:00,2017-10-25 15:24:10-04:00,"Spoke to President Xi of China to congratulate him on his extraordinary elevation. Also discussed NoKo &amp, trade, two very important subjects!",7743,47139,China,china,0,0,Diplomatic_General_Noise,General foreign relations / courtesy talks without tariff specifics
2017-10-25 19:39:22+00:00,2017-10-25 15:39:22-04:00,"Melania and I look forward to being with President Xi &amp, Madame Peng Liyuan in China in two weeks for what will hopefully be a historic trip! https://t.co/uFMonzza7N",7088,39317,China,china,0,0,Diplomatic_General_Noise,General foreign relations / courtesy talks without tariff specifics
2017-10-27 21:17:31+00:00,2017-10-27 17:17:31-04:00,People are anxiously awaiting my decision as to who the next head of the Fed will be....🎥https://t.co/PEj1KNYcAO,6943,38129,Fed_Monetary,fed,1,0,Fed_Monetary_Policy,Federal Reserve interest rates and monetary policy pressure
2017-11-02 03:21:56+00:00,2017-11-01 23:21:56-04:00,"Great mtg w/ @Cabinet today. Tomorrow, I will be announcing the new head of the Fed. I think you will be extremely impressed by this person! https://t.co/5ASJVLGAiG",6356,33805,Fed_Monetary,fed,1,0,Fed_Monetary_Policy,Federal Reserve interest rates and monetary policy pressure
2017-11-02 22:35:43+00:00,2017-11-02 18:35:43-04:00,"Today, it was my pleasure and great honor to announce my nomination of Jerome Powell to be the next Chairman of the @FederalReserve. https://t.co/6aDuRy3zws",7384,36219,Fed_Monetary,powell,1,0,Fed_Monetary_Policy,Federal Reserve interest rates and monetary policy pressure
2017-11-03 14:45:56+00:00,2017-11-03 10:45:56-04:00,"Just took off for ceremony @ Pearl Harbor. Will then be heading to Japan, SKorea, China, Vietnam &amp, the Philippines. Will never let you down!",10817,62592,China,china,0,0,Diplomatic_General_Noise,General foreign relations / courtesy talks without tariff specifics
2017-11-08 01:00:15+00:00,2017-11-07 20:00:15-05:00,"Getting ready to make a major speech to the National Assembly here in South Korea, then will be headed to China where I very much look forward to meeting with President Xi who is just off his great political victory.",8390,52660,China,china,0,0,Diplomatic_General_Noise,General foreign relations / courtesy talks without tariff specifics
2017-11-08 04:57:40+00:00,2017-11-07 23:57:40-05:00,Leaving South Korea now heading to China. Looking very much forward to meeting and being with President Xi!,8889,61246,China,china,0,0,Diplomatic_General_Noise,General foreign relations / courtesy talks without tariff specifics
2017-11-08 14:27:18+00:00,2017-11-08 09:27:18-05:00,"On behalf of @FLOTUS Melania and I, THANK YOU for an unforgettable afternoon and evening at the Forbidden City in Beijing, President Xi and Madame Peng Liyuan. We are looking forward to rejoining you tomorrow morning! https://t.co/ma0F7SHbVU",10195,51462,China,beijing,0,0,Diplomatic_General_Noise,General foreign relations / courtesy talks without tariff specifics
2017-11-08 15:40:40+00:00,2017-11-08 10:40:40-05:00,Looking forward to a full day of meetings with President Xi and our delegations tomorrow. THANK YOU for the beautiful welcome China! @FLOTUS Melania and I will never forget it! https://t.co/sQoUWIGAiQ,10680,54659,China,china,0,0,Diplomatic_General_Noise,General foreign relations / courtesy talks without tariff specifics
2017-11-09 13:58:32+00:00,2017-11-09 08:58:32-05:00,In the coming months and years ahead I look forward to building an even STRONGER relationship between the United States and China. 🇺🇸🇨🇳 https://t.co/mK3SB7t3EV,16142,80535,China,china,0,0,Diplomatic_General_Noise,General foreign relations / courtesy talks without tariff specifics
2017-11-09 23:39:56+00:00,2017-11-09 18:39:56-05:00,"I don’t blame China, I blame the incompetence of past Admins for allowing China to take advantage of the U.S. on trade leading up to a point where the U.S. is losing $100's of billions. How can you blame China for taking advantage of people that had no clue? I would've done same!",22730,114156,China,china,0,0,Diplomatic_General_Noise,General foreign relations / courtesy talks without tariff specifics
2017-11-09 23:44:17+00:00,2017-11-09 18:44:17-05:00,My meetings with President Xi Jinping were very productive on both trade and the subject of North Korea. He is a highly respected and powerful representative of his people. It was great being with him and Madame Peng Liyuan!,11679,70145,China,xi jinping,0,0,Diplomatic_General_Noise,General foreign relations / courtesy talks without tariff specifics
2017-11-10 01:17:15+00:00,2017-11-09 20:17:15-05:00,"I am leaving China for #APEC2017 in Vietnam. @FLOTUS Melania is staying behind to see the zoo, and of course, the Great WALL of China before going to Alaska to greet our AMAZING troops.",10549,60918,China,china,0,0,Diplomatic_General_Noise,General foreign relations / courtesy talks without tariff specifics
2017-11-11 23:32:25+00:00,2017-11-11 18:32:25-05:00,President Xi of China has stated that he is upping the sanctions against #NoKo. Said he wants them to denuclearize. Progress is being made.,12487,65052,China,china,0,0,Diplomatic_General_Noise,General foreign relations / courtesy talks without tariff specifics
2017-11-12 00:16:05+00:00,2017-11-11 19:16:05-05:00,"Met with President Putin of Russia who was at #APEC meetings. Good discussions on Syria. Hope for his help to solve, along with China the dangerous North Korea crisis. Progress being made.",11885,62567,China,china,0,0,Diplomatic_General_Noise,General foreign relations / courtesy talks without tariff specifics
2017-11-14 05:20:31+00:00,2017-11-14 00:20:31-05:00,"After my tour of Asia, all Countries dealing with us on TRADE know that the rules have changed. The United States has to be treated fairly and in a reciprocal fashion. The massive TRADE deficits must go down quickly!",13236,70782,Trade_Tariff,reciprocal,1,1,Pure_Trade_Tariff,"Genuine trade deals, tariffs, deficits, or currency policy"
2017-11-15 16:35:39+00:00,2017-11-15 11:35:39-05:00,"The failing @nytimes hates the fact that I have developed a great relationship with World leaders like Xi Jinping, President of China.....",10840,55267,China,"china, xi jinping",0,0,Diplomatic_General_Noise,General foreign relations / courtesy talks without tariff specifics
2017-11-16 11:30:14+00:00,2017-11-16 06:30:14-05:00,"To the three UCLA basketball players I say:  You're welcome, go out and give a big Thank You to President Xi Jinping of China who made.....",14017,74556,China,"china, xi jinping",0,0,Diplomatic_General_Noise,General foreign relations / courtesy talks without tariff specifics
2017-11-16 12:43:05+00:00,2017-11-16 07:43:05-05:00,"China is sending an Envoy and Delegation to North Korea - A big move, we'll see what happens!",15217,76213,China,china,0,0,Diplomatic_General_Noise,General foreign relations / courtesy talks without tariff specifics
2017-11-19 17:42:36+00:00,2017-11-19 12:42:36-05:00,"Now that the three basketball players are out of China and saved from years in jail, LaVar Ball, the father of LiAngelo, is unaccepting of what I did for his son and that shoplifting is no big deal. I should have left them in jail!",59986,233546,China,china,0,0,Diplomatic_General_Noise,General foreign relations / courtesy talks without tariff specifics
2017-11-19 23:36:40+00:00,2017-11-19 18:36:40-05:00,"Shoplifting is a very big deal in China, as it should be (5-10 years in jail), but not to father LaVar. Should have gotten his son out during my next trip to China instead. China told them why they were released. Very ungrateful!",23156,113563,China,china,0,0,Diplomatic_General_Noise,General foreign relations / courtesy talks without tariff specifics
2017-11-22 10:25:22+00:00,2017-11-22 05:25:22-05:00,"It wasn’t the White House, it wasn’t the State Department, it wasn’t father LaVar’s so-called people on the ground in China that got his son out of a long term prison sentence - IT WAS ME. Too bad! LaVar is just a poor man’s version of Don King, but without the hair. Just think..",25202,105092,China,china,0,0,Diplomatic_General_Noise,General foreign relations / courtesy talks without tariff specifics
2017-11-22 10:33:28+00:00,2017-11-22 05:33:28-05:00,"...LaVar, you could have spent the next 5 to 10 years during Thanksgiving with your son in China, but no NBA contract to support you. But remember LaVar, shoplifting is NOT a little thing. It’s a really big deal, especially in China. Ungrateful fool!",30028,135381,China,china,0,0,Diplomatic_General_Noise,General foreign relations / courtesy talks without tariff specifics
2017-11-28 12:45:30+00:00,2017-11-28 07:45:30-05:00,"At least 24 players kneeling this weekend at NFL stadiums that are now having a very hard time filling up. The American public is fed up with the disrespect the NFL is paying to our Country, our Flag and our National Anthem. Weak and out of control!",15889,85059,Fed_Monetary,fed,1,0,Fed_Monetary_Policy,Federal Reserve interest rates and monetary policy pressure
2017-11-29 14:40:01+00:00,2017-11-29 09:40:01-05:00,Just spoke to President XI JINPING of China concerning the provocative actions of North Korea. Additional major sanctions will be imposed on North Korea today. This situation will be handled!,16145,85143,China,"china, xi jinping",0,0,Diplomatic_General_Noise,General foreign relations / courtesy talks without tariff specifics
2017-11-30 12:25:00+00:00,2017-11-30 07:25:00-05:00,"The Chinese Envoy, who just returned from North Korea, seems to have had no impact on Little Rocket Man. Hard to believe his people, and the military, put up with living in such horrible conditions. Russia and China condemned the launch.",12999,63679,China,china,0,0,Diplomatic_General_Noise,General foreign relations / courtesy talks without tariff specifics
2017-12-28 16:24:08+00:00,2017-12-28 11:24:08-05:00,Caught RED HANDED - very disappointed that China is allowing oil to go into North Korea. There will never be a friendly solution to the North Korea problem if this continues to happen!,24926,106943,China,china,0,0,Diplomatic_General_Noise,General foreign relations / courtesy talks without tariff specifics
2017-12-30 03:42:58+00:00,2017-12-29 22:42:58-05:00,"Many reports of peaceful protests by Iranian citizens fed up with regime’s corruption &amp, its squandering of the nation’s wealth to fund terrorism abroad. Iranian govt should respect their people’s rights, including right to express themselves. The world is watching! #IranProtests",33702,119278,Fed_Monetary,fed,1,0,Fed_Monetary_Policy,Federal Reserve interest rates and monetary policy pressure
2017-12-30 21:12:45+00:00,2017-12-30 16:12:45-05:00,"On Taxes: “This is the biggest corporate rate cut ever, going back to the corporate income tax rate of roughly 80 years ago.This is a huge pro-growth stimulus for the economy. Every year the Obama WH overstated how the economy would grow. Now real economics and jobs.” @WSJ Report",13561,66759,Fed_Monetary,rate cut,1,0,Fed_Monetary_Policy,Federal Reserve interest rates and monetary policy pressure
2018-01-08 22:58:13+00:00,2018-01-08 17:58:13-05:00,We have been working every day to DELIVER for America’s Farmers just as they work every day to deliver FOR US. #AFBF18 https://t.co/QDH7fvFkZ7,9116,49232,Agriculture_Retaliation,farmers,1,0,Agriculture_Farm_Aid,US farm aid packages and agricultural trade purchases
2018-01-08 23:19:47+00:00,2018-01-08 18:19:47-05:00,"We are fighting for our farmers, for our country, and for our GREAT AMERICAN FLAG. We want our flag respected - and we want our NATIONAL ANTHEM respected also! https://t.co/16eOLXg6Fi",17493,89774,Agriculture_Retaliation,farmers,1,0,Agriculture_Farm_Aid,US farm aid packages and agricultural trade purchases
2018-01-17 23:28:30+00:00,2018-01-17 18:28:30-05:00,I promised that my policies would allow companies like Apple to bring massive amounts of money back to the United States. Great to see Apple follow through as a result of TAX CUTS. Huge win for American workers and the USA! https://t.co/OwXVUyLOb1,19261,78117,Target_Company_Tech,apple,1,0,Company_Tech_Target,Direct corporate target or 5G/tech supply chain restriction
2018-01-18 11:25:03+00:00,2018-01-18 06:25:03-05:00,"....The Wall will be paid for, directly or indirectly, or through longer term reimbursement, by Mexico, which has a ridiculous $71 billion dollar trade surplus with the U.S. The $20 billion dollar Wall is “peanuts” compared to what Mexico makes from the U.S. NAFTA is a bad joke!",21978,94137,Trade_Tariff,nafta,1,1,Pure_Trade_Tariff,"Genuine trade deals, tariffs, deficits, or currency policy"
2018-02-08 18:44:00+00:00,2018-02-08 13:44:00-05:00,"I will be meeting with Henry Kissinger at 1:45pm. Will be discussing North Korea, China and the Middle East.",10801,68225,China,china,0,0,Diplomatic_General_Noise,General foreign relations / courtesy talks without tariff specifics
2018-02-18 12:33:16+00:00,2018-02-18 07:33:16-05:00,"I never said Russia did not meddle in the election, I said “it may be Russia, or China or another country or group, or it may be a 400 pound genius sitting in bed and playing with his computer.” The Russian “hoax” was that the Trump campaign colluded with Russia - it never did!",25305,107760,China,china,0,0,Election_Political_Noise,Domestic 2020 election campaign attacks referencing China
2018-03-01 12:12:42+00:00,2018-03-01 07:12:42-05:00,"Our Steel and Aluminum industries (and many others) have been decimated by decades of unfair trade and bad policy with countries from around the world. We must not let our country, companies and workers be taken advantage of any longer. We want free, fair and SMART TRADE!",18055,88623,Steel_Aluminum,"aluminum, steel",1,0,Steel_Aluminum_Industry,Domestic steel and aluminum industry protection/jobs
2018-03-02 13:01:58+00:00,2018-03-02 08:01:58-05:00,"We must protect our country and our workers. Our steel industry is in bad shape. IF YOU DON’T HAVE STEEL, YOU DON’T HAVE A COUNTRY!",17123,87818,Steel_Aluminum,steel,1,0,Steel_Aluminum_Industry,Domestic steel and aluminum industry protection/jobs
2018-03-02 13:57:22+00:00,2018-03-02 08:57:22-05:00,"When a country Taxes our products coming in at, say, 50%, and we Tax the same product coming into our country at ZERO, not fair or smart. We will soon be starting RECIPROCAL TAXES so that we will charge the same thing as they charge us. $800 Billion Trade Deficit-have no choice!",24337,104760,Trade_Tariff,"reciprocal, trade deficit",1,1,Pure_Trade_Tariff,"Genuine trade deals, tariffs, deficits, or currency policy"
2018-03-03 17:43:26+00:00,2018-03-03 12:43:26-05:00,The United States has an $800 Billion Dollar Yearly Trade Deficit because of our “very stupid” trade deals and policies. Our jobs and wealth are being given to other countries that have taken advantage of us for years. They laugh at what fools our leaders have been. No more!,24496,110727,Trade_Tariff,trade deficit,1,1,Pure_Trade_Tariff,"Genuine trade deals, tariffs, deficits, or currency policy"
2018-03-03 17:53:50+00:00,2018-03-03 12:53:50-05:00,"If the E.U. wants to further increase their already massive tariffs and barriers on U.S. companies doing business there, we will simply apply a Tax on their Cars which freely pour into the U.S. They make it impossible for our cars (and more) to sell there. Big trade imbalance!",24158,105118,Trade_Tariff,tariffs,1,1,Pure_Trade_Tariff,"Genuine trade deals, tariffs, deficits, or currency policy"
2018-03-05 00:10:12+00:00,2018-03-04 19:10:12-05:00,"We are on the losing side of almost all trade deals. Our friends and enemies have taken advantage of the U.S. for many years. Our Steel and Aluminum industries are dead. Sorry, it’s time for a change! MAKE AMERICA GREAT AGAIN!",20706,99333,Steel_Aluminum,"aluminum, steel",1,1,Pure_Trade_Tariff,"Genuine trade deals, tariffs, deficits, or currency policy"
2018-03-05 11:47:56+00:00,2018-03-05 06:47:56-05:00,"We have large trade deficits with Mexico and Canada. NAFTA, which is under renegotiation right now, has been a bad deal for U.S.A. Massive relocation of companies &amp, jobs. Tariffs on Steel and Aluminum will only come off if new &amp, fair NAFTA agreement is signed. Also, Canada must..",15050,69294,Trade_Tariff; Steel_Aluminum,"aluminum, nafta, steel, tariffs",1,1,Pure_Trade_Tariff,"Genuine trade deals, tariffs, deficits, or currency policy"
2018-03-05 11:53:48+00:00,2018-03-05 06:53:48-05:00,...treat our farmers much better. Highly restrictive. Mexico must do much more on stopping drugs from pouring into the U.S. They have not done what needs to be done. Millions of people addicted and dying.,14132,72697,Agriculture_Retaliation,farmers,1,0,Agriculture_Farm_Aid,US farm aid packages and agricultural trade purchases
2018-03-05 12:57:12+00:00,2018-03-05 07:57:12-05:00,To protect our Country we must protect American Steel! #AMERICA FIRST,13376,70593,Steel_Aluminum,steel,1,0,Steel_Aluminum_Industry,Domestic steel and aluminum industry protection/jobs
2018-03-07 11:24:42+00:00,2018-03-07 06:24:42-05:00,"@MarkBurnettTV @RealRomaDowney From Bush 1 to present, our Country has lost more than 55,000 factories, 6,000,000 manufacturing jobs and accumulated Trade Deficits of more than 12 Trillion Dollars. Last year we had a Trade Deficit of almost 800 Billion Dollars. Bad policies &amp, leadership. Must win again!  #MAGA",899,2204,Trade_Tariff,trade deficit,1,1,Pure_Trade_Tariff,"Genuine trade deals, tariffs, deficits, or currency policy"
2018-03-07 11:40:29+00:00,2018-03-07 06:40:29-05:00,"From Bush 1 to present, our Country has lost more than 55,000 factories, 6,000,000 manufacturing jobs and accumulated Trade Deficits of more than 12 Trillion Dollars. Last year we had a Trade Deficit of almost 800 Billion Dollars. Bad Policies &amp, Leadership. Must WIN again!  #MAGA",28135,108800,Trade_Tariff,trade deficit,1,1,Pure_Trade_Tariff,"Genuine trade deals, tariffs, deficits, or currency policy"
2018-03-07 15:10:48+00:00,2018-03-07 10:10:48-05:00,"China has been asked to develop a plan for the year of a One Billion Dollar reduction in their massive Trade Deficit with the United States. Our relationship with China has been a very good one, and we look forward to seeing what ideas they come back with. We must act soon!",14881,73468,Trade_Tariff; China,"china, trade deficit",1,1,Pure_Trade_Tariff,"Genuine trade deals, tariffs, deficits, or currency policy"
2018-03-08 12:38:32+00:00,2018-03-08 07:38:32-05:00,"Looking forward to 3:30 P.M. meeting today at the White House. We have to protect &amp, build our Steel and Aluminum Industries while at the same time showing great flexibility and cooperation toward those that are real friends  and treat us fairly on both trade and the military.",15155,78900,Steel_Aluminum,"aluminum, steel",1,0,Steel_Aluminum_Industry,Domestic steel and aluminum industry protection/jobs
2018-03-08 22:16:36+00:00,2018-03-08 17:16:36-05:00,“Presidential Proclamation on Adjusting Imports of Steel into the United States” Proclamation: https://t.co/hxduwSoElzRemarks: https://t.co/nypErcqFSU https://t.co/q92FDYZeUl,7454,36977,Steel_Aluminum,steel,1,0,Steel_Aluminum_Industry,Domestic steel and aluminum industry protection/jobs
2018-03-08 22:17:04+00:00,2018-03-08 17:17:04-05:00,“Presidential Proclamation on Adjusting Imports of Aluminum into the United States”  Proclamation: https://t.co/aCaMtOUAl0Remarks: https://t.co/nypErcqFSU https://t.co/rcrkpvChkz,9639,44614,Steel_Aluminum,aluminum,1,0,Steel_Aluminum_Industry,Domestic steel and aluminum industry protection/jobs
2018-03-09 22:48:52+00:00,2018-03-09 17:48:52-05:00,"Spoke to PM @TurnbullMalcolm of Australia. He is committed to having a very fair and reciprocal military and trade relationship. Working very quickly on a security agreement so we don’t have to impose steel or aluminum tariffs on our ally, the great nation of Australia!",13672,66723,Trade_Tariff; Steel_Aluminum,"aluminum, reciprocal, steel, tariffs",1,1,Pure_Trade_Tariff,"Genuine trade deals, tariffs, deficits, or currency policy"
2018-03-10 03:22:14+00:00,2018-03-09 22:22:14-05:00,Chinese President XI XINPING and I spoke at length about the meeting with KIM JONG UN of North Korea. President XI told me he appreciates that the U.S. is working to solve the problem diplomatically rather than going with the ominous alternative. China continues to be helpful!,6386,26530,China,china,0,0,Diplomatic_General_Noise,General foreign relations / courtesy talks without tariff specifics
2018-03-10 16:15:19+00:00,2018-03-10 11:15:19-05:00,Chinese President XI JINPING and I spoke at length about the meeting with KIM JONG UN of North Korea. President XI told me he appreciates that the U.S. is working to solve the problem diplomatically rather than going with the ominous alternative. China continues to be helpful!,15262,78138,China,"china, xi jinping",0,0,Diplomatic_General_Noise,General foreign relations / courtesy talks without tariff specifics
2018-03-10 17:23:16+00:00,2018-03-10 12:23:16-05:00,"Spoke to Prime Minister Abe of Japan, who is very enthusiastic about talks with North Korea. Also discussing opening up Japan to much better trade with the U.S. Currently have a massive $100 Billion Trade Deficit. Not fair or sustainable. It will all work out!",13320,61268,Trade_Tariff,trade deficit,1,1,Pure_Trade_Tariff,"Genuine trade deals, tariffs, deficits, or currency policy"
2018-03-10 21:29:37+00:00,2018-03-10 16:29:37-05:00,"The European Union, wonderful countries who treat the U.S. very badly on trade, are complaining about the tariffs on Steel &amp, Aluminum. If they drop their horrific barriers &amp, tariffs on U.S. products going in, we will likewise drop ours. Big Deficit. If not, we Tax Cars etc. FAIR!",18877,83989,Trade_Tariff; Steel_Aluminum,"aluminum, steel, tariffs",1,1,Pure_Trade_Tariff,"Genuine trade deals, tariffs, deficits, or currency policy"
2018-03-12 12:20:03+00:00,2018-03-12 08:20:03-04:00,Secretary of Commerce Wilbur Ross will be speaking with representatives of the European Union about eliminating the large Tariffs and Barriers they use against the U.S.A. Not fair to our farmers and manufacturers.,12212,57259,Trade_Tariff; Agriculture_Retaliation,"farmers, tariffs",1,1,Pure_Trade_Tariff,"Genuine trade deals, tariffs, deficits, or currency policy"
2018-03-12 14:43:36+00:00,2018-03-12 10:43:36-04:00,"The Pittsburgh Post Gazette just endorsed Rick Saccone for Congress. He will be much better for steel and business. Very strong on experience and what our Country needs. Lamb will always vote for Pelosi and Dems....Will raise taxes, weak on Crime and Border.",10170,42954,Steel_Aluminum,steel,1,0,Steel_Aluminum_Industry,Domestic steel and aluminum industry protection/jobs
2018-03-15 13:29:25+00:00,2018-03-15 09:29:25-04:00,"We do have a Trade Deficit with Canada, as we do with almost all countries (some of them massive). P.M. Justin Trudeau of Canada, a very good guy, doesn’t like saying that Canada has a Surplus vs. the U.S.(negotiating), but they do...they almost all do...and that’s how I know!",13398,67235,Trade_Tariff,trade deficit,1,1,Pure_Trade_Tariff,"Genuine trade deals, tariffs, deficits, or currency policy"
2018-03-20 15:36:23+00:00,2018-03-20 11:36:23-04:00,"Our Nation was founded by farmers. Our independence was won by farmers. And our continent was tamed by farmers. Our farmers always lead the way -- we are PROUD of them, and we are DELIVERING for them! #NationalAgricultureDay",27417,120314,Agriculture_Retaliation,farmers,1,0,Agriculture_Farm_Aid,US farm aid packages and agricultural trade purchases
2018-03-28 10:16:26+00:00,2018-03-28 06:16:26-04:00,"Received message last night from XI JINPING of China that his meeting with KIM JONG UN went very well and that KIM looks forward to his meeting with me. In the meantime, and unfortunately, maximum sanctions and pressure must be maintained at all cost!",19144,87684,China,"china, xi jinping",0,0,Diplomatic_General_Noise,General foreign relations / courtesy talks without tariff specifics
2018-04-01 14:25:46+00:00,2018-04-01 10:25:46-04:00,"Mexico is doing very little, if not NOTHING, at stopping people from flowing into Mexico through their Southern Border, and then into the U.S. They laugh at our dumb immigration laws. They must stop the big drug and people flows, or I will stop their cash cow, NAFTA. NEED WALL!",25821,106162,Trade_Tariff,nafta,1,1,Pure_Trade_Tariff,"Genuine trade deals, tariffs, deficits, or currency policy"
2018-04-02 13:08:47+00:00,2018-04-02 09:08:47-04:00,"Mexico is making a fortune on NAFTA...They have very strong border laws - ours are pathetic. With all of the money they make from the U.S., hopefully they will stop people from coming through their country and into ours, at least until Congress changes our immigration laws!",15262,65011,Trade_Tariff,nafta,1,1,Pure_Trade_Tariff,"Genuine trade deals, tariffs, deficits, or currency policy"
2018-04-03 10:49:07+00:00,2018-04-03 06:49:07-04:00,"The big Caravan of People from Honduras, now coming across Mexico and heading to our “Weak Laws” Border, had better be stopped before it gets there. Cash cow NAFTA is in play, as is foreign aid to Honduras and the countries that allow this to happen. Congress MUST ACT NOW!",20108,83801,Trade_Tariff,nafta,1,1,Pure_Trade_Tariff,"Genuine trade deals, tariffs, deficits, or currency policy"
2018-04-04 11:22:03+00:00,2018-04-04 07:22:03-04:00,"We are not in a trade war with China, that war was lost many years ago by the foolish, or incompetent, people who represented the U.S. Now we have a Trade Deficit of $500 Billion a year, with Intellectual Property Theft of another $300 Billion. We cannot let this continue!",29367,121639,Trade_Tariff; China,"china, trade deficit, trade war",1,1,Pure_Trade_Tariff,"Genuine trade deals, tariffs, deficits, or currency policy"
2018-04-05 13:10:07+00:00,2018-04-05 09:10:07-04:00,"The Fake News Washington Post, Amazon’s “chief lobbyist,” has another (of many) phony headlines, “Trump Defiant As China Adds Trade Penalties.” WRONG! Should read, “Trump Defiant as U.S. Adds Trade Penalties, Will End Barriers And Massive  I.P. Theft.” Typically bad reporting!",19186,78137,China,china,0,0,Election_Political_Noise,Domestic 2020 election campaign attacks referencing China
2018-04-06 11:11:51+00:00,2018-04-06 07:11:51-04:00,"Despite the Aluminum Tariffs, Aluminum prices are DOWN 4%. People are surprised, I’m not! Lots of money coming into U.S. coffers and Jobs, Jobs, Jobs!",14869,68237,Trade_Tariff; Steel_Aluminum,"aluminum, tariffs",1,1,Pure_Trade_Tariff,"Genuine trade deals, tariffs, deficits, or currency policy"
2018-04-06 11:29:12+00:00,2018-04-06 07:29:12-04:00,"RT @realDonaldTrump: We are not in a trade war with China, that war was lost many years ago by the foolish, or incompetent, people who repr...",29367,0,Trade_Tariff; China,"china, trade war",1,1,Pure_Trade_Tariff,"Genuine trade deals, tariffs, deficits, or currency policy"
2018-04-06 14:32:43+00:00,2018-04-06 10:32:43-04:00,"China, which is a great economic power, is considered a Developing Nation within the World Trade Organization. They therefore get tremendous perks and advantages, especially over the U.S. Does anybody think this is fair. We were badly represented. The WTO is unfair to U.S.",19153,81223,China,china,1,1,Pure_Trade_Tariff,"Genuine trade deals, tariffs, deficits, or currency policy"
2018-04-07 18:03:56+00:00,2018-04-07 14:03:56-04:00,"The United States hasn’t had a Trade Surplus with China in 40 years. They must end unfair trade, take down barriers and charge only Reciprocal Tariffs. The U.S. is losing $500 Billion a year, and has been losing Billions of Dollars for decades. Cannot continue!",17471,76530,Trade_Tariff; China,"china, reciprocal, tariffs",1,1,Pure_Trade_Tariff,"Genuine trade deals, tariffs, deficits, or currency policy"
2018-04-08 12:12:35+00:00,2018-04-08 08:12:35-04:00,"President Xi and I will always be friends, no matter what happens with our dispute on trade. China will take down its Trade Barriers because it is the right thing to do. Taxes will become Reciprocal &amp, a deal will be made on Intellectual Property. Great future for both countries!",19052,91626,Trade_Tariff; China,"china, reciprocal",1,1,Pure_Trade_Tariff,"Genuine trade deals, tariffs, deficits, or currency policy"
2018-04-09 10:03:16+00:00,2018-04-09 06:03:16-04:00,"When a car is sent to the United States from China, there is a Tariff to be paid of 2 1/2%. When a car is sent to China from the United States, there is a Tariff to be paid of 25%. Does that sound like free or fair trade.  No, it sounds like STUPID TRADE -  going on for years!",37499,150891,Trade_Tariff; China,"china, tariff",1,1,Pure_Trade_Tariff,"Genuine trade deals, tariffs, deficits, or currency policy"
2018-04-10 05:51:08+00:00,2018-04-10 01:51:08-04:00,"Very thankful for President Xi of China’s kind words on tarrifs and automobile barriers...also, his enlightenment on intellectual property and technology transfers. We will make great progress together!",5869,24427,China,china,0,0,Diplomatic_General_Noise,General foreign relations / courtesy talks without tariff specifics
2018-04-10 18:30:38+00:00,2018-04-10 14:30:38-04:00,"Very thankful for President Xi of China’s kind words on tariffs and automobile barriers...also, his enlightenment on intellectual property and technology transfers. We will make great progress together!",17851,90527,Trade_Tariff; China,"china, tariffs",1,1,Pure_Trade_Tariff,"Genuine trade deals, tariffs, deficits, or currency policy"
2018-04-11 10:38:42+00:00,2018-04-11 06:38:42-04:00,"So much Fake News about what is going on in the White House. Very calm and calculated with a big focus on open and fair trade with China, the coming North Korea meeting and, of course, the vicious gas attack in Syria. Feels great to have Bolton &amp, Larry K on board. I (we) are",12588,58653,China,china,0,0,Election_Political_Noise,Domestic 2020 election campaign attacks referencing China
2018-04-16 12:31:02+00:00,2018-04-16 08:31:02-04:00,Russia and China are playing the Currency Devaluation game as the U.S. keeps raising interest rates. Not acceptable!,16922,83114,China; Fed_Monetary; FX_Currency,"china, devaluation, interest rates",1,0,Fed_Monetary_Policy,Federal Reserve interest rates and monetary policy pressure
2018-04-23 13:51:17+00:00,2018-04-23 09:51:17-04:00,"Mexico, whose laws on immigration are very tough, must stop people from going through Mexico and into the U.S. We may make this a condition of the new NAFTA Agreement. Our Country cannot accept what is happening! Also, we must get Wall funding fast.",20058,89906,Trade_Tariff,nafta,1,1,Pure_Trade_Tariff,"Genuine trade deals, tariffs, deficits, or currency policy"
2018-04-25 14:11:57+00:00,2018-04-25 10:11:57-04:00,"Looking forward to my meeting with Tim Cook of Apple. We will be talking about many things, including how the U.S. has been treated unfairly for many years, by many countries, on trade.",12528,73743,Target_Company_Tech,apple,1,0,Company_Tech_Target,Direct corporate target or 5G/tech supply chain restriction
2018-04-27 11:50:02+00:00,2018-04-27 07:50:02-04:00,"Please do not forget the great help that my good friend, President Xi of China, has given to the United States, particularly at the Border of North Korea. Without him it would have been a much longer, tougher, process!",19706,94832,China,china,0,0,Diplomatic_General_Noise,General foreign relations / courtesy talks without tariff specifics
2018-05-01 11:00:00+00:00,2018-05-01 07:00:00-04:00,"Delegation heading to China to begin talks on the Massive Trade Deficit that has been created with our Country. Very much like North Korea, this should have been fixed years ago, not now. Same with other countries and NAFTA...but it will all get done. Great Potential for USA!",14554,70878,Trade_Tariff; China,"china, nafta, trade deficit",1,1,Pure_Trade_Tariff,"Genuine trade deals, tariffs, deficits, or currency policy"
2018-05-02 11:45:08+00:00,2018-05-02 07:45:08-04:00,"There was no Collusion (it is a Hoax) and there is no Obstruction of Justice (that is a setup &amp, trap). What there is is Negotiations going on with North Korea over Nuclear War, Negotiations going on with China over Trade Deficits, Negotiations on NAFTA, and much more. Witch Hunt!",21316,92050,Trade_Tariff; China,"china, nafta",1,1,Pure_Trade_Tariff,"Genuine trade deals, tariffs, deficits, or currency policy"
2018-05-02 22:40:23+00:00,2018-05-02 18:40:23-04:00,"“This isn’t some game. You are screwing with the work of the president of the United States.”  John Dowd, March 2018.  With North Korea, China, the Middle East and so much more, there is not much time to be thinking about this, especially since there was no Russian “Collusion.”",18299,77677,China,china,0,0,Diplomatic_General_Noise,General foreign relations / courtesy talks without tariff specifics
2018-05-03 03:45:24+00:00,2018-05-02 23:45:24-04:00,Our great financial team is in China trying to negotiate a level playing field on trade! I look forward to being with President Xi in the not too distant future. We will always have a good (great) relationship!,12529,66702,China,china,0,0,Diplomatic_General_Noise,General foreign relations / courtesy talks without tariff specifics
2018-05-05 00:31:30+00:00,2018-05-04 20:31:30-04:00,"Our high level delegation is on the way back from China where they had long meetings with Chinese leaders and business representatives. We will be meeting tomorrow to determine the results, but it is hard for China in that they have become very spoiled with U.S. trade wins!",13799,68794,China,china,0,0,Diplomatic_General_Noise,General foreign relations / courtesy talks without tariff specifics
2018-05-08 11:22:53+00:00,2018-05-08 07:22:53-04:00,"I will be speaking to my friend, President Xi of China, this morning at 8:30. The primary topics will be Trade, where good things will happen, and North Korea, where relationships and trust are building.",13568,73719,China,china,0,0,Diplomatic_General_Noise,General foreign relations / courtesy talks without tariff specifics
2018-05-13 15:01:00+00:00,2018-05-13 11:01:00-04:00,"President Xi of China, and I, are working together to give massive Chinese phone company, ZTE, a way to get back into business, fast. Too many jobs in China lost. Commerce Department has been instructed to get it done!",14047,72061,China; Target_Company_Tech,"china, zte",1,1,Pure_Trade_Tariff,"Genuine trade deals, tariffs, deficits, or currency policy"
2018-05-13 19:22:03+00:00,2018-05-13 15:22:03-04:00,"China and the United States are working well together on trade, but past negotiations have been so one sided in favor of China, for so many years, that it is hard for them to make a deal that benefits both countries. But be cool, it will all work out!",15835,86256,China,china,0,0,Diplomatic_General_Noise,General foreign relations / courtesy talks without tariff specifics
2018-05-14 20:06:53+00:00,2018-05-14 16:06:53-04:00,"ZTE, the large Chinese phone company, buys a big percentage of individual parts from U.S. companies. This is also reflective of the larger trade deal we are negotiating with China and my personal relationship with President Xi.",9966,53873,Trade_Tariff; China; Target_Company_Tech,"china, trade deal, zte",1,1,Pure_Trade_Tariff,"Genuine trade deals, tariffs, deficits, or currency policy"
2018-05-15 12:35:30+00:00,2018-05-15 08:35:30-04:00,"Trade negotiations are continuing with China. They have been making hundreds of billions of dollars a year from the U.S., for many years. Stay tuned!",11815,66741,China,china,0,0,Diplomatic_General_Noise,General foreign relations / courtesy talks without tariff specifics
2018-05-16 13:09:19+00:00,2018-05-16 09:09:19-04:00,The Washington Post and CNN have typically written false stories about our trade negotiations with China. Nothing has happened with ZTE except as it pertains to the larger trade deal. Our country has been losing hundreds of billions of dollars a year with China...,10595,50058,Trade_Tariff; China; Target_Company_Tech,"china, trade deal, zte",1,1,Pure_Trade_Tariff,"Genuine trade deals, tariffs, deficits, or currency policy"
2018-05-16 13:09:20+00:00,2018-05-16 09:09:20-04:00,"...We have not seen China’s demands yet, which should be few in that previous U.S. Administrations have done so poorly in negotiating. China has seen our demands. There has been no folding as the media would love people to believe, the meetings...",7022,37546,China,china,0,0,Diplomatic_General_Noise,General foreign relations / courtesy talks without tariff specifics
2018-05-16 13:09:20+00:00,2018-05-16 09:09:20-04:00,"...haven’t even started yet! The U.S. has very little to give, because it has given so much over the years. China has much to give!",7481,40575,China,china,0,0,Diplomatic_General_Noise,General foreign relations / courtesy talks without tariff specifics
2018-05-17 21:27:52+00:00,2018-05-17 17:27:52-04:00,"Talking trade with the Vice Premier of the People’s Republic of China, Liu He. https://t.co/9T7Iq6F3Xe",6346,36982,China,china,0,0,Diplomatic_General_Noise,General foreign relations / courtesy talks without tariff specifics
2018-05-17 22:14:23+00:00,2018-05-17 18:14:23-04:00,"Tomorrow, the House will vote on a strong Farm Bill, which includes work requirements. We must support our Nation’s great farmers!",11402,62819,Agriculture_Retaliation,farmers,1,0,Agriculture_Farm_Aid,US farm aid packages and agricultural trade purchases
2018-05-21 11:21:29+00:00,2018-05-21 07:21:29-04:00,"I ask Senator Chuck Schumer, why didn’t President Obama &amp, the Democrats do something about Trade with China, including Theft of Intellectual Property etc.? They did NOTHING! With that being said, Chuck &amp, I have long agreed on this issue! Fair Trade, plus, with China will happen!",13865,66758,China,china,0,0,Election_Political_Noise,Domestic 2020 election campaign attacks referencing China
2018-05-21 11:27:42+00:00,2018-05-21 07:27:42-04:00,China has agreed to buy massive amounts of ADDITIONAL Farm/Agricultural Products - would be one of the best things to happen to our farmers in many years!,13796,68394,China; Agriculture_Retaliation,"china, farmers",1,0,Agriculture_Farm_Aid,US farm aid packages and agricultural trade purchases
2018-05-21 11:31:16+00:00,2018-05-21 07:31:16-04:00,"On China, Barriers and Tariffs to come down for first time.",9258,48795,Trade_Tariff; China,"china, tariffs",1,1,Pure_Trade_Tariff,"Genuine trade deals, tariffs, deficits, or currency policy"
2018-05-21 11:40:22+00:00,2018-05-21 07:40:22-04:00,"China must continue to be strong &amp, tight on the Border of North Korea until a deal is made. The word is that recently the Border has become much more porous and more has been filtering in. I want this to happen, and North Korea to be VERY successful, but only after signing!",10975,54757,China,china,0,0,Diplomatic_General_Noise,General foreign relations / courtesy talks without tariff specifics
2018-05-21 13:16:31+00:00,2018-05-21 09:16:31-04:00,"Under our potential deal with China, they will purchase from our Great American Farmers practically as much as our Farmers can produce.",16184,79162,China; Agriculture_Retaliation,"china, farmers",1,0,Agriculture_Farm_Aid,US farm aid packages and agricultural trade purchases
2018-05-23 11:55:35+00:00,2018-05-23 07:55:35-04:00,"Our Trade Deal with China is moving along nicely, but in the end we will probably have to use a different structure in that this will be too hard to get done and to verify results after completion.",9092,49053,Trade_Tariff; China,"china, trade deal",1,1,Pure_Trade_Tariff,"Genuine trade deals, tariffs, deficits, or currency policy"
2018-05-25 23:07:19+00:00,2018-05-25 19:07:19-04:00,"Senator Schumer and Obama Administration let phone company ZTE flourish with no security checks. I closed it down then let it reopen with high level security guarantees, change of management and board, must purchase U.S. parts and pay a $1.3 Billion fine. Dems do nothing....",19553,79535,Target_Company_Tech,zte,1,0,Company_Tech_Target,Direct corporate target or 5G/tech supply chain restriction
2018-05-27 20:32:33+00:00,2018-05-27 16:32:33-04:00,"Why didn’t President Obama do something about the so-called Russian Meddling when he was told about it by the FBI before the Election? Because he thought Crooked Hillary was going to win, and he didn’t want to upset the apple cart! He was in charge, not me, and did nothing.",27273,107482,Target_Company_Tech,apple,1,0,Company_Tech_Target,Direct corporate target or 5G/tech supply chain restriction
2018-05-29 10:07:26+00:00,2018-05-29 06:07:26-04:00,"Democrats mistakenly tweet 2014 pictures from Obama’s term showing children from the Border in steel cages. They thought it was recent pictures in order to make us look bad, but backfires. Dems must agree to Wall and new Border Protection for good of country...Bipartisan Bill!",23260,88312,Steel_Aluminum,steel,1,0,Steel_Aluminum_Industry,Domestic steel and aluminum industry protection/jobs
2018-06-01 13:18:21+00:00,2018-06-01 09:18:21-04:00,"Canada has treated our Agricultural business and Farmers very poorly for a very long period of time. Highly restrictive on Trade! They must open their markets and take down their trade barriers! They report a really high surplus on trade with us. Do Timber &amp, Lumber in U.S.?",15241,69470,Agriculture_Retaliation,farmers,1,0,Agriculture_Farm_Aid,US farm aid packages and agricultural trade purchases
2018-06-02 16:35:14+00:00,2018-06-02 12:35:14-04:00,Very surprised that China would be doing this? https://t.co/D03kV07dF7,5969,28079,China,china,0,0,Diplomatic_General_Noise,General foreign relations / courtesy talks without tariff specifics
2018-06-02 20:57:30+00:00,2018-06-02 16:57:30-04:00,"Why is it that the Wall Street Journal, though well meaning, never mentions the unfairness of the Tariffs routinely charged against the U.S. by other countries, or the many Billions of Dollars that the Tariffs we are now charging are, and will be, pouring into U.S. coffers?",15184,68394,Trade_Tariff,tariffs,1,1,Pure_Trade_Tariff,"Genuine trade deals, tariffs, deficits, or currency policy"
2018-06-02 21:23:15+00:00,2018-06-02 17:23:15-04:00,"When you’re almost 800 Billion Dollars a year down on Trade, you can’t lose a Trade War! The U.S. has been ripped off by other countries for years on Trade, time to get smart!",24032,110492,Trade_Tariff,trade war,1,1,Pure_Trade_Tariff,"Genuine trade deals, tariffs, deficits, or currency policy"
2018-06-04 12:41:47+00:00,2018-06-04 08:41:47-04:00,China already charges a tax of 16% on soybeans. Canada has all sorts of trade barriers on our Agricultural products. Not acceptable!,11407,54967,China; Agriculture_Retaliation,"china, soybeans",1,0,Agriculture_Farm_Aid,US farm aid packages and agricultural trade purchases
2018-06-04 13:47:43+00:00,2018-06-04 09:47:43-04:00,"Farmers have not been doing well for 15 years. Mexico, Canada, China and others have treated them unfairly. By the time I finish trade talks, that will change. Big trade barriers against U.S. farmers, and other businesses, will finally be broken. Massive trade deficits no longer!",15694,69736,China; Agriculture_Retaliation,"china, farmers",1,1,Pure_Trade_Tariff,"Genuine trade deals, tariffs, deficits, or currency policy"
2018-06-07 22:04:04+00:00,2018-06-07 18:04:04-04:00,"Please tell Prime Minister Trudeau and President Macron that they are charging the U.S. massive tariffs and create non-monetary barriers. The EU trade surplus with the U.S. is $151 Billion, and Canada keeps our farmers and others out. Look forward to seeing them tomorrow.",18763,77840,Trade_Tariff; Agriculture_Retaliation,"farmers, tariffs",1,1,Pure_Trade_Tariff,"Genuine trade deals, tariffs, deficits, or currency policy"
2018-06-07 23:44:47+00:00,2018-06-07 19:44:47-04:00,"Prime Minister Trudeau is being so indignant, bringing up the relationship that the U.S. and Canada had over the many years and all sorts of other things...but he doesn’t bring up the fact that they charge us up to 300% on dairy — hurting our Farmers, killing our Agriculture!",23830,92825,Agriculture_Retaliation,farmers,1,0,Agriculture_Farm_Aid,US farm aid packages and agricultural trade purchases
2018-06-08 02:15:37+00:00,2018-06-07 22:15:37-04:00,"Why isn’t the European Union and Canada informing the public that for years they have used massive Trade Tariffs and non-monetary Trade Barriers against the U.S. Totally unfair to our farmers, workers &amp, companies. Take down your tariffs &amp, barriers or we will more than match you!",21381,82815,Trade_Tariff; Agriculture_Retaliation,"farmers, tariffs",1,1,Pure_Trade_Tariff,"Genuine trade deals, tariffs, deficits, or currency policy"
2018-06-08 10:16:39+00:00,2018-06-08 06:16:39-04:00,"Canada charges the U.S. a 270%  tariff on Dairy Products! They didn’t tell you that, did they? Not fair to our farmers!",20867,80266,Trade_Tariff; Agriculture_Retaliation,"farmers, tariff",1,1,Pure_Trade_Tariff,"Genuine trade deals, tariffs, deficits, or currency policy"
2018-06-09 20:56:33+00:00,2018-06-09 16:56:33-04:00,Just left the @G7 Summit in beautiful Canada. Great meetings and relationships with the six Country Leaders especially since they know I cannot allow them to apply large Tariffs and strong barriers to...,9189,51165,Trade_Tariff,tariffs,1,1,Pure_Trade_Tariff,"Genuine trade deals, tariffs, deficits, or currency policy"
2018-06-09 20:56:34+00:00,2018-06-09 16:56:34-04:00,"...U.S.A. Trade. They fully understand where I am coming from. After many decades, fair and reciprocal Trade will happen!",8876,47841,Trade_Tariff,reciprocal,1,1,Pure_Trade_Tariff,"Genuine trade deals, tariffs, deficits, or currency policy"
2018-06-09 20:57:12+00:00,2018-06-09 16:57:12-04:00,"The United States will not allow other countries to impose massive Tariffs and Trade Barriers on its farmers, workers and companies. While sending their product into our country tax free. We have put up with Trade Abuse for many decades — and that is long enough.",23916,106655,Trade_Tariff; Agriculture_Retaliation,"farmers, tariffs",1,1,Pure_Trade_Tariff,"Genuine trade deals, tariffs, deficits, or currency policy"
2018-06-09 23:03:16+00:00,2018-06-09 19:03:16-04:00,"Based on Justin’s false statements at his news conference, and the fact that Canada is charging massive Tariffs to our U.S. farmers, workers and companies, I have instructed our U.S. Reps not to endorse the Communique as we look at Tariffs on automobiles flooding the U.S. Market!",26124,111047,Trade_Tariff; Agriculture_Retaliation,"farmers, tariffs",1,1,Pure_Trade_Tariff,"Genuine trade deals, tariffs, deficits, or currency policy"
2018-06-09 23:04:54+00:00,2018-06-09 19:04:54-04:00,"PM Justin Trudeau of Canada acted so meek and mild during our @G7 meetings only to give a news conference after I left saying that, “US Tariffs were kind of insulting” and he “will not be pushed around.” Very dishonest &amp, weak. Our Tariffs are in response to his of 270% on dairy!",27539,105700,Trade_Tariff,tariffs,1,1,Pure_Trade_Tariff,"Genuine trade deals, tariffs, deficits, or currency policy"
2018-06-11 01:05:07+00:00,2018-06-10 21:05:07-04:00,"Fair Trade is now to be called Fool Trade if it is not Reciprocal. According to a Canada release, they make almost 100 Billion Dollars in Trade with U.S. (guess they were bragging and got caught!). Minimum is 17B. Tax Dairy from us at 270%. Then Justin acts hurt when called out!",21301,89023,Trade_Tariff,reciprocal,1,1,Pure_Trade_Tariff,"Genuine trade deals, tariffs, deficits, or currency policy"
2018-06-11 01:17:17+00:00,2018-06-10 21:17:17-04:00,"Why should I, as President of the United States, allow countries to continue to make Massive Trade Surpluses, as they have for decades, while our Farmers, Workers &amp, Taxpayers have such a big and unfair price to pay? Not fair to the PEOPLE of America! $800 Billion Trade Deficit...",26786,121646,Trade_Tariff; Agriculture_Retaliation,"farmers, trade deficit",1,1,Pure_Trade_Tariff,"Genuine trade deals, tariffs, deficits, or currency policy"
2018-06-21 20:46:10+00:00,2018-06-21 16:46:10-04:00,Farm Bill just passed in the House. So happy to see work requirements included. Big win for the farmers!,12551,65639,Agriculture_Retaliation,farmers,1,0,Agriculture_Farm_Aid,US farm aid packages and agricultural trade purchases
2018-06-22 02:25:01+00:00,2018-06-21 22:25:01-04:00,"Based on the Tariffs and Trade Barriers long placed on the U.S. and it great companies and workers by the European Union, if these Tariffs and Barriers are not soon broken down and removed, we will be placing a 20% Tariff on all of their cars coming into the U.S. Build them here!",14415,55360,Trade_Tariff,"tariff, tariffs",1,1,Pure_Trade_Tariff,"Genuine trade deals, tariffs, deficits, or currency policy"
2018-06-23 00:34:33+00:00,2018-06-22 20:34:33-04:00,"Based on the Tariffs and Trade Barriers long placed on the U.S. &amp, its great companies and workers by the European Union, if these Tariffs and Barriers are not soon broken down and removed, we will be placing a 20% Tariff on all of their cars coming into the U.S. Build them here!",15693,74412,Trade_Tariff,"tariff, tariffs",1,1,Pure_Trade_Tariff,"Genuine trade deals, tariffs, deficits, or currency policy"
2018-06-23 11:15:33+00:00,2018-06-23 07:15:33-04:00,Steel is coming back fast! U.S. Steel is adding great capacity also. So are others. https://t.co/0Pzwjg3Vxn,9495,43638,Steel_Aluminum,steel,1,0,Steel_Aluminum_Industry,Domestic steel and aluminum industry protection/jobs
2018-06-24 20:12:25+00:00,2018-06-24 16:12:25-04:00,"The United States is insisting that all countries that have placed artificial Trade Barriers and Tariffs on goods going into their country, remove those Barriers &amp, Tariffs or be met with more than Reciprocity by the U.S.A. Trade must be fair and no longer a one way street!",22268,96967,Trade_Tariff,tariffs,1,1,Pure_Trade_Tariff,"Genuine trade deals, tariffs, deficits, or currency policy"
2018-06-25 21:28:06+00:00,2018-06-25 17:28:06-04:00,"Surprised that Harley-Davidson, of all companies, would be the first to wave the White Flag. I fought hard for them and ultimately they will not pay tariffs selling into the E.U., which has hurt us badly on trade, down $151 Billion. Taxes just a Harley excuse - be patient!  #MAGA",14042,64661,Trade_Tariff,tariffs,1,1,Pure_Trade_Tariff,"Genuine trade deals, tariffs, deficits, or currency policy"
2018-06-26 11:16:36+00:00,2018-06-26 07:16:36-04:00,"Early this year Harley-Davidson said they would move much of their plant operations in Kansas City to Thailand. That was long before Tariffs were announced. Hence, they were just using Tariffs/Trade War as an excuse. Shows how unbalanced &amp, unfair trade is, but we will fix it.....",11857,56553,Trade_Tariff,"tariffs, trade war",1,1,Pure_Trade_Tariff,"Genuine trade deals, tariffs, deficits, or currency policy"
2018-06-26 11:25:01+00:00,2018-06-26 07:25:01-04:00,"....We are getting other countries to reduce and eliminate tariffs and trade barriers that have been unfairly used for years against our farmers, workers and companies. We are opening up closed markets and expanding our footprint. They must play fair or they will pay tariffs!",11583,56672,Trade_Tariff; Agriculture_Retaliation,"farmers, tariffs",1,1,Pure_Trade_Tariff,"Genuine trade deals, tariffs, deficits, or currency policy"
2018-06-26 11:37:51+00:00,2018-06-26 07:37:51-04:00,"....When I had Harley-Davidson officials over to the White House, I chided them about tariffs in other countries, like India, being too high. Companies are now coming back to America. Harley must know that they won’t be able to sell back into U.S. without paying a big tax!",9888,49725,Trade_Tariff,tariffs,1,1,Pure_Trade_Tariff,"Genuine trade deals, tariffs, deficits, or currency policy"
2018-06-26 11:49:57+00:00,2018-06-26 07:49:57-04:00,....We are finishing our study of Tariffs on cars from the E.U. in that they have long taken advantage of the U.S. in the form of Trade Barriers and Tariffs. In the end it will all even out - and it won’t take very long!,9946,50334,Trade_Tariff,tariffs,1,1,Pure_Trade_Tariff,"Genuine trade deals, tariffs, deficits, or currency policy"
2018-07-09 14:25:06+00:00,2018-07-09 10:25:06-04:00,"I have confidence that Kim Jong Un will honor the contract we signed &amp,, even more importantly, our handshake. We agreed to the denuclearization of North Korea. China, on the other hand, may be exerting negative pressure on a deal because of our posture on Chinese Trade-Hope Not!",15862,78725,China,china,0,0,Diplomatic_General_Noise,General foreign relations / courtesy talks without tariff specifics
2018-07-10 09:35:05+00:00,2018-07-10 05:35:05-04:00,"Getting ready to leave for Europe. First meeting - NATO. The U.S. is spending many times more than any other country in order to protect them. Not fair to the U.S. taxpayer. On top of that we lose $151 Billion on Trade with the European Union. Charge us big Tariffs (&amp, Barriers)!",12274,60726,Trade_Tariff,tariffs,1,1,Pure_Trade_Tariff,"Genuine trade deals, tariffs, deficits, or currency policy"
2018-07-10 18:52:21+00:00,2018-07-10 14:52:21-04:00,"The European Union makes it impossible for our farmers and workers and companies to do business in Europe (U.S. has a $151 Billion trade deficit), and then they want us to happily defend them through NATO, and nicely pay for it. Just doesn’t work!",19278,84540,Trade_Tariff; Agriculture_Retaliation,"farmers, trade deficit",1,1,Pure_Trade_Tariff,"Genuine trade deals, tariffs, deficits, or currency policy"
2018-07-11 12:40:31+00:00,2018-07-11 08:40:31-04:00,"I am in Brussels, but always thinking about our farmers. Soy beans fell 50% from 2012 to my election. Farmers have done poorly for 15 years. Other countries’ trade barriers and tariffs have been destroying their businesses. I will open...",13776,69029,Trade_Tariff; Agriculture_Retaliation,"farmers, tariffs",1,1,Pure_Trade_Tariff,"Genuine trade deals, tariffs, deficits, or currency policy"
2018-07-11 12:40:32+00:00,2018-07-11 08:40:32-04:00,"...things up, better than ever before, but it can’t go too quickly. I am fighting for a level playing field for our farmers, and will win!",10853,60340,Agriculture_Retaliation,farmers,1,0,Agriculture_Farm_Aid,US farm aid packages and agricultural trade purchases
2018-07-11 21:10:31+00:00,2018-07-11 17:10:31-04:00,"RT @realDonaldTrump: I am in Brussels, but always thinking about our farmers. Soy beans fell 50% from 2012 to my election. Farmers have don...",13776,0,Agriculture_Retaliation,farmers,1,0,Agriculture_Farm_Aid,US farm aid packages and agricultural trade purchases
2018-07-18 11:03:05+00:00,2018-07-18 07:03:05-04:00,“A lot of Democrats wished they voted for the Tax Cuts because the economy is booming - we could have 4% growth now and the Fed said yesterday that unemployment could drop again.”  @foxandfriends  @kilmeade,12806,60719,Fed_Monetary,fed,1,0,Fed_Monetary_Policy,Federal Reserve interest rates and monetary policy pressure
2018-07-20 12:43:05+00:00,2018-07-20 08:43:05-04:00,"China, the European Union and others have been manipulating their currencies and interest rates lower, while the U.S. is raising rates while the dollars gets stronger and stronger with each passing day - taking away our big competitive edge. As usual, not a level playing field...",13574,60138,China; Fed_Monetary,"china, interest rates",1,0,Fed_Monetary_Policy,Federal Reserve interest rates and monetary policy pressure
2018-07-20 12:51:45+00:00,2018-07-20 08:51:45-04:00,"....The United States should not be penalized because we are doing so well. Tightening now hurts all that we have done. The U.S. should be allowed to recapture what was lost due to illegal currency manipulation and BAD Trade Deals. Debt coming due &amp, we are raising rates - Really?",16056,74790,FX_Currency,currency manipulation,1,1,Pure_Trade_Tariff,"Genuine trade deals, tariffs, deficits, or currency policy"
2018-07-20 13:04:44+00:00,2018-07-20 09:04:44-04:00,Farmers have been on a downward trend for 15 years. The price of soybeans has fallen 50% since 5 years before the Election. A big reason is bad (terrible) Trade Deals with other countries. They put on massive Tariffs and Barriers. Canada charges 275% on Dairy. Farmers will WIN!,14954,64899,Trade_Tariff; Agriculture_Retaliation,"farmers, soybeans, tariffs",1,1,Pure_Trade_Tariff,"Genuine trade deals, tariffs, deficits, or currency policy"
2018-07-24 11:29:50+00:00,2018-07-24 07:29:50-04:00,"Tariffs are the greatest! Either a country which has treated the United States unfairly on Trade negotiates a fair deal, or it gets hit with Tariffs. It’s as simple as that - and everybody’s talking! Remember, we are the “piggy bank” that’s being robbed. All will be Great!",17113,80214,Trade_Tariff,tariffs,1,1,Pure_Trade_Tariff,"Genuine trade deals, tariffs, deficits, or currency policy"
2018-07-25 00:08:01+00:00,2018-07-24 20:08:01-04:00,"The European Union is coming to Washington tomorrow to negotiate a deal on Trade. I have an idea for them. Both the U.S. and the E.U. drop all Tariffs, Barriers and Subsidies! That would finally be called Free Market and Fair Trade! Hope they do it, we are ready - but they won’t!",25051,103485,Trade_Tariff,tariffs,1,1,Pure_Trade_Tariff,"Genuine trade deals, tariffs, deficits, or currency policy"
2018-07-25 11:01:05+00:00,2018-07-25 07:01:05-04:00,"Every time I see a weak politician asking to stop Trade talks or the use of Tariffs to counter unfair Tariffs, I wonder, what can they be thinking? Are we just going to continue and let our farmers and country get ripped off?  Lost $817 Billion on Trade last year. No weakness!",17076,75657,Trade_Tariff; Agriculture_Retaliation,"farmers, tariffs",1,1,Pure_Trade_Tariff,"Genuine trade deals, tariffs, deficits, or currency policy"
2018-07-25 11:20:28+00:00,2018-07-25 07:20:28-04:00,"China is targeting our farmers, who they know I love &amp, respect, as a way of getting me to continue allowing them to take advantage of the U.S. They are being vicious in what will be their failed attempt. We were being nice - until now! China made $517 Billion on us last year.",16740,70325,China; Agriculture_Retaliation,"china, farmers",1,0,Agriculture_Farm_Aid,US farm aid packages and agricultural trade purchases
2018-07-25 23:42:23+00:00,2018-07-25 19:42:23-04:00,"Great meeting on Trade today with @JunckerEU and representatives of the European Union. We have come to a very strong understanding and are all believers in no tariffs, no barriers and no subsidies. Work on documents has already started and the process is moving...",10347,51594,Trade_Tariff,tariffs,1,1,Pure_Trade_Tariff,"Genuine trade deals, tariffs, deficits, or currency policy"
2018-07-26 01:07:28+00:00,2018-07-25 21:07:28-04:00,"European Union representatives told me that they would start buying soybeans from our great farmers immediately. Also, they will be buying vast amounts of LNG!",16038,77900,Agriculture_Retaliation,"farmers, soybeans",1,0,Agriculture_Farm_Aid,US farm aid packages and agricultural trade purchases
2018-07-27 02:37:00+00:00,2018-07-26 22:37:00-04:00,America is OPEN FOR BUSINESS and U.S. Steel is back! https://t.co/lJTcr6JHBW,17517,77465,Steel_Aluminum,steel,1,0,Steel_Aluminum_Industry,Domestic steel and aluminum industry protection/jobs
2018-07-27 11:26:20+00:00,2018-07-27 07:26:20-04:00,"Arrived back in Washington last night from a very emotional reopening of a major U.S. Steel plant in Granite City, Illinois, only to be greeted with the ridiculous news that the highly conflicted Robert Mueller and his gang of 13 Angry Democrats obviously cannot find Collusion...",14928,70079,Steel_Aluminum,steel,1,0,Steel_Aluminum_Industry,Domestic steel and aluminum industry protection/jobs
2018-07-29 12:42:52+00:00,2018-07-29 08:42:52-04:00,"The biggest and best results coming out of the good GDP report was that the quarterly Trade Deficit has been reduced by $52 Billion and, of course, the historically low unemployment numbers, especially for African Americans, Hispanics, Asians and Women.",17206,76018,Trade_Tariff,trade deficit,1,1,Pure_Trade_Tariff,"Genuine trade deals, tariffs, deficits, or currency policy"
2018-07-30 12:06:39+00:00,2018-07-30 08:06:39-04:00,"RT @GOPChairwoman: “David Burritt, U.S. Steel's president and CEO, said the company was experiencing a ‘renaissance’ and credited @realDona...",10036,0,Steel_Aluminum,steel,1,0,Steel_Aluminum_Industry,Domestic steel and aluminum industry protection/jobs
2018-08-02 18:55:23+00:00,2018-08-02 14:55:23-04:00,"Pennsylvania has to love Trump because unlike all of the others before me, I am bringing STEEL BACK in a VERY BIG way. Plants opening up in Pennsylvania, and all over the Country, and Congressman Lou Barletta, who is running for the Senate in Pennsylvania, is really helping!",13653,68803,Steel_Aluminum,steel,1,0,Steel_Aluminum_Industry,Domestic steel and aluminum industry protection/jobs
2018-08-02 18:57:44+00:00,2018-08-02 14:57:44-04:00,When the House and Senate meet on the very important Farm Bill – we love our farmers - hopefully they will be able to leave the WORK REQUIREMENTS FOR FOOD STAMPS PROVISION that the House approved. Senate should go to 51 votes!,10983,54036,Agriculture_Retaliation,farmers,1,0,Agriculture_Farm_Aid,US farm aid packages and agricultural trade purchases
2018-08-03 22:43:03+00:00,2018-08-03 18:43:03-04:00,"NASA, which is making a BIG comeback under the Trump Administration, has just named 9 astronauts for Boeing and Spacex space flights. We have the greatest facilities in the world and we are now letting the private sector pay to use them. Exciting things happening. Space Force!",13950,69402,Target_Company_Tech,boeing,1,0,Company_Tech_Target,Direct corporate target or 5G/tech supply chain restriction
2018-08-04 19:47:40+00:00,2018-08-04 15:47:40-04:00,"Tariffs are working far better than anyone ever anticipated. China market has dropped 27% in last 4months, and they are talking to us. Our market is stronger than ever, and will go up dramatically when these horrible Trade Deals are successfully renegotiated. America First.......",15997,74037,Trade_Tariff; China,"china, tariffs",1,1,Pure_Trade_Tariff,"Genuine trade deals, tariffs, deficits, or currency policy"
2018-08-04 19:53:22+00:00,2018-08-04 15:53:22-04:00,"....Tariffs have had a tremendous positive impact on our Steel Industry. Plants are opening all over the U.S., Steelworkers are working again, and big dollars are flowing into our Treasury. Other countries use Tariffs against, but when we use them, foolish people scream!",10849,52128,Trade_Tariff; Steel_Aluminum,"steel, tariffs",1,1,Pure_Trade_Tariff,"Genuine trade deals, tariffs, deficits, or currency policy"
2018-08-04 19:58:06+00:00,2018-08-04 15:58:06-04:00,"....Tariffs will make our country much richer than it is today. Only fools would disagree. We are using them to negotiate fair trade deals and, if countries are still unwilling to negotiate, they will pay us vast sums of money in the form of Tariffs. We win either way......",14168,69129,Trade_Tariff,tariffs,1,1,Pure_Trade_Tariff,"Genuine trade deals, tariffs, deficits, or currency policy"
2018-08-04 20:03:39+00:00,2018-08-04 16:03:39-04:00,"....China, which is for the first time doing poorly against us, is spending a fortune on ads and P.R. trying to convince and scare our politicians to fight me on Tariffs- because they are really hurting their economy. Likewise other countries. We are Winning, but must be strong!",13054,59100,Trade_Tariff; China,"china, tariffs",1,1,Pure_Trade_Tariff,"Genuine trade deals, tariffs, deficits, or currency policy"
2018-08-05 11:59:29+00:00,2018-08-05 07:59:29-04:00,"Tariffs are working big time. Every country on earth wants to take wealth out of the U.S., always to our detriment. I say, as they come,Tax them. If they don’t want to be taxed, let them make or build the product in the U.S. In either event, it means jobs and great wealth.....",13178,64105,Trade_Tariff,tariffs,1,1,Pure_Trade_Tariff,"Genuine trade deals, tariffs, deficits, or currency policy"
2018-08-05 12:06:25+00:00,2018-08-05 08:06:25-04:00,"..Because of Tariffs we will be able to start paying down large amounts of the $21 Trillion in debt that has been accumulated, much by the Obama Administration, while at the same time reducing taxes for our people. At minimum, we will make much better Trade Deals for our country!",15680,69841,Trade_Tariff,tariffs,1,1,Pure_Trade_Tariff,"Genuine trade deals, tariffs, deficits, or currency policy"
2018-08-08 15:25:55+00:00,2018-08-08 11:25:55-04:00,"As long as I campaign and/or support Senate and House candidates (within reason), they will win! I LOVE the people, &amp, they certainly seem to like the job I’m doing. If I find the time, in between China, Iran, the Economy and much more, which I must, we will have a giant Red Wave!",16908,81138,China,china,0,0,Diplomatic_General_Noise,General foreign relations / courtesy talks without tariff specifics
2018-08-10 12:47:42+00:00,2018-08-10 08:47:42-04:00,"I have just authorized a doubling of Tariffs on Steel and Aluminum with respect to Turkey as their currency, the Turkish Lira, slides rapidly downward against our very strong Dollar! Aluminum will now be 20% and Steel 50%. Our relations with Turkey are not good at this time!",29458,103039,Trade_Tariff; Steel_Aluminum; FX_Currency,"aluminum, steel, strong dollar, tariffs",1,1,Pure_Trade_Tariff,"Genuine trade deals, tariffs, deficits, or currency policy"
2018-08-10 22:47:45+00:00,2018-08-10 18:47:45-04:00,"Had a very good phone call with @EmmanuelMacron, President of France. Discussed various subjects, in particular Security and Trade. Many other calls and conversations today. Looking forward to dinner tonight with Tim Cook of Apple. He is investing big dollars in U.S.A.",13009,68453,Target_Company_Tech,apple,1,0,Company_Tech_Target,Direct corporate target or 5G/tech supply chain restriction
2018-08-10 23:12:58+00:00,2018-08-10 19:12:58-04:00,Deal with Mexico is coming along nicely. Autoworkers and farmers must be taken care of or there will be no deal. New President of Mexico has been an absolute gentleman. Canada must wait. Their Tariffs and Trade Barriers are far too high. Will tax cars if we can’t make a deal!,19743,86357,Trade_Tariff; Agriculture_Retaliation,"farmers, tariffs",1,1,Pure_Trade_Tariff,"Genuine trade deals, tariffs, deficits, or currency policy"
2018-08-13 17:11:21+00:00,2018-08-13 13:11:21-04:00,"Brooks Koepka just won his third Golf Major, and he did it not only with his powerful game, but with his powerful mind. He has been a man of steel on the Tour and will have many Victories, including Majors, ahead of him. Congrats to Brooks and his great team on a job well done!",8181,60452,Steel_Aluminum,steel,1,0,Steel_Aluminum_Industry,Domestic steel and aluminum industry protection/jobs
2018-08-15 15:04:16+00:00,2018-08-15 11:04:16-04:00,"Our Country was built on Tariffs, and Tariffs are now leading us to great new Trade Deals - as opposed to the horrible and unfair Trade Deals that I inherited as your President. Other Countries should not be allowed to come in and steal the wealth of our great U.S.A. No longer!",15903,70158,Trade_Tariff,tariffs,1,1,Pure_Trade_Tariff,"Genuine trade deals, tariffs, deficits, or currency policy"
2018-08-18 01:37:58+00:00,2018-08-17 21:37:58-04:00,"“Bruce Ohr of DOJ is in legal jeopardy, it’s astonishingthat he’s still employed. Bruce &amp, Nelly Ohr’s bank account is getting fatter &amp, fatter because of the Dossier that they are both peddling. He doesn’t disclose it under Fed Regs. Using your Federal office for personal.......",2091,6214,Fed_Monetary,fed,1,0,Fed_Monetary_Policy,Federal Reserve interest rates and monetary policy pressure
2018-08-18 01:46:26+00:00,2018-08-17 21:46:26-04:00,"“Bruce Ohr of DOJ is in legal jeopardy, it’s astonishing that he’s still employed. Bruce &amp, Nelly Ohr’s bank account is getting fatter &amp, fatter because of the Dossier that they are both peddling. He doesn’t disclose it under Fed Regs. Using your Federal office for personal.......",17074,65947,Fed_Monetary,fed,1,0,Fed_Monetary_Policy,Federal Reserve interest rates and monetary policy pressure
2018-08-18 11:46:14+00:00,2018-08-18 07:46:14-04:00,"All of the fools that are so focused on looking only at Russia should start also looking in another direction, China. But in the end, if we are smart, tough and well prepared, we will get along with everyone!",16183,73573,China,china,0,0,Diplomatic_General_Noise,General foreign relations / courtesy talks without tariff specifics
2018-08-20 17:14:59+00:00,2018-08-20 13:14:59-04:00,"It is outrageous that Poisonous Synthetic Heroin Fentanyl comes pouring into the U.S. Postal System from China. We can, and must, END THIS NOW! The Senate should pass the STOP ACT – and firmly STOP this poison from killing our children and destroying our country. No more delay!",23153,89183,China,china,0,0,Diplomatic_General_Noise,General foreign relations / courtesy talks without tariff specifics
2018-08-23 02:18:54+00:00,2018-08-22 22:18:54-04:00,I have asked Secretary of State @MikePompeo4USA to closely study the South Africa land and farm seizures and expropriations and the large scale killing of farmers. “South African Government is now seizing land from white farmers.” @TuckerCarlson  @FoxNews,2761,7328,Agriculture_Retaliation,farmers,1,0,Agriculture_Farm_Aid,US farm aid packages and agricultural trade purchases
2018-08-23 02:28:45+00:00,2018-08-22 22:28:45-04:00,I have asked Secretary of State @SecPompeo to closely study the South Africa land and farm seizures and expropriations and the large scale killing of farmers. “South African Government is now seizing land from white farmers.” @TuckerCarlson @FoxNews,35724,112818,Agriculture_Retaliation,farmers,1,0,Agriculture_Farm_Aid,US farm aid packages and agricultural trade purchases
2018-08-24 17:36:01+00:00,2018-08-24 13:36:01-04:00,"...Additionally, because of our much tougher Trading stance with China, I do not believe they are helping with the process of denuclearization as they once were (despite the UN Sanctions which are in place)...",9127,45897,China,china,0,0,Diplomatic_General_Noise,General foreign relations / courtesy talks without tariff specifics
2018-08-24 17:36:02+00:00,2018-08-24 13:36:02-04:00,"...Secretary Pompeo looks forward to going to North Korea in the near future, most likely after our Trading relationship with China is resolved. In the meantime I would like to send my warmest regards and respect to Chairman Kim. I look forward to seeing him soon!",10168,49286,China,china,0,0,Diplomatic_General_Noise,General foreign relations / courtesy talks without tariff specifics
2018-08-28 14:21:08+00:00,2018-08-28 10:21:08-04:00,I smile at Senators and others talking about how good free trade is for the U.S. What they don’t say is that we lose Jobs and over 800 Billion Dollars a year on really dumb Trade Deals....and these same countries Tariff us to death. These lawmakers are just fine with this!,19362,76968,Trade_Tariff,tariff,1,1,Pure_Trade_Tariff,"Genuine trade deals, tariffs, deficits, or currency policy"
2018-08-29 01:16:58+00:00,2018-08-28 21:16:58-04:00,"Report just out: “China hacked Hillary Clinton’s private Email Server.” Are they sure it wasn’t Russia (just kidding!)? What are the odds that the FBI and DOJ are right on top of this? Actually, a very big story. Much classified information!",30520,106803,China,china,0,0,Diplomatic_General_Noise,General foreign relations / courtesy talks without tariff specifics
2018-08-29 02:19:58+00:00,2018-08-28 22:19:58-04:00,"Our new Trade Deal with Mexico focuses on FARMERS, GROWTH for our country, tearing down TRADE BARRIERS, JOBS and having companies continue to POUR BACK INTO OUR COUNTRY. It will be a big hit!",15053,67690,Trade_Tariff; Agriculture_Retaliation,"farmers, trade deal",1,1,Pure_Trade_Tariff,"Genuine trade deals, tariffs, deficits, or currency policy"
2018-08-29 04:11:45+00:00,2018-08-29 00:11:45-04:00,"Hillary Clinton’s Emails, many of which are Classified Information, got hacked by China. Next move better be by the FBI &amp, DOJ or, after all of their other missteps (Comey, McCabe, Strzok, Page, Ohr, FISA, Dirty Dossier etc.), their credibility will be forever gone!",25987,85513,China,china,0,0,Diplomatic_General_Noise,General foreign relations / courtesy talks without tariff specifics
2018-08-29 21:23:08+00:00,2018-08-29 17:23:08-04:00,"STATEMENT FROM THE WHITE HOUSEPresident Donald J. Trump feels strongly that North Korea is under tremendous pressure from China because of our major trade disputes with the Chinese Government. At the same time, we also know that China is providing North Korea with...",12518,51825,China,china,0,0,Diplomatic_General_Noise,General foreign relations / courtesy talks without tariff specifics
2018-08-29 21:23:10+00:00,2018-08-29 17:23:10-04:00,"...of money on joint U.S.-South Korea war games. Besides, the President can instantly start the joint exercises again with South Korea, and Japan, if he so chooses. If he does, they will be far bigger than ever before. As for the U.S.–China trade disputes, and other...",8097,38095,China,china,0,0,Diplomatic_General_Noise,General foreign relations / courtesy talks without tariff specifics
2018-08-29 21:23:10+00:00,2018-08-29 17:23:10-04:00,"...differences, they will be resolved in time by President Trump and China’s great President Xi Jinping. Their relationship and bond remain very strong.",8443,40508,China,"china, xi jinping",0,0,Diplomatic_General_Noise,General foreign relations / courtesy talks without tariff specifics
2018-09-01 03:00:35+00:00,2018-08-31 23:00:35-04:00,"There is no political necessity to keep Canada in the new NAFTA deal. If we don’t make a fair deal for the U.S. after decade of abuse, Canada will be out. Congress should not interfere with these negotiations or I will simply terminate NAFTA entirely &amp, we will be far better off..",916,2954,Trade_Tariff,nafta,1,1,Pure_Trade_Tariff,"Genuine trade deals, tariffs, deficits, or currency policy"
2018-09-01 15:03:28+00:00,2018-09-01 11:03:28-04:00,"There is no political necessity to keep Canada in the new NAFTA deal. If we don’t make a fair deal for the U.S. after decades of abuse, Canada will be out. Congress should not interfere w/ these negotiations or I will simply terminate NAFTA entirely &amp, we will be far better off...",20424,89379,Trade_Tariff,nafta,1,1,Pure_Trade_Tariff,"Genuine trade deals, tariffs, deficits, or currency policy"
2018-09-01 15:12:25+00:00,2018-09-01 11:12:25-04:00,"....Remember, NAFTA was one of the WORST Trade Deals ever made. The U.S. lost thousands of businesses and millions of jobs. We were far better off before NAFTA - should never have been signed. Even the Vat Tax was not accounted for. We make new deal or go back to pre-NAFTA!",15657,69087,Trade_Tariff,nafta,1,1,Pure_Trade_Tariff,"Genuine trade deals, tariffs, deficits, or currency policy"
2018-09-05 13:21:07+00:00,2018-09-05 09:21:07-04:00,The Trump Economy is booming with help of House and Senate GOP. #FarmBill with SNAP work  requirements will bolster farmers and get America back to work. Pass the Farm Bill with SNAP work requirements!,11066,51182,Agriculture_Retaliation,farmers,1,0,Agriculture_Farm_Aid,US farm aid packages and agricultural trade purchases
2018-09-06 11:31:19+00:00,2018-09-06 07:31:19-04:00,"Cosumer confidence highest in 18 years, Atlanta Fed forecasts 4.7 GDP, manufacturing jobs highest in many years. “It’s the story of the Trump Administration, the Economic Success, that’s unnerving his detractors.” @MariaBartiromo",15168,65334,Fed_Monetary,fed,1,0,Fed_Monetary_Policy,Federal Reserve interest rates and monetary policy pressure
2018-09-08 15:45:28+00:00,2018-09-08 11:45:28-04:00,"Apple prices may increase because of the massive Tariffs we may be imposing on China - but there is an easy solution where there would be ZERO tax, and indeed a tax incentive. Make your products in the United States instead of China. Start building new plants now. Exciting! #MAGA",22606,96157,Trade_Tariff; China; Target_Company_Tech,"apple, china, tariffs",1,1,Pure_Trade_Tariff,"Genuine trade deals, tariffs, deficits, or currency policy"
2018-09-09 13:49:20+00:00,2018-09-09 09:49:20-04:00,“Ford has abruptly killed a plan to sell a Chinese-made small vehicle in the U.S. because of the prospect of higher U.S. Tariffs.” CNBC.  This is just the beginning. This car can now be BUILT IN THE U.S.A. and Ford will pay no tariffs!,16155,71924,Trade_Tariff,tariffs,1,1,Pure_Trade_Tariff,"Genuine trade deals, tariffs, deficits, or currency policy"
2018-09-09 14:01:06+00:00,2018-09-09 10:01:06-04:00,"If the U.S. sells a car into China, there is a tax of 25%. If China sells a car into the U.S., there is a tax of 2%. Does anybody think that is FAIR? The days of the U.S. being ripped-off by other nations is OVER!",26536,115492,China,china,0,0,Diplomatic_General_Noise,General foreign relations / courtesy talks without tariff specifics
2018-09-13 14:15:55+00:00,2018-09-13 10:15:55-04:00,"The Wall Street Journal has it wrong, we are under no pressure to make a deal with China, they are under pressure to make a deal with us. Our markets are surging, theirs are collapsing. We will soon be taking in Billions in Tariffs &amp, making products at home. If we meet, we meet?",18382,75004,Trade_Tariff; China,"china, tariffs",1,1,Pure_Trade_Tariff,"Genuine trade deals, tariffs, deficits, or currency policy"
2018-09-13 17:56:41+00:00,2018-09-13 13:56:41-04:00,Senator Debbie Stabenow and the Democrats are totally against approving the Farm Bill. They are fighting tooth and nail to not allow our Great Farmers to get what they so richly deserve. Work requirements are imperative and the Dems are a NO. Not good!,16874,59455,Agriculture_Retaliation,farmers,1,0,Agriculture_Farm_Aid,US farm aid packages and agricultural trade purchases
2018-09-17 09:45:33+00:00,2018-09-17 05:45:33-04:00,"RT @SecNielsen: Just finished briefing @POTUS, @VP, @WhiteHouse homeland security team on Hurricane #Florence w @FEMA_Brock. The entire fed...",3571,0,Fed_Monetary,fed,1,0,Fed_Monetary_Policy,Federal Reserve interest rates and monetary policy pressure
2018-09-17 10:11:31+00:00,2018-09-17 06:11:31-04:00,"Tariffs have put the U.S. in a very strong bargaining position, with Billions of Dollars, and Jobs, flowing into our Country - and yet cost increases have thus far been almost unnoticeable. If countries will not make fair deals with us, they will be “Tariffed!”",14280,67563,Trade_Tariff,tariffs,1,1,Pure_Trade_Tariff,"Genuine trade deals, tariffs, deficits, or currency policy"
2018-09-17 10:15:52+00:00,2018-09-17 06:15:52-04:00,"Our Steel Industry is the talk of the World. It has been given new life, and is thriving. Billions of Dollars is being spent on new plants all around the country!",14369,64416,Steel_Aluminum,steel,1,0,Steel_Aluminum_Industry,Domestic steel and aluminum industry protection/jobs
2018-09-18 12:50:29+00:00,2018-09-18 08:50:29-04:00,"China has openly stated that they are actively trying to impact and change our election by attacking our farmers, ranchers and industrial workers because of their loyalty to me. What China does not understand is that these people are great patriots and fully understand that.....",16199,74380,China; Agriculture_Retaliation,"china, farmers",1,0,Agriculture_Farm_Aid,US farm aid packages and agricultural trade purchases
2018-09-18 12:55:04+00:00,2018-09-18 08:55:04-04:00,".....China has been taking advantage of the United States on Trade for many years. They also know that I am the one that knows how to stop it. There will be great and fast economic retaliation against China if our farmers, ranchers and/or industrial workers are targeted!",13103,57833,China; Agriculture_Retaliation,"china, farmers",1,0,Agriculture_Farm_Aid,US farm aid packages and agricultural trade purchases
2018-09-20 11:32:58+00:00,2018-09-20 07:32:58-04:00,"“We can’t secure the Border because of the Democrats historic level of Obstruction. The Presidents fed up with this. His agenda is working. The economy is growing at twice the rate it did under Obama. We’ve nominated and confirmed 68 Federal Judges, 26 Court of Appeals Judges....",12532,52772,Fed_Monetary,fed,1,0,Fed_Monetary_Policy,Federal Reserve interest rates and monetary policy pressure
2018-09-21 20:22:11+00:00,2018-09-21 16:22:11-04:00,"RT @GOP: “We’re fighting every day for our factories, our ranchers, our great miners, our farmers, and we are now the largest producer of e...",6468,0,Agriculture_Retaliation,farmers,1,0,Agriculture_Farm_Aid,US farm aid packages and agricultural trade purchases
2018-09-23 20:52:37+00:00,2018-09-23 16:52:37-04:00,"Going to New York. Will be with Prime Minister Abe of Japan tonight, talking Military and Trade. We have done much to help Japan, would like to see more of a reciprocal relationship. It will all work out!",15115,79687,Trade_Tariff,reciprocal,1,1,Pure_Trade_Tariff,"Genuine trade deals, tariffs, deficits, or currency policy"
2018-09-26 17:26:54+00:00,2018-09-26 13:26:54-04:00,"China is actually placing propaganda ads in the Des Moines Register and other papers, made to look like news. That’s because we are beating them on Trade, opening markets, and the farmers will make a fortune when this is over! https://t.co/ppdvTX7oz1",15655,51664,China; Agriculture_Retaliation,"china, farmers",1,0,Agriculture_Farm_Aid,US farm aid packages and agricultural trade purchases
2018-10-01 10:30:08+00:00,2018-10-01 06:30:08-04:00,"Late last night, our deadline, we reached a wonderful new Trade Deal with Canada, to be added into the deal already reached with Mexico. The new name will be The United States Mexico Canada Agreement, or USMCA. It is a great deal for all three countries, solves the many......",23936,113326,Trade_Tariff,"trade deal, usmca",1,1,Pure_Trade_Tariff,"Genuine trade deals, tariffs, deficits, or currency policy"
2018-10-01 10:40:24+00:00,2018-10-01 06:40:24-04:00,".....deficiencies and mistakes in NAFTA, greatly opens markets to our Farmers and Manufacturers, reduce Trade Barriers to the U.S. and will bring all three Great Nations closer together in competition with the rest of the world. The USMCA is a historic transaction!",1921,6809,Trade_Tariff; Agriculture_Retaliation,"farmers, nafta, usmca",1,1,Pure_Trade_Tariff,"Genuine trade deals, tariffs, deficits, or currency policy"
2018-10-01 10:53:28+00:00,2018-10-01 06:53:28-04:00,"....deficiencies and mistakes in NAFTA, greatly opens markets to our Farmers and Manufacturers, reduces Trade Barriers to the U.S. and will bring all three Great Nations together in competition with the rest of the world. The USMCA is a historic transaction!",14664,68180,Trade_Tariff; Agriculture_Retaliation,"farmers, nafta, usmca",1,1,Pure_Trade_Tariff,"Genuine trade deals, tariffs, deficits, or currency policy"
2018-10-01 12:08:26+00:00,2018-10-01 08:08:26-04:00,News conference on the USMCA this morning at 11:00 - Rose Garden of White House.,9829,55357,Trade_Tariff,usmca,1,1,Pure_Trade_Tariff,"Genuine trade deals, tariffs, deficits, or currency policy"
2018-10-02 15:02:03+00:00,2018-10-02 11:02:03-04:00,Great reviews on the new USMCA. Thank you! Mexico and Canada will be wonderful partners in Trade (and more) long into the future.,12346,64171,Trade_Tariff,usmca,1,1,Pure_Trade_Tariff,"Genuine trade deals, tariffs, deficits, or currency policy"
2018-10-02 18:18:35+00:00,2018-10-02 14:18:35-04:00,“USMCA Wins Praise as a Victory for American Industries and Workers”➡️https://t.co/UWhPhNXiiL https://t.co/eBVv0nXXRT,7796,37238,Trade_Tariff,usmca,1,1,Pure_Trade_Tariff,"Genuine trade deals, tariffs, deficits, or currency policy"
2018-10-03 14:02:10+00:00,2018-10-03 10:02:10-04:00,"Thank you to Congressman Tom Reed of New York for your wonderful comments on our great new Trade Deal with Mexico and Canada, the USMCA. I have long ago given you my Full Endorsement, and for good reason. Keep up the Great Work! @Varneyco",7913,40787,Trade_Tariff,"trade deal, usmca",1,1,Pure_Trade_Tariff,"Genuine trade deals, tariffs, deficits, or currency policy"
2018-10-03 14:13:42+00:00,2018-10-03 10:13:42-04:00,"Mexico, Canada and the United States are a great partnership and will be a very formidable trading force. We will now, because of the USMCA, work very well together. Great Spirit!",11597,59868,Trade_Tariff,usmca,1,1,Pure_Trade_Tariff,"Genuine trade deals, tariffs, deficits, or currency policy"
2018-10-09 13:10:01+00:00,2018-10-09 09:10:01-04:00,"Will be going to Iowa tonight for Rally, and more! The Farmers (and all) are very happy with USMCA!",9254,47735,Trade_Tariff; Agriculture_Retaliation,"farmers, usmca",1,1,Pure_Trade_Tariff,"Genuine trade deals, tariffs, deficits, or currency policy"
2018-10-12 19:37:27+00:00,2018-10-12 15:37:27-04:00,Happy #NationalFarmersDay! With the recent #USMCA our GREAT FARMERS will do better than ever before!! https://t.co/PMS4z2EScY,6709,33107,Trade_Tariff; Agriculture_Retaliation,"farmers, usmca",1,1,Pure_Trade_Tariff,"Genuine trade deals, tariffs, deficits, or currency policy"
2018-10-15 15:45:43+00:00,2018-10-15 11:45:43-04:00,Just arrived in Florida. Also thinking about our GREAT Alabama farmers and our many friends in North and South Carolina today. We are with you!,10603,62292,Agriculture_Retaliation,farmers,1,0,Agriculture_Farm_Aid,US farm aid packages and agricultural trade purchases
2018-10-18 11:45:43+00:00,2018-10-18 07:45:43-04:00,"....The assault on our country at our Southern Border, including the Criminal elements and DRUGS pouring in, is far more important to me, as President, than Trade or the USMCA. Hopefully Mexico will stop this onslaught at their Northern Border. All Democrats fault for weak laws!",19630,77569,Trade_Tariff,usmca,1,1,Pure_Trade_Tariff,"Genuine trade deals, tariffs, deficits, or currency policy"
2018-10-23 16:43:46+00:00,2018-10-23 12:43:46-04:00,"Billions of dollars are, and will be, coming into United States coffers because of Tariffs. Great also for negotiations - if a country won’t give us a fair Trade Deal, we will institute Tariffs on them. Used or not, jobs and businesses will be created. U.S. respected again!",19328,89853,Trade_Tariff,"tariffs, trade deal",1,1,Pure_Trade_Tariff,"Genuine trade deals, tariffs, deficits, or currency policy"
2018-10-25 13:57:27+00:00,2018-10-25 09:57:27-04:00,"The New York Times has a new Fake Story that now the Russians and Chinese (glad they finally added China) are listening to all of my calls on cellphones. Except that I rarely use a cellphone, &amp, when I do it’s government authorized. I like Hard Lines. Just more made up Fake News!",23401,87386,China,china,0,0,Election_Political_Noise,Domestic 2020 election campaign attacks referencing China
2018-10-27 16:26:23+00:00,2018-10-27 12:26:23-04:00,"Events in Pittsburgh are far more devastating than originally thought. Spoke with Mayor and Governor to inform them that the Federal Government has been, and will be, with them all the way. I will speak to the media shortly and make further statement at Future Farmers of America.",16296,77112,Agriculture_Retaliation,farmers,1,0,Fed_Monetary_Policy,Federal Reserve interest rates and monetary policy pressure
2018-10-30 12:53:03+00:00,2018-10-30 08:53:03-04:00,"“If the Fed backs off and starts talking a little more Dovish, I think we’re going to be right back to our 2,800 to 2,900 target range that we’ve had for the S&amp,P 500.” Scott Wren, Wells Fargo.",12121,52895,Fed_Monetary,fed,1,0,Fed_Monetary_Policy,Federal Reserve interest rates and monetary policy pressure
2018-11-01 14:09:10+00:00,2018-11-01 10:09:10-04:00,"Just had a long and very good conversation with President Xi Jinping of China. We talked about many subjects, with a heavy emphasis on Trade. Those discussions are moving along nicely with meetings being scheduled at the G-20 in Argentina. Also had good discussion on North Korea!",17432,81371,China,"china, xi jinping",0,0,Diplomatic_General_Noise,General foreign relations / courtesy talks without tariff specifics
2018-11-09 21:10:46+00:00,2018-11-09 16:10:46-05:00,"President Macron of France has just suggested that Europe build its own military in order to protect itself from the U.S., China and Russia. Very insulting, but perhaps Europe should first pay its fair share of NATO, which the U.S. subsidizes greatly!",32187,127108,China,china,0,0,Diplomatic_General_Noise,General foreign relations / courtesy talks without tariff specifics
2018-11-10 08:08:52+00:00,2018-11-10 03:08:52-05:00,"There is no reason for these massive, deadly and costly forest fires in California except that forest management is so poor. Billions of dollars are given each year, with so many lives lost, all because of gross mismanagement of the forests. Remedy now, or no more Fed payments!",23493,109479,Fed_Monetary,fed,1,0,Fed_Monetary_Policy,Federal Reserve interest rates and monetary policy pressure
2018-11-13 11:50:41+00:00,2018-11-13 06:50:41-05:00,"Emmanuel Macron suggests building its own army to protect Europe against the U.S., China and Russia. But it was Germany in World Wars One &amp, Two - How did that work out for France? They were starting to learn German in Paris before the U.S. came along. Pay for NATO or not!",29350,106558,China,china,0,0,Diplomatic_General_Noise,General foreign relations / courtesy talks without tariff specifics
2018-11-13 13:07:08+00:00,2018-11-13 08:07:08-05:00,"On Trade, France makes excellent wine, but so does the U.S. The problem is that France makes it very hard for the U.S. to sell its wines into France, and charges big Tariffs, whereas the U.S. makes it easy for French wines, and charges very small Tariffs. Not fair, must change!",23482,103632,Trade_Tariff,tariffs,1,1,Pure_Trade_Tariff,"Genuine trade deals, tariffs, deficits, or currency policy"
2018-11-14 19:28:24+00:00,2018-11-14 14:28:24-05:00,"Not seen in many years, America’s steelworkers get a hard-earned raise because of my Administration’s policies to help bring back the U.S. steel industry, which is critical to our National Security. I will always protect America and its workers!",18586,87715,Steel_Aluminum,steel,1,0,Steel_Aluminum_Industry,Domestic steel and aluminum industry protection/jobs
2018-11-25 13:46:54+00:00,2018-11-25 08:46:54-05:00,"So great that oil prices are falling (thank you President T). Add that, which is like a big Tax Cut, to our other good Economic news. Inflation down (are you listening Fed)!",18915,97132,Fed_Monetary,fed,1,0,Fed_Monetary_Policy,Federal Reserve interest rates and monetary policy pressure
2018-11-27 19:05:39+00:00,2018-11-27 14:05:39-05:00,"Very disappointed with General Motors and their CEO, Mary Barra, for closing plants in Ohio, Michigan and Maryland. Nothing being closed in Mexico &amp, China. The U.S. saved General Motors, and this is the THANKS we get! We are now looking at cutting all @GM subsidies, including....",25316,107570,China,china,0,0,Diplomatic_General_Noise,General foreign relations / courtesy talks without tariff specifics
2018-11-27 19:05:39+00:00,2018-11-27 14:05:39-05:00,....for electric cars. General Motors made a big China bet years ago when they built plants there (and in Mexico) - don’t think that bet is going to pay off. I am here to protect America’s Workers!,20200,93952,China,china,0,0,Diplomatic_General_Noise,General foreign relations / courtesy talks without tariff specifics
2018-11-28 14:43:31+00:00,2018-11-28 09:43:31-05:00,"The reason that the small truck business in the U.S. is such a go to favorite is that, for many years, Tariffs of 25% have been put on small trucks coming into our country. It is called the “chicken tax.” If we did that with cars coming in, many more cars would be built here.....",14021,61403,Trade_Tariff,tariffs,1,1,Pure_Trade_Tariff,"Genuine trade deals, tariffs, deficits, or currency policy"
2018-11-28 16:09:47+00:00,2018-11-28 11:09:47-05:00,"Steel Dynamics announced that it will build a brand new 3 million ton steel mill in the Southwest that will create 600 good-paying U.S. JOBS. Steel JOBS are coming back to America, just like I predicted. Congratulations to Steel Dynamics!",22340,99294,Steel_Aluminum,steel,1,0,Steel_Aluminum_Industry,Domestic steel and aluminum industry protection/jobs
2018-11-29 11:37:14+00:00,2018-11-29 06:37:14-05:00,"General Motors is very counter to what other auto, and other, companies are doing. Big Steel is opening and renovating plants all over the country. Auto companies are pouring into the U.S., including BMW, which just announced a major new plant. The U.S.A. is booming!",15329,72524,Steel_Aluminum,steel,1,0,Steel_Aluminum_Industry,Domestic steel and aluminum industry protection/jobs
2018-11-29 12:32:13+00:00,2018-11-29 07:32:13-05:00,"Billions of Dollars are pouring into the coffers of the U.S.A. because of the Tariffs being charged to China, and there is a long way to go. If companies don’t want to pay Tariffs, build in the U.S.A. Otherwise, lets just make our Country richer than ever before!",17523,81434,Trade_Tariff; China,"china, tariffs",1,1,Pure_Trade_Tariff,"Genuine trade deals, tariffs, deficits, or currency policy"
2018-11-30 13:08:27+00:00,2018-11-30 08:08:27-05:00,#USMCA🇺🇸🇲🇽🇨🇦 https://t.co/7CYsYBYbd1,9861,42247,Trade_Tariff,usmca,1,1,Pure_Trade_Tariff,"Genuine trade deals, tariffs, deficits, or currency policy"
2018-11-30 14:45:18+00:00,2018-11-30 09:45:18-05:00,"Just signed one of the most important, and largest, Trade Deals in U.S. and World History. The United States, Mexico and Canada worked so well together in crafting this great document. The terrible NAFTA will soon be gone. The USMCA will be fantastic for all!",24529,112220,Trade_Tariff,"nafta, usmca",1,1,Pure_Trade_Tariff,"Genuine trade deals, tariffs, deficits, or currency policy"
2018-11-30 20:23:09+00:00,2018-11-30 15:23:09-05:00,Great reviews on the USMCA - sooo much better than NAFTA!,10595,55677,Trade_Tariff,"nafta, usmca",1,1,Pure_Trade_Tariff,"Genuine trade deals, tariffs, deficits, or currency policy"
2018-12-03 04:00:25+00:00,2018-12-02 23:00:25-05:00,China has agreed to reduce and remove tariffs on cars coming into China from the U.S. Currently the tariff is 40%.,26084,122998,Trade_Tariff; China,"china, tariff, tariffs",1,1,Pure_Trade_Tariff,"Genuine trade deals, tariffs, deficits, or currency policy"
2018-12-03 12:54:30+00:00,2018-12-03 07:54:30-05:00,"My meeting in Argentina with President Xi of China was an extraordinary one. Relations with China have taken a BIG leap forward! Very good things will happen. We are dealing from great strength, but China likewise has much to gain if and when a deal is completed. Level the field!",13429,63887,China,china,0,0,Diplomatic_General_Noise,General foreign relations / courtesy talks without tariff specifics
2018-12-03 13:01:08+00:00,2018-12-03 08:01:08-05:00,"Farmers will be a a very BIG and FAST beneficiary of our deal with China. They intend to start purchasing agricultural product immediately. We make the finest and cleanest product in the World, and that is what China wants. Farmers, I LOVE YOU!",21689,102784,China; Agriculture_Retaliation,"china, farmers",1,0,Agriculture_Farm_Aid,US farm aid packages and agricultural trade purchases
2018-12-03 13:18:01+00:00,2018-12-03 08:18:01-05:00,"President Xi and I have a very strong and personal relationship. He and I are the only two people that can bring about massive and very positive change, on trade and far beyond, between our two great Nations. A solution for North Korea is a great thing for China and ALL!",11687,56682,China,china,0,0,Diplomatic_General_Noise,General foreign relations / courtesy talks without tariff specifics
2018-12-04 14:30:16+00:00,2018-12-04 09:30:16-05:00,"The negotiations with China have already started. Unless extended, they will end 90 days from the date of our wonderful and very warm dinner with President Xi in Argentina. Bob Lighthizer will be working closely with Steve Mnuchin, Larry Kudlow, Wilbur Ross and Peter Navarro.....",11490,56444,China,china,1,1,Pure_Trade_Tariff,"Genuine trade deals, tariffs, deficits, or currency policy"
2018-12-04 14:55:35+00:00,2018-12-04 09:55:35-05:00,"......on seeing whether or not a REAL deal with China is actually possible. If it is, we will get it done. China is supposed to start buying Agricultural product and more immediately. President Xi and I want this deal to happen, and it probably will. But if not remember,......",9493,47644,China,china,0,0,Diplomatic_General_Noise,General foreign relations / courtesy talks without tariff specifics
2018-12-04 15:03:41+00:00,2018-12-04 10:03:41-05:00,"....I am a Tariff Man. When people or countries come in to raid the great wealth of our Nation, I want them to pay for the privilege of doing so. It will always be the best way to max out our economic power. We are right now taking in $billions in Tariffs. MAKE AMERICA RICH AGAIN",20715,106951,Trade_Tariff,"tariff, tariffs",1,1,Pure_Trade_Tariff,"Genuine trade deals, tariffs, deficits, or currency policy"
2018-12-04 15:10:00+00:00,2018-12-04 10:10:00-05:00,".....But if a fair deal is able to be made with China, one that does all of the many things we know must be finally done, I will happily sign. Let the negotiations begin. MAKE AMERICA GREAT AGAIN!",10570,52077,China,china,0,0,Diplomatic_General_Noise,General foreign relations / courtesy talks without tariff specifics
2018-12-05 00:20:27+00:00,2018-12-04 19:20:27-05:00,"We are either going to have a REAL DEAL with China, or no deal at all - at which point we will be charging major Tariffs against Chinese product being shipped into the United States. Ultimately, I believe, we will be making a deal - either now or into the future....",14718,72875,Trade_Tariff; China,"china, tariffs",1,1,Pure_Trade_Tariff,"Genuine trade deals, tariffs, deficits, or currency policy"
2018-12-05 00:21:41+00:00,2018-12-04 19:21:41-05:00,.....China does not want Tariffs!,10841,61449,Trade_Tariff; China,"china, tariffs",1,1,Pure_Trade_Tariff,"Genuine trade deals, tariffs, deficits, or currency policy"
2018-12-05 12:46:28+00:00,2018-12-05 07:46:28-05:00,"“China officially echoed President Donald Trump’s optimism over bilateral trade talks. Chinese officials have begun preparing to restart imports of U.S. Soybeans &amp, Liquified Natural Gas, the first sign confirming the claims of President Donald Trump and the White House that......",12100,57008,China; Agriculture_Retaliation,"china, soybeans",1,0,Agriculture_Farm_Aid,US farm aid packages and agricultural trade purchases
2018-12-05 12:49:48+00:00,2018-12-05 07:49:48-05:00,.....China had agreed to start “immediately” buying U.S. products.” @business,10614,54803,China,china,0,0,Diplomatic_General_Noise,General foreign relations / courtesy talks without tariff specifics
2018-12-05 13:19:46+00:00,2018-12-05 08:19:46-05:00,"Very strong signals being sent by China once they returned home from their long trip, including stops, from Argentina. Not to sound naive or anything, but I believe President Xi meant every word of what he said at our long and hopefully historic meeting. ALL subjects discussed!",13954,75401,China,china,0,0,Diplomatic_General_Noise,General foreign relations / courtesy talks without tariff specifics
2018-12-05 13:44:10+00:00,2018-12-05 08:44:10-05:00,One of the very exciting things to come out of my meeting with President Xi of China is his promise to me to criminalize the sale of deadly Fentanyl coming into the United States. It will now be considered a “controlled substance.” This could be a game changer on what is.......,11799,57781,China,china,0,0,Diplomatic_General_Noise,General foreign relations / courtesy talks without tariff specifics
2018-12-05 13:51:07+00:00,2018-12-05 08:51:07-05:00,".....considered to be the worst and most dangerous, addictive and deadly substance of them all. Last year over 77,000 people died from Fentanyl. If China cracks down on this “horror drug,” using the Death Penalty for distributors and pushers, the results will be incredible!",14294,69027,China,china,0,0,Diplomatic_General_Noise,General foreign relations / courtesy talks without tariff specifics
2018-12-07 00:56:18+00:00,2018-12-06 19:56:18-05:00,Statement from China: “The teams of both sides are now having smooth communications and good cooperation with each other. We are full of confidence that an agreement can be reached within the next 90 days.” I agree!,14492,68672,China,china,0,0,Diplomatic_General_Noise,General foreign relations / courtesy talks without tariff specifics
2018-12-07 13:13:48+00:00,2018-12-07 08:13:48-05:00,China talks are going very well!,11947,77764,China,china,0,0,Diplomatic_General_Noise,General foreign relations / courtesy talks without tariff specifics
2018-12-11 13:19:26+00:00,2018-12-11 08:19:26-05:00,Very productive conversations going on with China! Watch for some important announcements!,13448,70659,China,china,0,0,Diplomatic_General_Noise,General foreign relations / courtesy talks without tariff specifics
2018-12-13 12:38:28+00:00,2018-12-13 07:38:28-05:00,"I often stated, “One way or the other, Mexico is going to pay for the Wall.” This has never changed. Our new deal with Mexico (and Canada), the USMCA, is so much better than the old, very costly &amp, anti-USA NAFTA deal, that just by the money we save, MEXICO IS PAYING FOR THE WALL!",22443,102664,Trade_Tariff,"nafta, usmca",1,1,Pure_Trade_Tariff,"Genuine trade deals, tariffs, deficits, or currency policy"
2018-12-14 04:25:59+00:00,2018-12-13 23:25:59-05:00,"China just announce the there economy is growing much slower than anticipated because of our Trade War with them. They have just suspended U.S. Tariff Hikes. U.S. is doing very well. China wants to make a big and very comprehensive deal. It could happen, and rather soon!",2749,10439,Trade_Tariff; China,"china, tariff, trade war",1,1,Pure_Trade_Tariff,"Genuine trade deals, tariffs, deficits, or currency policy"
2018-12-14 16:35:43+00:00,2018-12-14 11:35:43-05:00,"China just announced that their economy is growing much slower than anticipated because of our Trade War with them. They have just suspended U.S. Tariff Hikes. U.S. is doing very well. China wants to make a big and very comprehensive deal. It could happen, and rather soon!",22306,112544,Trade_Tariff; China,"china, tariff, trade war",1,1,Pure_Trade_Tariff,"Genuine trade deals, tariffs, deficits, or currency policy"
2018-12-17 13:27:16+00:00,2018-12-17 08:27:16-05:00,"It is incredible that with a very strong dollar and virtually no inflation, the outside world blowing up around us, Paris is burning and China way down, the Fed is even considering yet another interest rate hike. Take the Victory!",20421,92663,China; Fed_Monetary; FX_Currency,"china, fed, interest rate, strong dollar",1,0,Fed_Monetary_Policy,Federal Reserve interest rates and monetary policy pressure
2018-12-17 21:14:10+00:00,2018-12-17 16:14:10-05:00,"Today I am making good on my promise to defend our Farmers &amp, Ranchers from unjustified trade retaliation by foreign nations. I have authorized Secretary Perdue to implement the 2nd round of Market Facilitation Payments. Our economy is stronger than ever–we stand with our Farmers!",20533,98670,Agriculture_Retaliation,farmers,1,0,Agriculture_Farm_Aid,US farm aid packages and agricultural trade purchases
2018-12-18 12:13:24+00:00,2018-12-18 07:13:24-05:00,"I hope the people over at the Fed will read today’s Wall Street Journal Editorial before they make yet another mistake. Also, don’t let the market become any more illiquid than it already is. Stop with the 50 B’s. Feel the market, don’t just go by meaningless numbers. Good luck!",13341,61225,Fed_Monetary,fed,1,0,Fed_Monetary_Policy,Federal Reserve interest rates and monetary policy pressure
2018-12-19 01:13:30+00:00,2018-12-18 20:13:30-05:00,"The Democrats, are saying loud and clear that they do not want to build a Concrete Wall - but we are not building a Concrete Wall, we are building artistically designed steel slats, so that you can easily see through it....",18598,86158,Steel_Aluminum,steel,1,0,Steel_Aluminum_Industry,Domestic steel and aluminum industry protection/jobs
2018-12-19 13:43:10+00:00,2018-12-19 08:43:10-05:00,"Mexico is paying (indirectly) for the Wall through the new USMCA, the replacement for NAFTA! Far more money coming to the U.S. Because of the tremendous dangers at the Border, including large scale criminal and drug inflow, the United States Military will build the Wall!",19406,85908,Trade_Tariff,"nafta, usmca",1,1,Pure_Trade_Tariff,"Genuine trade deals, tariffs, deficits, or currency policy"
2018-12-20 12:28:34+00:00,2018-12-20 07:28:34-05:00,"The Democrats, who know Steel Slats (Wall) are necessary for Border Security, are putting politics over Country. What they are just beginning to realize is that I will not sign any of their legislation, including infrastructure, unless it has perfect Border Security. U.S.A. WINS!",18696,82291,Steel_Aluminum,steel,1,0,Steel_Aluminum_Industry,Domestic steel and aluminum industry protection/jobs
2018-12-21 14:41:59+00:00,2018-12-21 09:41:59-05:00,"There has never been a president who has been tougher (but fair) on China or Russia - Never, just look at the facts. The Fake News tries so hard to paint the opposite picture.",13875,67378,China,china,0,0,Election_Political_Noise,Domestic 2020 election campaign attacks referencing China
2018-12-21 22:14:14+00:00,2018-12-21 17:14:14-05:00,A design of our Steel Slat Barrier which is totally effective while at the same time beautiful! https://t.co/sGltXh0cu9,27464,120804,Steel_Aluminum,steel,1,0,Steel_Aluminum_Industry,Domestic steel and aluminum industry protection/jobs
2018-12-22 20:03:58+00:00,2018-12-22 15:03:58-05:00,The crisis of illegal activity at our Southern Border is real and will not stop until we build a great Steel Barrier or Wall. Let work begin!,20059,96413,Steel_Aluminum,steel,1,0,Steel_Aluminum_Industry,Domestic steel and aluminum industry protection/jobs
2018-12-23 16:46:47+00:00,2018-12-23 11:46:47-05:00,"I am pleased to announce that our very talented Deputy Secretary of Defense, Patrick Shanahan, will assume the title of Acting Secretary of Defense starting January 1, 2019. Patrick has a long list of accomplishments while serving as Deputy, &amp, previously Boeing. He will be great!",15044,75874,Target_Company_Tech,boeing,1,0,Company_Tech_Target,Direct corporate target or 5G/tech supply chain restriction
2018-12-24 15:55:22+00:00,2018-12-24 10:55:22-05:00,"The only problem our economy has is the Fed. They don’t have a feel for the Market, they don’t understand necessary Trade Wars or Strong Dollars or even Democrat Shutdowns over Borders. The Fed is like a powerful golfer who can’t score because he has no touch - he can’t putt!",24677,107966,Fed_Monetary,fed,1,1,Pure_Trade_Tariff,"Genuine trade deals, tariffs, deficits, or currency policy"
2018-12-28 12:42:12+00:00,2018-12-28 07:42:12-05:00,"....The United States looses soooo much money on Trade with Mexico under NAFTA, over 75 Billion Dollars a year (not including Drug Money which would be many times that amount), that I would consider closing the Southern Border a “profit making operation.” We build a Wall or.....",19275,88779,Trade_Tariff,nafta,1,1,Pure_Trade_Tariff,"Genuine trade deals, tariffs, deficits, or currency policy"
2018-12-28 12:49:26+00:00,2018-12-28 07:49:26-05:00,".....close the Southern Border. Bring our car industry back into the United States where it belongs. Go back to pre-NAFTA, before so many of our companies and jobs were so foolishly sent to Mexico. Either we build (finish) the Wall or we close the Border......",20627,94773,Trade_Tariff,nafta,1,1,Pure_Trade_Tariff,"Genuine trade deals, tariffs, deficits, or currency policy"
2018-12-29 16:03:02+00:00,2018-12-29 11:03:02-05:00,"Just had a long and very good call with President Xi of China. Deal is moving along very well. If made, it will be very comprehensive, covering all subjects, areas and points of dispute. Big progress being made!",22911,127139,China,china,0,0,Diplomatic_General_Noise,General foreign relations / courtesy talks without tariff specifics
2019-01-01 00:40:26+00:00,2018-12-31 19:40:26-05:00,"MEXICO IS PAYING FOR THE WALL through the many billions of dollars a year that the U.S.A. is saving through the new Trade Deal, the USMCA, that will replace the horrendous NAFTA Trade Deal, which has so badly hurt our Country. Mexico &amp, Canada will also thrive - good for all!",19645,91178,Trade_Tariff,"nafta, trade deal, usmca",1,1,Pure_Trade_Tariff,"Genuine trade deals, tariffs, deficits, or currency policy"
2019-01-02 13:35:30+00:00,2019-01-02 08:35:30-05:00,Mexico is paying for the Wall through the new USMCA Trade Deal. Much of the Wall has already been fully renovated or built. We have done a lot of work. $5.6 Billion Dollars that House has approved is very little in comparison to the benefits of National Security. Quick payback!,23566,112550,Trade_Tariff,"trade deal, usmca",1,1,Pure_Trade_Tariff,"Genuine trade deals, tariffs, deficits, or currency policy"
2019-01-03 14:52:13+00:00,2019-01-03 09:52:13-05:00,The United States Treasury has taken in MANY billions of dollars from the Tariffs we are charging China and other countries that have not treated us fairly. In the meantime we are doing well in various Trade Negotiations currently going on. At some point this had to be done!,18435,93269,Trade_Tariff; China,"china, tariffs",1,1,Pure_Trade_Tariff,"Genuine trade deals, tariffs, deficits, or currency policy"
2019-01-04 01:19:17+00:00,2019-01-03 20:19:17-05:00,"Michael Pillsbury interviewed by @cvpayne: “They have the motive of making the President look bad – instead of President Trump being portrayed as a HERO. The first President to take China on, it’s 20 years overdue....",16853,84690,China,china,0,0,Diplomatic_General_Noise,General foreign relations / courtesy talks without tariff specifics
2019-01-06 21:53:57+00:00,2019-01-06 16:53:57-05:00,"V.P. Mike Pence and group had a productive meeting with the Schumer/Pelosi representatives today. Many details of Border Security were discussed. We are now planning a Steel Barrier rather than concrete. It is both stronger &amp, less obtrusive. Good solution, and made in the U.S.A.",26703,141549,Steel_Aluminum,steel,1,0,Steel_Aluminum_Industry,Domestic steel and aluminum industry protection/jobs
2019-01-08 13:01:15+00:00,2019-01-08 08:01:15-05:00,"Economic numbers looking REALLY good. Can you imagine if I had long term ZERO interest rates to play with like the past administration, rather than the rapidly raised normalized rates we have today. That would have been SO EASY! Still, markets up BIG since 2016 Election!",20925,109157,Fed_Monetary,interest rates,1,0,Fed_Monetary_Policy,Federal Reserve interest rates and monetary policy pressure
2019-01-08 13:13:06+00:00,2019-01-08 08:13:06-05:00,"“The President is the biggest and best supporter of the Steel Industry in many years. We are now doing really well. The Tariffs let us compete. Was unfair that the Steel Industry lost its jobs to unfair trade laws. Very positive outcome.” Mark Glyptis, United Steelworkers",18461,90116,Trade_Tariff; Steel_Aluminum,"steel, tariffs",1,1,Pure_Trade_Tariff,"Genuine trade deals, tariffs, deficits, or currency policy"
2019-01-08 13:16:09+00:00,2019-01-08 08:16:09-05:00,Talks with China are going very well!,16183,111122,China,china,0,0,Diplomatic_General_Noise,General foreign relations / courtesy talks without tariff specifics
2019-01-09 20:34:46+00:00,2019-01-09 15:34:46-05:00,"Just left a meeting with Chuck and Nancy, a total waste of time. I asked what is going to happen in 30 days if I quickly open things up, are you going to approve Border Security which includes a Wall or Steel Barrier? Nancy said, NO. I said bye-bye, nothing else works!",47337,221541,Steel_Aluminum,steel,1,0,Steel_Aluminum_Industry,Domestic steel and aluminum industry protection/jobs
2019-01-11 12:05:00+00:00,2019-01-11 07:05:00-05:00,"I often said during rallies, with little variation, that “Mexico will pay for the Wall.” We have just signed a great new Trade Deal with Mexico. It is Billions of Dollars a year better than the very bad NAFTA deal which it replaces. The difference pays for Wall many times over!",24016,114313,Trade_Tariff,"nafta, trade deal",1,1,Pure_Trade_Tariff,"Genuine trade deals, tariffs, deficits, or currency policy"
2019-01-11 16:16:14+00:00,2019-01-11 11:16:14-05:00,"...The Steel Barrier, or Wall, should have been built by previous administrations long ago. They never got it done - I will. Without it, our Country cannot be safe. Criminals, Gangs, Human Traffickers, Drugs &amp, so much other big trouble can easily pour in. It can be stopped cold!",27199,125771,Steel_Aluminum,steel,1,0,Steel_Aluminum_Industry,Domestic steel and aluminum industry protection/jobs
2019-01-13 15:45:45+00:00,2019-01-13 10:45:45-05:00,"Thousands of illegal aliens who have committed sexual crimes against children are right now in Texas prisons. Most came through our Southern Border. We can end this easily - We need a Steel Barrier or Wall. Walls Work! John Jones, Texas Department of Public Safety.  @FoxNews",23827,101215,Steel_Aluminum,steel,1,0,Steel_Aluminum_Industry,Domestic steel and aluminum industry protection/jobs
2019-01-14 12:32:38+00:00,2019-01-14 07:32:38-05:00,"Getting ready to address the Farm Convention today in Nashville, Tennessee. Love our farmers, love Tennessee - a great combination! See you in a little while.",711,3080,Agriculture_Retaliation,farmers,1,0,Agriculture_Farm_Aid,US farm aid packages and agricultural trade purchases
2019-01-14 22:19:49+00:00,2019-01-14 17:19:49-05:00,"For decades, politicians promised to secure the border, fix our trade deals, bring back our factories, get tough on China, move the Embassy to Jerusalem, make NATO pay their fair share, and so much else - only to do NOTHING (or worse)....",26243,123223,China,china,1,1,Pure_Trade_Tariff,"Genuine trade deals, tariffs, deficits, or currency policy"
2019-01-15 12:37:55+00:00,2019-01-15 07:37:55-05:00,"A big new Caravan is heading up to our Southern Border from Honduras. Tell Nancy and Chuck that a drone flying around will not stop them. Only a Wall will work. Only a Wall, or Steel Barrier, will keep our Country safe! Stop playing political games and end the Shutdown!",24776,103131,Steel_Aluminum,steel,1,0,Steel_Aluminum_Industry,Domestic steel and aluminum industry protection/jobs
2019-01-21 21:57:59+00:00,2019-01-21 16:57:59-05:00,"China posts slowest economic numbers since 1990 due to U.S. trade tensions and new policies. Makes so much sense for China to finally do a Real Deal, and stop playing around!",16907,88440,China,china,0,0,Diplomatic_General_Noise,General foreign relations / courtesy talks without tariff specifics
2019-01-21 23:45:02+00:00,2019-01-21 18:45:02-05:00,"Democrats are kidding themselves (they don’t really believe it!) if they say you can stop Crime, Drugs, Human Trafficking and Caravans without a Wall or Steel Barrier. Stop playing games and give America the Security it deserves. A Humanitarian Crisis!",30537,142045,Steel_Aluminum,steel,1,0,Steel_Aluminum_Industry,Domestic steel and aluminum industry protection/jobs
2019-01-22 12:48:22+00:00,2019-01-22 07:48:22-05:00,"Without a Wall our Country can never have Border or National Security. With a powerful Wall or Steel Barrier, Crime Rates (and Drugs) will go substantially down all over the U.S. The Dems know this but want to play political games. Must finally be done correctly. No Cave!",20432,93232,Steel_Aluminum,steel,1,0,Steel_Aluminum_Industry,Domestic steel and aluminum industry protection/jobs
2019-01-26 20:52:38+00:00,2019-01-26 15:52:38-05:00,"Only fools, or people with a political agenda, don’t want a Wall or Steel Barrier to protect our Country from Crime, Drugs and Human Trafficking. It will happen - it always does!",26934,131156,Steel_Aluminum,steel,1,0,Steel_Aluminum_Industry,Domestic steel and aluminum industry protection/jobs
2019-01-28 13:16:32+00:00,2019-01-28 08:16:32-05:00,"Tariffs on the “dumping” of Steel in the United States have totally revived our Steel Industry. New and expanded plants are happening all over the U.S. We have not only saved this important industry, but created many jobs. Also, billions paid to our treasury. A BIG WIN FOR U.S.",23042,110535,Trade_Tariff; Steel_Aluminum,"steel, tariffs",1,1,Pure_Trade_Tariff,"Genuine trade deals, tariffs, deficits, or currency policy"
2019-01-31 12:41:56+00:00,2019-01-31 07:41:56-05:00,China’s top trade negotiators are in the U.S. meeting with our representatives. Meetings are going well with good intent and spirit on both sides. China does not want an increase in Tariffs and feels they will do much better if they make a deal. They are correct. I will be......,11642,58961,Trade_Tariff; China,"china, tariffs",1,1,Pure_Trade_Tariff,"Genuine trade deals, tariffs, deficits, or currency policy"
2019-01-31 12:56:36+00:00,2019-01-31 07:56:36-05:00,"....China’s representatives and I are trying to do a complete deal, leaving NOTHING unresolved on the table. All of the many problems are being discussed and will be hopefully resolved. Tariffs on China increase to 25% on March 1st, so all working hard to complete by that date!",10893,54149,Trade_Tariff; China,"china, tariffs",1,1,Pure_Trade_Tariff,"Genuine trade deals, tariffs, deficits, or currency policy"
2019-01-31 14:56:15+00:00,2019-01-31 09:56:15-05:00,"Looking for China to open their Markets not only to Financial Services, which they are now doing, but also to our Manufacturing, Farmers and other U.S. businesses and industries. Without this a deal would be unacceptable!",12901,63961,China; Agriculture_Retaliation,"china, farmers",1,0,Agriculture_Farm_Aid,US farm aid packages and agricultural trade purchases
2019-02-17 00:17:44+00:00,2019-02-16 19:17:44-05:00,"Trade negotiators have just returned from China where the meetings on Trade were very productive. Now at meetings with me at Mar-a-Lago giving the details. In the meantime, Billions of Dollars are being paid to the United States by China in the form of Trade Tariffs!",18573,94952,Trade_Tariff; China,"china, tariffs",1,1,Pure_Trade_Tariff,"Genuine trade deals, tariffs, deficits, or currency policy"
2019-02-17 12:00:26+00:00,2019-02-17 07:00:26-05:00,"Important meetings and calls on China Trade Deal, and more, today with my staff. Big progress being made on soooo many different fronts! Our Country has such fantastic potential for future growth and greatness on an even higher level!",13861,70263,Trade_Tariff; China,"china, trade deal",1,1,Pure_Trade_Tariff,"Genuine trade deals, tariffs, deficits, or currency policy"
2019-02-24 03:40:28+00:00,2019-02-23 22:40:28-05:00,RT @PressSec: President @realDonaldTrump delivers more great news for our farmers. https://t.co/ACq0ujTFTS,13584,0,Agriculture_Retaliation,farmers,1,0,Agriculture_Farm_Aid,US farm aid packages and agricultural trade purchases
2019-02-24 04:02:02+00:00,2019-02-23 23:02:02-05:00,RT @seanhannity: **REPORT: “China is proposing that it could buy an additional $30 billion a year of U.S. agricultural products including s...,12017,0,China,china,0,0,Diplomatic_General_Noise,General foreign relations / courtesy talks without tariff specifics
2019-02-24 12:58:20+00:00,2019-02-24 07:58:20-05:00,"Very productive talks yesterday with China on Trade. Will continue today! I will be leaving for Hanoi, Vietnam, early tomorrow for a Summit with Kim Jong Un of North Korea, where we both expect a continuation of the progress made at first Summit in Singapore. Denuclearization?",15396,81692,China,china,0,0,Diplomatic_General_Noise,General foreign relations / courtesy talks without tariff specifics
2019-02-24 13:05:49+00:00,2019-02-24 08:05:49-05:00,President Xi of China has been very helpful in his support of my meeting with Kim Jong Un. The last thing China wants are large scale nuclear weapons right next door. Sanctions placed on the border by China and Russia have been very helpful. Great relationship with Chairman Kim!,13941,73419,China,china,0,0,Diplomatic_General_Noise,General foreign relations / courtesy talks without tariff specifics
2019-02-24 22:39:17+00:00,2019-02-24 17:39:17-05:00,"I am pleased to report that the U.S. has made substantial progress in our trade talks with China on important structural issues including intellectual property protection, technology transfer, agriculture, services, currency, and many other issues. As a result of these very......",18570,97429,China,china,0,0,Diplomatic_General_Noise,General foreign relations / courtesy talks without tariff specifics
2019-02-24 22:50:14+00:00,2019-02-24 17:50:14-05:00,"....productive talks, I will be delaying the U.S. increase in tariffs now scheduled for March 1. Assuming both sides make additional progress, we will be planning a Summit for President Xi and myself, at Mar-a-Lago, to conclude an agreement. A very good weekend for U.S. &amp, China!",18301,93771,Trade_Tariff; China,"china, tariffs",1,1,Pure_Trade_Tariff,"Genuine trade deals, tariffs, deficits, or currency policy"
2019-02-25 20:12:25+00:00,2019-02-25 15:12:25-05:00,China Trade Deal (and more) in advanced stages. Relationship between our two Countries is very strong. I have therefore agreed to delay U.S. tariff hikes. Let’s see what happens?,13221,70021,Trade_Tariff; China,"china, tariff, trade deal",1,1,Pure_Trade_Tariff,"Genuine trade deals, tariffs, deficits, or currency policy"
2019-02-26 00:04:49+00:00,2019-02-25 19:04:49-05:00,"If a deal is made with China, our great American Farmers will be treated better than they have ever been treated before!",17788,98094,China; Agriculture_Retaliation,"china, farmers",1,0,Agriculture_Farm_Aid,US farm aid packages and agricultural trade purchases
2019-02-27 09:45:59+00:00,2019-02-27 04:45:59-05:00,"All false reporting (guessing) on my intentions with respect to North Korea. Kim Jong Un and I will try very hard to work something out on Denuclearization &amp, then making North Korea an Economic Powerhouse. I believe that China, Russia, Japan &amp, South Korea will be very helpful!",18726,89407,China,china,0,0,Diplomatic_General_Noise,General foreign relations / courtesy talks without tariff specifics
2019-03-01 23:08:11+00:00,2019-03-01 18:08:11-05:00,"I have asked China to immediately remove all Tariffs on our agricultural products (including beef, pork, etc.) based on the fact that we are moving along nicely with Trade discussions....",19022,109076,Trade_Tariff; China,"china, tariffs",1,1,Pure_Trade_Tariff,"Genuine trade deals, tariffs, deficits, or currency policy"
2019-03-01 23:08:11+00:00,2019-03-01 18:08:11-05:00,....and I did not increase their second traunch of Tariffs to 25% on March 1st. This is very important for our great farmers - and me!,14919,92273,Trade_Tariff; Agriculture_Retaliation,"farmers, tariffs",1,1,Pure_Trade_Tariff,"Genuine trade deals, tariffs, deficits, or currency policy"
2019-03-08 20:45:41+00:00,2019-03-08 15:45:41-05:00,"Aluminum prices are down 12% since I instituted Tariffs on Aluminum Dumping - and the U.S. will be taking in Billions, plus jobs. Nice!",14397,70404,Trade_Tariff; Steel_Aluminum,"aluminum, tariffs",1,1,Pure_Trade_Tariff,"Genuine trade deals, tariffs, deficits, or currency policy"
2019-03-11 14:12:50+00:00,2019-03-11 10:12:50-04:00,"At a recent round table meeting of business executives, &amp, long after formally introducing Tim Cook of Apple, I quickly referred to Tim + Apple as Tim/Apple as an easy way to save time &amp, words. The Fake News was disparagingly all over this, &amp, it became yet another bad Trump story!",17666,93225,Target_Company_Tech,apple,1,0,Company_Tech_Target,Direct corporate target or 5G/tech supply chain restriction
2019-03-14 11:22:13+00:00,2019-03-14 07:22:13-04:00,My Administration looks forward to negotiating a large scale Trade Deal with the United Kingdom. The potential is unlimited!,15645,75474,Trade_Tariff,trade deal,1,1,Pure_Trade_Tariff,"Genuine trade deals, tariffs, deficits, or currency policy"
2019-03-14 16:18:40+00:00,2019-03-14 12:18:40-04:00,Congratulations @Toyota! BIG NEWS for U.S. Auto Workers! The USMCA is already fixing the broken NAFTA deal. https://t.co/f9iHprPk5B,14743,63621,Trade_Tariff,"nafta, usmca",1,1,Pure_Trade_Tariff,"Genuine trade deals, tariffs, deficits, or currency policy"
2019-03-15 21:16:15+00:00,2019-03-15 17:16:15-04:00,"Just spoke w/ @GovRicketts. The people of Nebraska &amp, across the Midwest, especially the Farmers &amp, Ranchers, are feeling the impacts from severe weather. The first responders &amp, emergency response teams have done a great job dealing w/ record flooding, high winds, &amp, road closures.",13123,66573,Agriculture_Retaliation,farmers,1,0,Agriculture_Farm_Aid,US farm aid packages and agricultural trade purchases
2019-03-16 21:07:46+00:00,2019-03-16 17:07:46-04:00,"Google is helping China and their military, but not the U.S. Terrible! The good news is that they helped Crooked Hillary Clinton, and not Trump....and how did that turn out?",21327,89556,China,china,0,0,Diplomatic_General_Noise,General foreign relations / courtesy talks without tariff specifics
2019-03-17 21:44:17+00:00,2019-03-17 17:44:17-04:00,RT @SaraCarterDC: POWELL: Andrew Weissmann — The Kingpin Of Prosecutorial Misconduct — Leaves Mueller’s Squad | The Daily Caller https://t....,9874,0,Fed_Monetary,powell,1,0,Fed_Monetary_Policy,Federal Reserve interest rates and monetary policy pressure
2019-03-18 11:45:19+00:00,2019-03-18 07:45:19-04:00,"....are all coming back to the U.S. So is everyone else. We now have the best Economy in the World, the envy of all. Get that big, beautiful plant in Ohio open now. Close a plant in China or Mexico, where you invested so heavily pre-Trump, but not in the U.S.A. Bring jobs home!",15411,77031,China,china,0,0,Diplomatic_General_Noise,General foreign relations / courtesy talks without tariff specifics
2019-03-22 16:47:33+00:00,2019-03-22 12:47:33-04:00,"It is my pleasure to announce that @StephenMoore, a very respected Economist, will be nominated to serve on the Fed Board. I have known Steve for a long time – and have no doubt he will be an outstanding choice!",14200,73978,Fed_Monetary,fed,1,0,Fed_Monetary_Policy,Federal Reserve interest rates and monetary policy pressure
2019-03-29 21:41:20+00:00,2019-03-29 17:41:20-04:00,"Had the Fed not mistakenly raised interest rates, especially since there is very little inflation, and had they not done the ridiculously timed quantitative tightening, the 3.0% GDP, &amp, Stock Market, would have both been much higher &amp, World Markets would be in a better place!",17029,79110,Fed_Monetary,"fed, interest rates, quantitative",1,0,Fed_Monetary_Policy,Federal Reserve interest rates and monetary policy pressure
2019-04-01 16:47:16+00:00,2019-04-01 12:47:16-04:00,Democrats should stop fighting Sen. David Perdue’s disaster relief bill. They are blocking funding and relief for our great farmers and rural America!,20170,81497,Agriculture_Retaliation,farmers,1,0,Agriculture_Farm_Aid,US farm aid packages and agricultural trade purchases
2019-04-02 02:50:20+00:00,2019-04-01 22:50:20-04:00,The Democrats today killed a Bill that would have provided great relief to Farmers and yet more money to Puerto Rico despite the fact that Puerto Rico has already been scheduled to receive more hurricane relief funding than any “place” in history. The people of Puerto Rico.....,15336,58367,Agriculture_Retaliation,farmers,1,0,Agriculture_Farm_Aid,US farm aid packages and agricultural trade purchases
2019-04-02 03:38:29+00:00,2019-04-01 23:38:29-04:00,"....the crazed and incompetent Mayor of San Juan have done such a poor job  of bringing the Island back to health. 91 Billion Dollars to Puerto Rico, and now the Dems want to give them more, taking dollars away from our Farmers and so many others. Disgraceful!",16283,66657,Agriculture_Retaliation,farmers,1,0,Agriculture_Farm_Aid,US farm aid packages and agricultural trade purchases
2019-04-02 11:45:26+00:00,2019-04-02 07:45:26-04:00,"....The best thing that ever happened to Puerto Rico is President Donald J. Trump. So many wonderful people, but with such bad Island leadership and with so much money wasted. Cannot continue to hurt our Farmers and States with these massive payments, and so little appreciation!",15350,75665,Agriculture_Retaliation,farmers,1,0,Agriculture_Farm_Aid,US farm aid packages and agricultural trade purchases
2019-04-04 12:01:15+00:00,2019-04-04 08:01:15-04:00,"Despite the unnecessary and destructive actions taken by the Fed, the Economy is looking very strong, the China and USMCA deals are moving along nicely, there is little or no Inflation, and USA optimism is very high!",14300,66827,Trade_Tariff; China; Fed_Monetary,"china, fed, usmca",1,1,Pure_Trade_Tariff,"Genuine trade deals, tariffs, deficits, or currency policy"
2019-04-05 13:11:36+00:00,2019-04-05 09:11:36-04:00,"....However, if for any reason Mexico stops apprehending and bringing the illegals back to where they came from, the U.S. will be forced to Tariff at 25% all cars made in Mexico and shipped over the Border to us. If that doesn’t work, which it will, I will close the Border.......",15449,74195,Trade_Tariff,tariff,1,1,Pure_Trade_Tariff,"Genuine trade deals, tariffs, deficits, or currency policy"
2019-04-05 13:19:46+00:00,2019-04-05 09:19:46-04:00,"....This will supersede USMCA. Likewise I am looking at an economic penalty for the 500 Billion Dollars in illegal DRUGS that are shipped and smuggled through Mexico and across our Southern Border. Over 100,00 Americans die each year, sooo many families destroyed!",12910,58064,Trade_Tariff,usmca,1,1,Pure_Trade_Tariff,"Genuine trade deals, tariffs, deficits, or currency policy"
2019-04-06 14:31:09+00:00,2019-04-06 10:31:09-04:00,".....years and $30 million, and they found No Collusion, No Obstruction. But the Democrats, no matter what we give them, will NEVER be satisfied. A total waste of time. As @FrankLuntz has just stated, “Enough, America has had enough. What have you accomplished. Public is fed up.”",14757,65153,Fed_Monetary,fed,1,0,Fed_Monetary_Policy,Federal Reserve interest rates and monetary policy pressure
2019-04-08 01:03:25+00:00,2019-04-07 21:03:25-04:00,"....Mexico must apprehend all illegals and not let them make the long march up to the United States, or we will have no other choice than to Close the Border and/or institute Tariffs. Our Country is FULL!",20870,99016,Trade_Tariff,tariffs,1,1,Pure_Trade_Tariff,"Genuine trade deals, tariffs, deficits, or currency policy"
2019-04-09 04:50:22+00:00,2019-04-09 00:50:22-04:00,"RT @WhiteHouse: The newly constructed 30-foot wall in Calexico, CA, replaces a barrier made of surplus corrugated steel landing mats from t...",9488,0,Steel_Aluminum,steel,1,0,Steel_Aluminum_Industry,Domestic steel and aluminum industry protection/jobs
2019-04-09 11:34:39+00:00,2019-04-09 07:34:39-04:00,"The World Trade Organization finds that the European Union subsidies to Airbus has adversely impacted the United States, which will now put Tariffs on $11 Billion of EU products! The EU has taken advantage of the U.S. on trade for many years. It will soon stop!",16467,66316,Trade_Tariff,tariffs,1,1,Pure_Trade_Tariff,"Genuine trade deals, tariffs, deficits, or currency policy"
2019-04-14 14:04:00+00:00,2019-04-14 10:04:00-04:00,"If the Fed had done its job properly, which it has not, the Stock Market would have been up 5000 to 10,000 additional points, and GDP would have been well  over 4% instead of 3%...with almost no inflation. Quantitative tightening was a killer, should have done the exact opposite!",19844,88774,Fed_Monetary,"fed, quantitative",1,0,Fed_Monetary_Policy,Federal Reserve interest rates and monetary policy pressure
2019-04-15 01:42:58+00:00,2019-04-14 21:42:58-04:00,"Chinese Telecom Giant Huawei hires former Obama Cyber Security Official as a lobbyist. This is not good, or acceptable! @FoxNews @SteveHiltonx",19158,67108,Target_Company_Tech,huawei,1,0,Company_Tech_Target,Direct corporate target or 5G/tech supply chain restriction
2019-04-15 10:29:27+00:00,2019-04-15 06:29:27-04:00,"What do I know about branding, maybe nothing (but I did become President!), but if I were Boeing, I would FIX the Boeing 737 MAX, add some additional great features, &amp, REBRAND the plane with a new name.No product has suffered like this one. But again, what the hell do I know?",19186,112484,Target_Company_Tech,boeing,1,0,Company_Tech_Target,Direct corporate target or 5G/tech supply chain restriction
2019-04-15 21:57:02+00:00,2019-04-15 17:57:02-04:00,"The forgotten voters of the 2016 Election are now doing great. The Steel Industry is rebuilding and expanding at a pace that it hasn’t seen in decades. Our Country has one of the best Economies in many years, perhaps ever. Unemployment numbers best in 51 years. Wow!",19398,85390,Steel_Aluminum,steel,1,0,Steel_Aluminum_Industry,Domestic steel and aluminum industry protection/jobs
2019-04-21 03:10:43+00:00,2019-04-20 23:10:43-04:00,RT @seanhannity: Prior Reporting Confirmed That Some FBI Agents Were FED UP With Comey https://t.co/xKVZMVnOQI,13266,0,Fed_Monetary,fed,1,0,Fed_Monetary_Policy,Federal Reserve interest rates and monetary policy pressure
2019-04-22 16:16:38+00:00,2019-04-22 12:16:38-04:00,"My friend Herman Cain, a truly wonderful man, has asked me not to nominate him for a seat on the Federal Reserve Board. I will respect his wishes. Herman is a great American who truly loves our Country!",17550,111553,Fed_Monetary,federal reserve,1,0,Fed_Monetary_Policy,Federal Reserve interest rates and monetary policy pressure
2019-04-23 11:04:37+00:00,2019-04-23 07:04:37-04:00,"“Harley Davidson has struggled with Tariffs with the EU, currently paying 31%. They’ve had to move production overseas to try and offset some of that Tariff that they’ve been hit with which will rise to 66% in June of 2021.” @MariaBartiromo So unfair to U.S. We will Reciprocate!",13688,61623,Trade_Tariff,"tariff, tariffs",1,1,Pure_Trade_Tariff,"Genuine trade deals, tariffs, deficits, or currency policy"
2019-04-29 14:51:03+00:00,2019-04-29 10:51:03-04:00,"Sleepy Joe Biden is having his first rally in the Great State of Pennsylvania. He obviously doesn’t know that Pennsylvania is having one of the best economic years in its history, with lowest unemployment EVER, a now thriving Steel Industry (that was dead) &amp, great future!........",14946,67529,Steel_Aluminum,steel,1,0,Steel_Aluminum_Industry,Domestic steel and aluminum industry protection/jobs
2019-04-30 17:56:57+00:00,2019-04-30 13:56:57-04:00,"China is adding great stimulus to its economy while at the same time keeping interest rates low. Our Federal Reserve has incessantly lifted interest rates, even though inflation is very low, and instituted a very big dose of quantitative tightening. We have the potential to go...",11112,47900,China; Fed_Monetary,"china, federal reserve, interest rates, quantitative",1,0,Fed_Monetary_Policy,Federal Reserve interest rates and monetary policy pressure
2019-04-30 18:05:02+00:00,2019-04-30 14:05:02-04:00,"....up like a rocket if we did some lowering of rates, like one point, and some quantitative easing. Yes, we are doing very well at 3.2% GDP, but with our wonderfully low inflation, we could be setting major records &amp,, at the same time, make our National Debt start to look small!",11507,53517,Fed_Monetary,quantitative,1,0,Fed_Monetary_Policy,Federal Reserve interest rates and monetary policy pressure
2019-05-02 16:29:21+00:00,2019-05-02 12:29:21-04:00,"Steve Moore, a great pro-growth economist and a truly fine person, has decided to withdraw from the Fed process. Steve won the battle of ideas including Tax Cuts....",11399,64224,Fed_Monetary,fed,1,0,Fed_Monetary_Policy,Federal Reserve interest rates and monetary policy pressure
2019-05-02 21:33:57+00:00,2019-05-02 17:33:57-04:00,Congrats to @U_S_Steel for investing $1+ BILLION in America's most INNOVATIVE steel mill. 232 Tariffs make Pennsylvania and USA more prosperous/secure by bringing Steel and Aluminum industries BACK. Tariffs are working. Pittsburgh is again The Steel City. USA Economy is BOOMING! https://t.co/XPXjxli6uc,15548,59394,Trade_Tariff; Steel_Aluminum,"aluminum, steel, tariffs",1,1,Pure_Trade_Tariff,"Genuine trade deals, tariffs, deficits, or currency policy"
2019-05-03 12:12:25+00:00,2019-05-03 08:12:25-04:00,RT @WhiteHouse: President @realDonaldTrump is fixing American trade to bring our steel and manufacturing jobs back HOME!https://t.co/PjD6...,9985,0,Steel_Aluminum,steel,1,0,Steel_Aluminum_Industry,Domestic steel and aluminum industry protection/jobs
2019-05-03 17:06:31+00:00,2019-05-03 13:06:31-04:00,"Had a long and very good conversation with President Putin of Russia. As I have always said, long before the Witch Hunt started, getting along with Russia, China, and everyone is a good thing, not a bad thing....",23966,121474,China,china,0,0,Diplomatic_General_Noise,General foreign relations / courtesy talks without tariff specifics
2019-05-05 01:49:24+00:00,2019-05-04 21:49:24-04:00,RT @DailyCaller: DOJ Asks Courts To Lighten Up On Qualcomm As It Battles China For 5G Supremacy https://t.co/6CEMpAwJZF,4040,0,China,china,0,0,Diplomatic_General_Noise,General foreign relations / courtesy talks without tariff specifics
2019-05-05 16:08:46+00:00,2019-05-05 12:08:46-04:00,"For 10 months, China has been paying Tariffs to the USA of 25% on 50 Billion Dollars of High Tech, and 10% on 200 Billion Dollars of other goods. These payments are partially responsible for our great economic results. The 10% will go up to 25% on Friday. 325 Billions Dollars....",22266,91638,Trade_Tariff; China,"china, tariffs",1,1,Pure_Trade_Tariff,"Genuine trade deals, tariffs, deficits, or currency policy"
2019-05-05 16:08:46+00:00,2019-05-05 12:08:46-04:00,"....of additional goods sent to us by China remain untaxed, but will be shortly, at a rate of 25%. The Tariffs paid to the USA have had little impact on product cost, mostly borne by China. The Trade Deal with China continues, but too slowly, as they attempt to renegotiate. No!",15299,68044,Trade_Tariff; China,"china, tariffs, trade deal",1,1,Pure_Trade_Tariff,"Genuine trade deals, tariffs, deficits, or currency policy"
2019-05-05 20:22:10+00:00,2019-05-05 16:22:10-04:00,RT @IngrahamAngle: Excellent decision by @realDonaldTrump! No other president has had the guts to take on the China challenge.  #AmericaNow...,11869,0,China,china,0,0,Diplomatic_General_Noise,General foreign relations / courtesy talks without tariff specifics
2019-05-06 11:08:41+00:00,2019-05-06 07:08:41-04:00,"The United States has been losing, for many years, 600 to 800 Billion Dollars a year on Trade. With China we lose 500 Billion Dollars. Sorry, we’re not going to be doing that anymore!",23551,107329,China,china,0,0,Diplomatic_General_Noise,General foreign relations / courtesy talks without tariff specifics
2019-05-06 13:48:41+00:00,2019-05-06 09:48:41-04:00,"....Alabama, Iowa, Nebraska, Georgia, South Carolina, North Carolina and others unless much more money is given to Puerto Rico. The Dems don’t want farmers to get any help. Puerto Rico should be very happy and the Dems should stop blocking much needed Disaster Relief!",20777,87631,Agriculture_Retaliation,farmers,1,0,Agriculture_Farm_Aid,US farm aid packages and agricultural trade purchases
2019-05-08 12:48:15+00:00,2019-05-08 08:48:15-04:00,"The reason for the China pullback &amp, attempted renegotiation of the Trade Deal is the sincere HOPE that they will be able to “negotiate” with Joe Biden or one of the very weak Democrats, and thereby continue to ripoff the United States (($500 Billion a year)) for years to come....",17487,75154,Trade_Tariff; China,"china, trade deal",1,1,Pure_Trade_Tariff,"Genuine trade deals, tariffs, deficits, or currency policy"
2019-05-08 12:48:16+00:00,2019-05-08 08:48:16-04:00,"....Guess what, that’s not going to happen! China has just informed us that they (Vice-Premier) are now coming to the U.S. to make a deal. We’ll see, but I am very happy with over $100 Billion a year in Tariffs filling U.S. coffers...great for U.S., not good for China!",14861,69609,Trade_Tariff; China,"china, tariffs",1,1,Pure_Trade_Tariff,"Genuine trade deals, tariffs, deficits, or currency policy"
2019-05-08 20:58:40+00:00,2019-05-08 16:58:40-04:00,"“The reality is, with the Tariffs, the economy has grown more rapidly in the United States and much more slowly in China.” Peter Morici, Former Chief Economist, USITC",12143,56400,Trade_Tariff; China,"china, tariffs",1,1,Pure_Trade_Tariff,"Genuine trade deals, tariffs, deficits, or currency policy"
2019-05-09 23:11:00+00:00,2019-05-09 19:11:00-04:00,"House Republicans should not vote for the BAD DEMOCRAT Disaster Supplemental Bill which hurts our States, Farmers &amp, Border Security. Up for vote tomorrow. We want to do much better than this. All sides keep working and send a good BILL for immediate signing!",15906,68068,Agriculture_Retaliation,farmers,1,0,Agriculture_Farm_Aid,US farm aid packages and agricultural trade purchases
2019-05-10 10:53:55+00:00,2019-05-10 06:53:55-04:00,"Talks with China continue in a very congenial manner - there is absolutely no need to rush - as Tariffs are NOW being paid to the United States by China of 25% on 250 Billion Dollars worth of goods &amp, products. These massive payments go directly to the Treasury of the U.S.......",2637,10037,Trade_Tariff; China,"china, tariffs",1,1,Pure_Trade_Tariff,"Genuine trade deals, tariffs, deficits, or currency policy"
2019-05-10 10:53:55+00:00,2019-05-10 06:53:55-04:00,"....The process has begun to place additional Tariffs at 25% on the remaining 325 Billion Dollars. The U.S. only sells China approximately 100 Billion Dollars of goods &amp, products, a very big imbalance. With the over 100 Billion Dollars in Tariffs that we take in, we will buy.....",834,2356,Trade_Tariff; China,"china, tariffs",1,1,Pure_Trade_Tariff,"Genuine trade deals, tariffs, deficits, or currency policy"
2019-05-10 10:53:56+00:00,2019-05-10 06:53:56-04:00,"....If we bought 15 Billion Dollars of Agriculture from our Farmers, far more than China buys now, we would have more than 85 Billion Dollars left over for new Infrastructure, Healthcare, or anything else. China would greatly slow down, and we would automatically speed up!",2018,7868,China; Agriculture_Retaliation,"china, farmers",1,0,Agriculture_Farm_Aid,US farm aid packages and agricultural trade purchases
2019-05-10 10:53:56+00:00,2019-05-10 06:53:56-04:00,"Tariffs will bring in FAR MORE wealth to our country than even a phenomenal deal of the traditional kind. Also, much easier &amp, quicker to do. Our Farmers will do better, faster, and starving nations can now be helped. Waivers on some products will be granted, or go to new source!",1747,7112,Trade_Tariff; Agriculture_Retaliation,"farmers, tariffs",1,1,Pure_Trade_Tariff,"Genuine trade deals, tariffs, deficits, or currency policy"
2019-05-10 10:53:56+00:00,2019-05-10 06:53:56-04:00,"....agricultural products from our Great Farmers, in larger amounts than China ever did, and ship it to poor &amp, starving countries in the form of humanitarian assistance. In the meantime we will continue to negotiate with China in the hopes that they do not again try to redo deal!",813,2359,China; Agriculture_Retaliation,"china, farmers",1,0,Agriculture_Farm_Aid,US farm aid packages and agricultural trade purchases
2019-05-10 11:22:21+00:00,2019-05-10 07:22:21-04:00,"Tariffs will bring in FAR MORE wealth to our Country than even a phenomenal deal of the traditional kind. Also, much easier &amp, quicker to do. Our Farmers will do better, faster, and starving nations can now be helped. Waivers on some products will be granted, or go to new source!",54,171,Trade_Tariff; Agriculture_Retaliation,"farmers, tariffs",1,1,Pure_Trade_Tariff,"Genuine trade deals, tariffs, deficits, or currency policy"
2019-05-10 11:22:22+00:00,2019-05-10 07:22:22-04:00,"....The process has begun to place additional Tariffs at 25% on the remaining 325 Billion Dollars. The U.S. only sells China approximately 100 Billion Dollars of goods &amp, products, a very big imbalance. With the over 100 Billion Dollars in Tariffs that we take in, we will buy.....",607,1472,Trade_Tariff; China,"china, tariffs",1,1,Pure_Trade_Tariff,"Genuine trade deals, tariffs, deficits, or currency policy"
2019-05-10 11:22:22+00:00,2019-05-10 07:22:22-04:00,"Tariffs will bring in FAR MORE wealth to our Country than even a phenomenal deal of the traditional kind. Also, much easier &amp, quicker to do. Our Farmers will do better, faster, and starving nations can now be helped. Waivers on some products will be granted, or go to new source!",717,2015,Trade_Tariff; Agriculture_Retaliation,"farmers, tariffs",1,1,Pure_Trade_Tariff,"Genuine trade deals, tariffs, deficits, or currency policy"
2019-05-10 11:22:22+00:00,2019-05-10 07:22:22-04:00,"....If we bought 15 Billion Dollars of Agriculture from our Farmers, far more than China buys now, we would have more than 85 Billion Dollars left over for new Infrastructure, Healthcare, or anything else. China would greatly slow down, and we would automatically speed up!",807,2213,China; Agriculture_Retaliation,"china, farmers",1,0,Agriculture_Farm_Aid,US farm aid packages and agricultural trade purchases
2019-05-10 11:22:22+00:00,2019-05-10 07:22:22-04:00,"....agricultural products from our Great Farmers, in larger amounts than China ever did, and ship it to poor &amp, starving countries in the form of humanitarian assistance. In the meantime we will continue to negotiate with China in the hopes that they do not again try to redo deal!",582,1495,China; Agriculture_Retaliation,"china, farmers",1,0,Agriculture_Farm_Aid,US farm aid packages and agricultural trade purchases
2019-05-10 11:24:39+00:00,2019-05-10 07:24:39-04:00,"We have lost 500 Billion Dollars a year, for many years, on Crazy Trade with China. NO MORE!",16397,72157,China,china,0,0,Diplomatic_General_Noise,General foreign relations / courtesy talks without tariff specifics
2019-05-10 11:43:56+00:00,2019-05-10 07:43:56-04:00,"....The process has begun to place additional Tariffs at 25% on the remaining 325 Billion Dollars. The U.S. only sells China approximately 100 Billion Dollars of goods &amp, products, a very big imbalance. With the over 100 Billion Dollars in Tariffs that we take in, we will buy.....",4231,16870,Trade_Tariff; China,"china, tariffs",1,1,Pure_Trade_Tariff,"Genuine trade deals, tariffs, deficits, or currency policy"
2019-05-10 11:43:56+00:00,2019-05-10 07:43:56-04:00,"....agricultural products from our Great Farmers, in larger amounts than China ever did, and ship it to poor &amp, starving countries in the form of humanitarian assistance. In the meantime we will continue to negotiate with China in the hopes that they do not again try to redo deal!",5421,22487,China; Agriculture_Retaliation,"china, farmers",1,0,Agriculture_Farm_Aid,US farm aid packages and agricultural trade purchases
2019-05-10 11:43:56+00:00,2019-05-10 07:43:56-04:00,"Talks with China continue in a very congenial manner - there is absolutely no need to rush - as Tariffs are NOW being paid to the United States by China of 25% on 250 Billion Dollars worth of goods &amp, products. These massive payments go directly to the Treasury of the U.S....",15391,79192,Trade_Tariff; China,"china, tariffs",1,1,Pure_Trade_Tariff,"Genuine trade deals, tariffs, deficits, or currency policy"
2019-05-10 11:46:16+00:00,2019-05-10 07:46:16-04:00,"Tariffs will bring in FAR MORE wealth to our Country than even a phenomenal deal of the traditional kind. Also, much easier &amp, quicker to do. Our Farmers will do better, faster, and starving nations can now be helped. Waivers on some products will be granted, or go to new source!",11821,61993,Trade_Tariff; Agriculture_Retaliation,"farmers, tariffs",1,1,Pure_Trade_Tariff,"Genuine trade deals, tariffs, deficits, or currency policy"
2019-05-10 11:48:26+00:00,2019-05-10 07:48:26-04:00,"Tariffs will make our Country MUCH STRONGER, not weaker. Just sit back and watch! In the meantime, China should not renegotiate deals with the U.S. at the last minute. This is not the Obama Administration, or the Administration of Sleepy Joe, who let China get away with “murder!”",13678,55548,Trade_Tariff; China,"china, tariffs",1,1,Pure_Trade_Tariff,"Genuine trade deals, tariffs, deficits, or currency policy"
2019-05-10 12:02:11+00:00,2019-05-10 08:02:11-04:00,Build your products in the United States and there are NO TARIFFS!,1440,5393,Trade_Tariff,tariffs,1,1,Pure_Trade_Tariff,"Genuine trade deals, tariffs, deficits, or currency policy"
2019-05-10 12:07:24+00:00,2019-05-10 08:07:24-04:00,"....If we bought 15 Billion Dollars of Agriculture from our Farmers, far more than China buys now, we would have more than 85 Billion Dollars left over for new Infrastructure, Healthcare, or anything else. China would greatly slow down, and we would automatically speed up!",12843,64234,China; Agriculture_Retaliation,"china, farmers",1,0,Agriculture_Farm_Aid,US farm aid packages and agricultural trade purchases
2019-05-10 12:08:32+00:00,2019-05-10 08:08:32-04:00,Build your products in the United States and there are NO TARIFFS!,19745,90905,Trade_Tariff,tariffs,1,1,Pure_Trade_Tariff,"Genuine trade deals, tariffs, deficits, or currency policy"
2019-05-10 12:55:27+00:00,2019-05-10 08:55:27-04:00,"Your all time favorite President got tired of waiting for China to help out and start buying from our FARMERS, the greatest anywhere in the World!",18319,104841,China; Agriculture_Retaliation,"china, farmers",1,0,Agriculture_Farm_Aid,US farm aid packages and agricultural trade purchases
2019-05-10 13:39:11+00:00,2019-05-10 09:39:11-04:00,"“We have been engaged in an unfair relationship with China for a long time. They have reneged on the commitments they made to the WTO, particularly around intellectual property.” Carly Fiorina @MariaBartiromo",11761,50179,China,china,1,1,Pure_Trade_Tariff,"Genuine trade deals, tariffs, deficits, or currency policy"
2019-05-10 17:57:00+00:00,2019-05-10 13:57:00-04:00,Great Republican vote today on Disaster Relief Bill. We will now work out a bipartisan solution that gets relief for our great States and Farmers. Thank you to all. Get me a Bill that I can quickly sign!,13648,65950,Agriculture_Retaliation,farmers,1,0,Agriculture_Farm_Aid,US farm aid packages and agricultural trade purchases
2019-05-10 19:14:04+00:00,2019-05-10 15:14:04-04:00,"Over the course of the past two days, the United States and China have held candid and constructive conversations on the status of the trade relationship between both countries. The relationship between President Xi and myself remains a very strong one, and conversations....",14623,77469,China,china,0,0,Diplomatic_General_Noise,General foreign relations / courtesy talks without tariff specifics
2019-05-10 19:14:04+00:00,2019-05-10 15:14:04-04:00,"....into the future will continue. In the meantime, the United States has imposed Tariffs on China, which may or may not be removed depending on what happens with respect to future negotiations!",12016,65115,Trade_Tariff; China,"china, tariffs",1,1,Pure_Trade_Tariff,"Genuine trade deals, tariffs, deficits, or currency policy"
2019-05-10 23:41:41+00:00,2019-05-10 19:41:41-04:00,"RT @realDonaldTrump: Tariffs will bring in FAR MORE wealth to our Country than even a phenomenal deal of the traditional kind. Also, much e...",11821,0,Trade_Tariff,tariffs,1,1,Pure_Trade_Tariff,"Genuine trade deals, tariffs, deficits, or currency policy"
2019-05-11 00:11:23+00:00,2019-05-10 20:11:23-04:00,"RT @realDonaldTrump: ....If we bought 15 Billion Dollars of Agriculture from our Farmers, far more than China buys now, we would have more...",12843,0,China; Agriculture_Retaliation,"china, farmers",1,0,Agriculture_Farm_Aid,US farm aid packages and agricultural trade purchases
2019-05-11 12:07:11+00:00,2019-05-11 08:07:11-04:00,"RT @LindseyGrahamSC: @realDonaldTrump When it comes to China, we must be willing to accept short term pain for long term gain. Stick to y...",6028,0,China,china,0,0,Diplomatic_General_Noise,General foreign relations / courtesy talks without tariff specifics
2019-05-11 12:07:33+00:00,2019-05-11 08:07:33-04:00,RT @LindseyGrahamSC: Will stand behind President @realDonaldTrump and his team as he insists on a  great deal with China.  It’s our last...,6508,0,China,china,0,0,Diplomatic_General_Noise,General foreign relations / courtesy talks without tariff specifics
2019-05-11 12:08:19+00:00,2019-05-11 08:08:19-04:00,"RT @TommyHicksGOP: For years, China has engaged in unfair trade practices. While the US-China relationship is important, @realDonaldTrump i...",3740,0,China,china,0,0,Diplomatic_General_Noise,General foreign relations / courtesy talks without tariff specifics
2019-05-11 12:08:51+00:00,2019-05-11 08:08:51-04:00,RT @realDonaldTrump: Build your products in the United States and there are NO TARIFFS!,19745,0,Trade_Tariff,tariffs,1,1,Pure_Trade_Tariff,"Genuine trade deals, tariffs, deficits, or currency policy"
2019-05-11 12:14:54+00:00,2019-05-11 08:14:54-04:00,"RT @LindseyGrahamSC: When it comes to China, they will never change their behavior until someone stands up to them.  I’m proud of President...",5521,0,China,china,0,0,Diplomatic_General_Noise,General foreign relations / courtesy talks without tariff specifics
2019-05-11 12:16:08+00:00,2019-05-11 08:16:08-04:00,RT @GOP: “This is crazy... China not being a threat? [Biden is] so out of touch.” -@kayleighmcenany https://t.co/wlpYxS7wTS,4439,0,China,china,0,0,Election_Political_Noise,Domestic 2020 election campaign attacks referencing China
2019-05-11 12:17:49+00:00,2019-05-11 08:17:49-04:00,"RT @GOPChairwoman: While @realDonaldTrump is standing up to China’s unfair trade practices, Joe Biden says they are not “competition for us...",9661,0,China,china,0,0,Election_Political_Noise,Domestic 2020 election campaign attacks referencing China
2019-05-11 12:19:42+00:00,2019-05-11 08:19:42-04:00,"RT @GovMikeHuckabee: I sure wish Sen Richard Burr was as interested in Biden's cushy deals w/ Ukraine &amp, China while VP than he is in the ha...",13163,0,China,china,0,0,Election_Political_Noise,Domestic 2020 election campaign attacks referencing China
2019-05-11 13:55:14+00:00,2019-05-11 09:55:14-04:00,Such an easy way to avoid Tariffs? Make or produce your goods and products in the good old USA. It’s very simple!,25048,121391,Trade_Tariff,tariffs,1,1,Pure_Trade_Tariff,"Genuine trade deals, tariffs, deficits, or currency policy"
2019-05-11 22:18:30+00:00,2019-05-11 18:18:30-04:00,"I think that China felt they were being beaten so badly in the recent negotiation that they may as well wait around for the next election, 2020, to see if they could get lucky &amp, have a Democrat win - in which case they would continue to rip-off the USA for $500 Billion a year....",21880,102942,China,china,0,0,Election_Political_Noise,Domestic 2020 election campaign attacks referencing China
2019-05-11 22:18:31+00:00,2019-05-11 18:18:31-04:00,"....The only problem is that they know I am going to win (best economy &amp, employment numbers in U.S. history, &amp, much more), and the deal will become far worse for them if it has to be negotiated in my second term. Would be wise for them to act now, but love collecting BIG TARIFFS!",17442,88383,Trade_Tariff,tariffs,1,1,Pure_Trade_Tariff,"Genuine trade deals, tariffs, deficits, or currency policy"
2019-05-11 23:27:40+00:00,2019-05-11 19:27:40-04:00,RT @GOPChairwoman: An Ohio manufacturing CEO explains that cracking down on China has meant stability and predictability for his business....,11434,0,China,china,0,0,Diplomatic_General_Noise,General foreign relations / courtesy talks without tariff specifics
2019-05-12 03:40:29+00:00,2019-05-11 23:40:29-04:00,RT @realDonaldTrump: I think that China felt they were being beaten so badly in the recent negotiation that they may as well wait around fo...,21880,0,China,china,0,0,Diplomatic_General_Noise,General foreign relations / courtesy talks without tariff specifics
2019-05-12 03:41:09+00:00,2019-05-11 23:41:09-04:00,RT @realDonaldTrump: Such an easy way to avoid Tariffs? Make or produce your goods and products in the good old USA. It’s very simple!,25048,0,Trade_Tariff,tariffs,1,1,Pure_Trade_Tariff,"Genuine trade deals, tariffs, deficits, or currency policy"
2019-05-12 21:06:05+00:00,2019-05-12 17:06:05-04:00,"....We will then spend (match or better) the money that China may no longer be spending with our Great Patriot Farmers (Agriculture), which is a small percentage of total Tariffs received, and distribute the food to starving people in nations around the world! GREAT! #MAGA",12985,65215,Trade_Tariff; China; Agriculture_Retaliation,"china, farmers, tariffs",1,1,Pure_Trade_Tariff,"Genuine trade deals, tariffs, deficits, or currency policy"
2019-05-12 21:06:05+00:00,2019-05-12 17:06:05-04:00,"We are right where we want to be with China. Remember, they broke the deal with us &amp, tried to renegotiate. We will be taking in Tens of Billions of Dollars in Tariffs from China. Buyers of product can make it themselves in the USA (ideal), or buy it from non-Tariffed countries...",16302,80141,Trade_Tariff; China,"china, tariffs",1,1,Pure_Trade_Tariff,"Genuine trade deals, tariffs, deficits, or currency policy"
2019-05-12 23:22:39+00:00,2019-05-12 19:22:39-04:00,"China is DREAMING that Sleepy Joe Biden, or any of the others, gets elected in 2020. They LOVE ripping off America!",15775,70683,China,china,0,0,Election_Political_Noise,Domestic 2020 election campaign attacks referencing China
2019-05-13 10:40:25+00:00,2019-05-13 06:40:25-04:00,"Their is no reason for the U.S. Consumer to pay the Tariffs, which take effect on China today. This has been proven recently when only 4 points were paid by the U.S., 21 points by China because China subsidizes product to such a large degree. Also, the Tariffs can be.....",11309,49347,Trade_Tariff; China,"china, tariffs",1,1,Pure_Trade_Tariff,"Genuine trade deals, tariffs, deficits, or currency policy"
2019-05-13 10:40:25+00:00,2019-05-13 06:40:25-04:00,"..There will be nobody left in China to do business with. Very bad for China, very good for USA! But China has taken so advantage of the U.S. for so many years, that they are way ahead (Our Presidents did not do the job). Therefore, China should not retaliate-will only get worse!",10570,47367,China,china,0,0,Diplomatic_General_Noise,General foreign relations / courtesy talks without tariff specifics
2019-05-13 10:40:25+00:00,2019-05-13 06:40:25-04:00,"....completely avoided if you by from a non-Tariffed Country, or you buy the product inside the USA (the best idea). That’s Zero Tariffs. Many Tariffed companies will be leaving China for Vietnam and other such countries in Asia. That’s why China wants to make a deal so badly!...",10000,45376,Trade_Tariff; China,"china, tariffs",1,1,Pure_Trade_Tariff,"Genuine trade deals, tariffs, deficits, or currency policy"
2019-05-13 10:49:24+00:00,2019-05-13 06:49:24-04:00,"I say openly to President Xi &amp, all of my many friends in China that China will be hurt very badly if you don’t make a deal because companies will be forced to leave China for other countries. Too expensive to buy in China. You had a great deal, almost completed, &amp, you backed out!",17221,77100,China,china,0,0,Diplomatic_General_Noise,General foreign relations / courtesy talks without tariff specifics
2019-05-13 11:02:18+00:00,2019-05-13 07:02:18-04:00,The unexpectedly good first quarter 3.2% GDP was greatly helped by Tariffs from China. Some people just don’t get it!,11116,51585,Trade_Tariff; China,"china, tariffs",1,1,Pure_Trade_Tariff,"Genuine trade deals, tariffs, deficits, or currency policy"
2019-05-13 13:12:14+00:00,2019-05-13 09:12:14-04:00,"RT @GOPChairwoman: Joe Biden let China get away with cheating when he was Vice President, and he continues to naively dismiss China today....",12435,0,China,china,0,0,Election_Political_Noise,Domestic 2020 election campaign attacks referencing China
2019-05-13 15:55:22+00:00,2019-05-13 11:55:22-04:00,"There is no reason for the U.S. Consumer to pay the Tariffs, which take effect on China today. This has been proven recently when only 4 points were paid by the U.S., 21 points by China because China subsidizes product to such a large degree. Also, the Tariffs can be.....",15691,78632,Trade_Tariff; China,"china, tariffs",1,1,Pure_Trade_Tariff,"Genuine trade deals, tariffs, deficits, or currency policy"
2019-05-13 15:55:22+00:00,2019-05-13 11:55:22-04:00,"...completely avoided if you buy from a non-Tariffed Country, or you buy the product inside the USA (the best idea). That’s Zero Tariffs. Many Tariffed companies will be leaving China for Vietnam and other such countries in Asia. That’s why China wants to make a deal so badly!...",12360,65756,Trade_Tariff; China,"china, tariffs",1,1,Pure_Trade_Tariff,"Genuine trade deals, tariffs, deficits, or currency policy"
2019-05-13 15:55:23+00:00,2019-05-13 11:55:23-04:00,"..There will be nobody left in China to do business with. Very bad for China, very good for USA! But China has taken so advantage of the U.S. for so many years, that they are way ahead (Our Presidents did not do the job). Therefore, China should not retaliate-will only get worse!",13904,70629,China,china,0,0,Diplomatic_General_Noise,General foreign relations / courtesy talks without tariff specifics
2019-05-14 10:15:50+00:00,2019-05-14 06:15:50-04:00,"In one year Tariffs have rebuilt our Steel Industry - it is booming! We placed a 25% Tariff on “dumped” steel from China &amp, other countries, and we now have a big and growing industry. We had to save Steel for our defense and auto industries, both of which are coming back strong!",15678,71419,Trade_Tariff; China; Steel_Aluminum,"china, steel, tariff, tariffs",1,1,Pure_Trade_Tariff,"Genuine trade deals, tariffs, deficits, or currency policy"
2019-05-14 10:31:10+00:00,2019-05-14 06:31:10-04:00,"China buys MUCH less from us than we buy from them, by almost 500 Billion Dollars, so we are in a fantastic position. Make your product at home in the USA and there is no Tariff. You can also buy from a non-Tariffed country instead of China. Many companies are leaving China.....",16638,83631,Trade_Tariff; China,"china, tariff",1,1,Pure_Trade_Tariff,"Genuine trade deals, tariffs, deficits, or currency policy"
2019-05-14 10:31:11+00:00,2019-05-14 06:31:11-04:00,"....so that they will be more competitive for USA buyers. We are now a much bigger economy than China, and have substantially increased in size since the great 2016 Election. We are the “piggy bank” that everyone wants to raid and take advantage of. NO MORE!",12136,63728,China,china,0,0,Election_Political_Noise,Domestic 2020 election campaign attacks referencing China
2019-05-14 10:51:41+00:00,2019-05-14 06:51:41-04:00,"We can make a deal with China tomorrow, before their companies start leaving so as not to lose USA business, but the last time we were close they wanted to renegotiate the deal. No way! We are in a much better position now than any deal we could have made. Will be taking in.....",13359,68485,China,china,0,0,Diplomatic_General_Noise,General foreign relations / courtesy talks without tariff specifics
2019-05-14 11:16:58+00:00,2019-05-14 07:16:58-04:00,"....of the tremendous ground we have lost to China on Trade since the ridiculous one sided formation of the WTO. It will all happen, and much faster than people think!",13081,75841,China,china,1,1,Pure_Trade_Tariff,"Genuine trade deals, tariffs, deficits, or currency policy"
2019-05-14 11:16:58+00:00,2019-05-14 07:16:58-04:00,"When the time is right we will make a deal with China. My respect and friendship with President Xi is unlimited but, as I have told him many times before, this must be a great deal for the United States or it just doesn’t make any sense. We have to be allowed to make up some.....",17115,95644,China,china,0,0,Diplomatic_General_Noise,General foreign relations / courtesy talks without tariff specifics
2019-05-14 11:29:35+00:00,2019-05-14 07:29:35-04:00,"....This money will come from the massive Tariffs being paid to the United States for allowing China, and others, to do business with us. The Farmers have been “forgotten” for many years. Their time is now!",11515,61045,Trade_Tariff; China; Agriculture_Retaliation,"china, farmers, tariffs",1,1,Pure_Trade_Tariff,"Genuine trade deals, tariffs, deficits, or currency policy"
2019-05-14 11:29:35+00:00,2019-05-14 07:29:35-04:00,"Our great Patriot Farmers will be one of the biggest beneficiaries of what is happening now. Hopefully China will do us the honor of continuing to buy our great farm product, the best, but if not your Country will be making up the difference based on a very high China buy......",13278,69567,China; Agriculture_Retaliation,"china, farmers",1,0,Agriculture_Farm_Aid,US farm aid packages and agricultural trade purchases
2019-05-14 12:35:41+00:00,2019-05-14 08:35:41-04:00,"China will be pumping money into their system and probably reducing interest rates, as always, in order to make up for the business they are, and will be, losing. If the Federal Reserve ever did a “match,” it would be game over, we win! In any event, China wants a deal!",14286,63874,China; Fed_Monetary,"china, federal reserve, interest rates",1,0,Fed_Monetary_Policy,Federal Reserve interest rates and monetary policy pressure
2019-05-20 02:29:27+00:00,2019-05-19 22:29:27-04:00,"Starting Monday, our great Farmers can begin doing business again with Mexico and Canada. They have both taken the tariff penalties off of your great agricultural product. Please be sure that you are treated fairly. Any complaints should immediately go to  @SecretarySonny Perdue!",15274,61155,Trade_Tariff; Agriculture_Retaliation,"farmers, tariff",1,1,Pure_Trade_Tariff,"Genuine trade deals, tariffs, deficits, or currency policy"
2019-05-20 14:08:04+00:00,2019-05-20 10:08:04-04:00,"Looks like Bernie Sanders is history. Sleepy Joe Biden is pulling ahead and think about it, I’m only here because of Sleepy Joe and the man who took him off the 1% trash heap, President O! China wants Sleepy Joe BADLY!",20847,99247,China,china,0,0,Election_Political_Noise,Domestic 2020 election campaign attacks referencing China
2019-05-25 06:57:23+00:00,2019-05-25 02:57:23-04:00,"The real trade war began 30 years ago, and we lost. This is a bright new Age, the Age of Enlightenment. We don’t lose anymore! https://t.co/5ECmBpsI6D",15830,60851,Trade_Tariff,trade war,1,1,Pure_Trade_Tariff,"Genuine trade deals, tariffs, deficits, or currency policy"
2019-05-25 20:45:45+00:00,2019-05-25 16:45:45-04:00,RT @GOPChairwoman: The @realDonaldTrump administration's fight for better trade deals doesn't end with China. The president is working ha...,7260,0,China,china,1,1,Pure_Trade_Tariff,"Genuine trade deals, tariffs, deficits, or currency policy"
2019-05-30 23:30:19+00:00,2019-05-30 19:30:19-04:00,"On June 10th, the United States will impose a 5% Tariff on all goods coming into our Country from Mexico, until such time as illegal migrants coming through Mexico, and into our Country, STOP. The Tariff will gradually increase until the Illegal Immigration problem is remedied,..",33239,143765,Trade_Tariff,tariff,1,1,Pure_Trade_Tariff,"Genuine trade deals, tariffs, deficits, or currency policy"
2019-05-30 23:30:20+00:00,2019-05-30 19:30:20-04:00,....at which time the Tariffs will be removed. Details from the White House to follow.,16692,89078,Trade_Tariff,tariffs,1,1,Pure_Trade_Tariff,"Genuine trade deals, tariffs, deficits, or currency policy"
2019-05-31 14:27:51+00:00,2019-05-31 10:27:51-04:00,"In order not to pay Tariffs, if they start rising, companies will leave Mexico, which has taken 30% of our Auto Industry, and come back home to the USA. Mexico must take back their country from the drug lords and cartels. The Tariff is about stopping drugs as well as illegals!",19343,82353,Trade_Tariff,"tariff, tariffs",1,1,Pure_Trade_Tariff,"Genuine trade deals, tariffs, deficits, or currency policy"
2019-05-31 14:41:24+00:00,2019-05-31 10:41:24-04:00,"90% of the Drugs coming into the United States come through Mexico &amp, our Southern Border. 80,000 people died last year, 1,000,000 people ruined. This has gone on for many years &amp, nothing has been done about it. We have a 100 Billion Dollar Trade Deficit with Mexico. It’s time!",24489,96814,Trade_Tariff,trade deficit,1,1,Pure_Trade_Tariff,"Genuine trade deals, tariffs, deficits, or currency policy"
2019-06-01 20:37:03+00:00,2019-06-01 16:37:03-04:00,"Washington Post got it wrong, as usual. The U.S. is charging 25% against 250 Billion Dollars of goods shipped from China, not 200 BD. Also, China is paying a heavy cost in that they will subsidize goods to keep them coming, devalue their currency, yet companies are moving to.....",15585,79348,China,china,0,0,Diplomatic_General_Noise,General foreign relations / courtesy talks without tariff specifics
2019-06-01 20:37:04+00:00,2019-06-01 16:37:04-04:00,"....U.S. in order to avoid paying the 25% Tariff. Like Mexican companies will move back to the United States once the Tariff reaches the higher levels. They took many of our companies &amp, jobs, the foolish Pols let it happen, and now they will come back unless Mexico stops the.....",12041,65355,Trade_Tariff,tariff,1,1,Pure_Trade_Tariff,"Genuine trade deals, tariffs, deficits, or currency policy"
2019-06-01 22:20:56+00:00,2019-06-01 18:20:56-04:00,"When you are the “Piggy Bank” Nation that foreign countries have been robbing and deceiving for years, the word TARIFF is a beautiful word indeed! Others must treat the United States fairly and with respect - We are no longer the “fools” of the past!",24437,112614,Trade_Tariff,tariff,1,1,Pure_Trade_Tariff,"Genuine trade deals, tariffs, deficits, or currency policy"
2019-06-02 11:44:12+00:00,2019-06-02 07:44:12-04:00,"....Coyotes and Illegal Immigrants, which they can do very easily, or our many companies and jobs that have been foolishly allowed to move South of the Border, will be brought back into the United States through taxation (Tariffs). America has had enough!",18100,96158,Trade_Tariff,tariffs,1,1,Pure_Trade_Tariff,"Genuine trade deals, tariffs, deficits, or currency policy"
2019-06-03 10:07:11+00:00,2019-06-03 06:07:11-04:00,"China is subsidizing its product in order that it can continue to be sold in the USA. Many firms are leaving China for other countries, including the United States, in order to avoid paying the Tariffs. No visible increase in costs or inflation, but U.S. is taking Billions!",14178,65309,Trade_Tariff; China,"china, tariffs",1,1,Pure_Trade_Tariff,"Genuine trade deals, tariffs, deficits, or currency policy"
2019-06-03 11:58:38+00:00,2019-06-03 07:58:38-04:00,"House just passed the 19.1 Billion Dollar Disaster Aid Bill. Great, now we will get it done in the Senate! Farmers, Puerto Rico and all will be very happy.",5545,24883,Agriculture_Retaliation,farmers,1,0,Agriculture_Farm_Aid,US farm aid packages and agricultural trade purchases
2019-06-03 17:41:37+00:00,2019-06-03 13:41:37-04:00,"....Fake News will be working hard to find them. Great love all around. Also, big Trade Deal is possible once U.K. gets rid of the shackles. Already starting to talk!",18515,110054,Trade_Tariff,trade deal,1,1,Pure_Trade_Tariff,"Genuine trade deals, tariffs, deficits, or currency policy"
2019-06-05 00:04:58+00:00,2019-06-04 20:04:58-04:00,"Can you imagine Cryin’ Chuck Schumer saying out loud, for all to hear, that I am bluffing with respect to putting Tariffs on Mexico. What a Creep. He would rather have our Country fail with drugs &amp, Immigration than give Republicans a win. But he gave Mexico bad advice, no bluff!",20266,81942,Trade_Tariff,tariffs,1,1,Pure_Trade_Tariff,"Genuine trade deals, tariffs, deficits, or currency policy"
2019-06-05 08:02:27+00:00,2019-06-05 04:02:27-04:00,"Could not have been treated more warmly in the United Kingdom by the Royal Family or the people. Our relationship has never been better, and I see a very big Trade Deal down the road. “This trip has been an incredible success for the President.” @IngrahamAngle",18265,101123,Trade_Tariff,trade deal,1,1,Pure_Trade_Tariff,"Genuine trade deals, tariffs, deficits, or currency policy"
2019-06-05 08:20:14+00:00,2019-06-05 04:20:14-04:00,"“House Republicans support the President on Tariffs with Mexico all the way, &amp, that makes any measure the President takes on the Border totally Veto proof. Why wouldn’t you as Republicans support him when that will allow our President to make a better deal.” Thank you @GOPLeader",14391,63282,Trade_Tariff,tariffs,1,1,Pure_Trade_Tariff,"Genuine trade deals, tariffs, deficits, or currency policy"
2019-06-05 22:42:39+00:00,2019-06-05 18:42:39-04:00,"....talks with Mexico will resume tomorrow with the understanding that, if no agreement is reached, Tariffs at the 5% level will begin on Monday, with monthly increases as per schedule. The higher the Tariffs go, the higher the number of companies that will move back to the USA!",17605,83770,Trade_Tariff,tariffs,1,1,Pure_Trade_Tariff,"Genuine trade deals, tariffs, deficits, or currency policy"
2019-06-06 18:06:50+00:00,2019-06-06 14:06:50-04:00,"Just signed Disaster Aid Bill to help Americans who have been hit by recent catastrophic storms. So important for our GREAT American farmers and ranchers. Help for GA, FL, IA, NE, NC, and CA. Puerto Rico should love President Trump. Without me, they would have been shut out! https://t.co/HXvYYdcNW5",13889,63447,Agriculture_Retaliation,farmers,1,0,Agriculture_Farm_Aid,US farm aid packages and agricultural trade purchases
2019-06-07 16:36:55+00:00,2019-06-07 12:36:55-04:00,"China is subsidizing its product in order that it can continue to be sold in the USA. Many firms are leaving China for other countries, including the United States, in order to avoid paying the Tariffs. No visible increase in costs or inflation, but U.S. is taking in Billions!",13261,60014,Trade_Tariff; China,"china, tariffs",1,1,Pure_Trade_Tariff,"Genuine trade deals, tariffs, deficits, or currency policy"
2019-06-07 17:16:41+00:00,2019-06-07 13:16:41-04:00,"If we are able to make the deal with Mexico, &amp, there is a good chance that we will, they will begin purchasing Farm &amp, Agricultural products at very high levels, starting immediately. If we are unable to make the deal, Mexico will begin paying Tariffs at the 5% level on Monday!",12760,59725,Trade_Tariff,tariffs,1,1,Pure_Trade_Tariff,"Genuine trade deals, tariffs, deficits, or currency policy"
2019-06-08 00:31:07+00:00,2019-06-07 20:31:07-04:00,"I am pleased to inform you that The United States of America has reached a signed agreement with Mexico. The Tariffs scheduled to be implemented by the U.S. on Monday, against Mexico, are hereby indefinitely suspended. Mexico, in turn, has agreed to take strong measures to....",47706,213750,Trade_Tariff,tariffs,1,1,Pure_Trade_Tariff,"Genuine trade deals, tariffs, deficits, or currency policy"
2019-06-08 12:03:41+00:00,2019-06-08 08:03:41-04:00,MEXICO HAS AGREED TO IMMEDIATELY BEGIN BUYING LARGE QUANTITIES OF AGRICULTURAL PRODUCT FROM OUR GREAT PATRIOT FARMERS!,28762,154282,Agriculture_Retaliation,farmers,1,0,Agriculture_Farm_Aid,US farm aid packages and agricultural trade purchases
2019-06-08 12:25:20+00:00,2019-06-08 08:25:20-04:00,"I am pleased to inform you that The United States of America has reached a signed agreement with Mexico. The Tariffs scheduled to be implemented by the U.S. on Monday, against Mexico, are hereby indefinitely suspended. Mexico, in turn, has agreed to take strong measures to......",2659,7515,Trade_Tariff,tariffs,1,1,Pure_Trade_Tariff,"Genuine trade deals, tariffs, deficits, or currency policy"
2019-06-08 13:43:35+00:00,2019-06-08 09:43:35-04:00,"Nervous Nancy Pelosi &amp, the Democrat House are getting nothing done. Perhaps they could lead the way with the USMCA, the spectacular &amp, very popular new Trade Deal that replaces NAFTA, the worst Trade Deal in the history of the U.S.A. Great for our Farmers, Manufacturers &amp, Unions!",17668,76027,Trade_Tariff; Agriculture_Retaliation,"farmers, nafta, trade deal, usmca",1,1,Pure_Trade_Tariff,"Genuine trade deals, tariffs, deficits, or currency policy"
2019-06-09 04:09:51+00:00,2019-06-09 00:09:51-04:00,RT @realDonaldTrump: MEXICO HAS AGREED TO IMMEDIATELY BEGIN BUYING LARGE QUANTITIES OF AGRICULTURAL PRODUCT FROM OUR GREAT PATRIOT FARMERS!,28762,0,Agriculture_Retaliation,farmers,1,0,Agriculture_Farm_Aid,US farm aid packages and agricultural trade purchases
2019-06-09 04:10:47+00:00,2019-06-09 00:10:47-04:00,RT @realDonaldTrump: I am pleased to inform you that The United States of America has reached a signed agreement with Mexico. The Tariffs s...,47706,0,Trade_Tariff,tariffs,1,1,Pure_Trade_Tariff,"Genuine trade deals, tariffs, deficits, or currency policy"
2019-06-09 12:26:37+00:00,2019-06-09 08:26:37-04:00,".....there is not, we can always go back to our previous, very profitable, position of Tariffs - But I don’t believe that will be necessary. The Failing @nytimes, &amp, ratings challenged @CNN, will do anything possible to see our Country fail! They are truly The Enemy of the People!",17450,82264,Trade_Tariff,tariffs,1,1,Pure_Trade_Tariff,"Genuine trade deals, tariffs, deficits, or currency policy"
2019-06-09 23:29:33+00:00,2019-06-09 19:29:33-04:00,RT @charliekirk11: It’s amazing to see Democrats within a span of 2 days go from being against Trump’s tariffs on Mexico to now being again...,14530,0,Trade_Tariff,tariffs,1,1,Pure_Trade_Tariff,"Genuine trade deals, tariffs, deficits, or currency policy"
2019-06-10 10:31:43+00:00,2019-06-10 06:31:43-04:00,"....We do not anticipate a problem with the vote but, if for any reason the approval is not forthcoming, Tariffs will be reinstated!",14746,78698,Trade_Tariff,tariffs,1,1,Pure_Trade_Tariff,"Genuine trade deals, tariffs, deficits, or currency policy"
2019-06-11 12:08:30+00:00,2019-06-11 08:08:30-04:00,"This is because the Euro and other currencies are devalued against the dollar, putting the U.S. at a big disadvantage. The Fed Interest rate way to high, added to ridiculous quantitative tightening! They don’t have a clue! https://t.co/0CpnUzJqB9",2363,7803,Fed_Monetary,"fed, interest rate, quantitative",1,0,Fed_Monetary_Policy,Federal Reserve interest rates and monetary policy pressure
2019-06-11 12:47:09+00:00,2019-06-11 08:47:09-04:00,"This is because the Euro and other currencies are devalued against the dollar, putting the U.S. at a big disadvantage. The Fed Interest rate way too high, added to ridiculous quantitative tightening! They don’t have a clue! https://t.co/0CpnUzJqB9",7893,33035,Fed_Monetary,"fed, interest rate, quantitative",1,0,Fed_Monetary_Policy,Federal Reserve interest rates and monetary policy pressure
2019-06-11 12:50:43+00:00,2019-06-11 08:50:43-04:00,"Maria, Dagan, Steve, Stuart V - When you are the big “piggy bank” that other countries have been ripping off for years (to a level that is not to be believed), Tariffs are a great negotiating tool, a great revenue producers and,  most importantly, a powerful way to get......",14705,78298,Trade_Tariff,tariffs,1,1,Pure_Trade_Tariff,"Genuine trade deals, tariffs, deficits, or currency policy"
2019-06-11 13:12:17+00:00,2019-06-11 09:12:17-04:00,"...Companies to come to the U.S.A and to get companies that have left us for other lands to come back home. We stupidly lost 30% of our auto business to Mexico. If the Tariffs went on at the higher level, they would all come back, and pass. But very happy with the deal I made,...",10910,61907,Trade_Tariff,tariffs,1,1,Pure_Trade_Tariff,"Genuine trade deals, tariffs, deficits, or currency policy"
2019-06-11 13:14:13+00:00,2019-06-11 09:14:13-04:00,"....If Mexico produces (which I think they will). Biggest part of deal with Mexico has not yet been revealed! China is similar, except they devalue currency and subsidize companies to lessen effect of 25% Tariff. So far, little effect to consumer. Companies will relocate to U.S.",11245,61644,Trade_Tariff; China,"china, tariff",1,1,Pure_Trade_Tariff,"Genuine trade deals, tariffs, deficits, or currency policy"
2019-06-11 17:44:20+00:00,2019-06-11 13:44:20-04:00,"On my way to Iowa - just heard nearly 1,000 agriculture groups signed a letter urging Congress to approve the USMCA. Our Patriot Farmers &amp, rural America have spoken! Now Congress must do its job &amp, support these great men and women by passing the bipartisan USMCA Trade Agreement!",16797,71260,Trade_Tariff; Agriculture_Retaliation,"farmers, usmca",1,1,Pure_Trade_Tariff,"Genuine trade deals, tariffs, deficits, or currency policy"
2019-06-12 01:21:39+00:00,2019-06-11 21:21:39-04:00,"Beautiful afternoon in Iowa. Thank you to all of our Nation’s Farmers. May God bless you, and may God Bless America! https://t.co/VYA2bSzMWf",17329,89528,Agriculture_Retaliation,farmers,1,0,Agriculture_Farm_Aid,US farm aid packages and agricultural trade purchases
2019-06-13 02:34:23+00:00,2019-06-12 22:34:23-04:00,"Our Farmers deserve this, they are GREAT! https://t.co/0dFkx0vUkl",9927,43810,Agriculture_Retaliation,farmers,1,0,Agriculture_Farm_Aid,US farm aid packages and agricultural trade purchases
2019-06-13 03:07:58+00:00,2019-06-12 23:07:58-04:00,"“Biden would be America’s Dream Candidate, because there would be no more Tariffs, no more demands that China stop stealing our IP, things would go back to the old days with America’s manufacturers &amp, workers getting shafted. He has Zero Credibility!” @IngrahamAngle  So true!",3482,12873,Trade_Tariff; China,"china, tariffs",1,1,Pure_Trade_Tariff,"Genuine trade deals, tariffs, deficits, or currency policy"
2019-06-13 03:50:45+00:00,2019-06-12 23:50:45-04:00,"“Biden would be China’s Dream Candidate, because there would be no more Tariffs, no more demands that China stop stealing our IP, things would go back to the old days with America’s manufacturers &amp, workers getting shafted. He has Zero Credibility!” @IngrahamAngle  So true!",14416,59412,Trade_Tariff; China,"china, tariffs",1,1,Pure_Trade_Tariff,"Genuine trade deals, tariffs, deficits, or currency policy"
2019-06-13 10:21:50+00:00,2019-06-13 06:21:50-04:00,"General Michael Flynn, the 33 year war hero who has served with distinction, has not retained a good lawyer, he has retained a GREAT LAWYER, Sidney Powell. Best Wishes and Good Luck to them both!",20205,83348,Fed_Monetary,powell,1,0,Fed_Monetary_Policy,Federal Reserve interest rates and monetary policy pressure
2019-06-18 10:53:44+00:00,2019-06-18 06:53:44-04:00,"Mario Draghi just announced more stimulus could come, which immediately dropped the Euro against the Dollar, making it unfairly easier for them to compete against the USA. They have been getting away with this for years, along with China and others.",12305,51856,China,china,0,0,Diplomatic_General_Noise,General foreign relations / courtesy talks without tariff specifics
2019-06-18 13:39:38+00:00,2019-06-18 09:39:38-04:00,Had a very good telephone conversation with President Xi of China. We will be having an extended meeting next week at the G-20 in Japan. Our respective teams will begin talks prior to our meeting.,14977,74335,China,china,0,0,Diplomatic_General_Noise,General foreign relations / courtesy talks without tariff specifics
2019-06-18 14:09:23+00:00,2019-06-18 10:09:23-04:00,“ECB officials see Rate Cut as primary tool for any new stimulus.”  @business,5967,29735,Fed_Monetary,rate cut,1,0,Fed_Monetary_Policy,Federal Reserve interest rates and monetary policy pressure
2019-06-19 23:01:59+00:00,2019-06-19 19:01:59-04:00,Congratulations to President Lopez Obrador — Mexico voted to ratify the USMCA today by a huge margin. Time for Congress to do the same here!,19207,88008,Trade_Tariff,usmca,1,1,Pure_Trade_Tariff,"Genuine trade deals, tariffs, deficits, or currency policy"
2019-06-20 14:14:13+00:00,2019-06-20 10:14:13-04:00,“The President has a really good story to tell. We have unemployment lower than we’ve seen in decades. We have people who stopped looking for work coming back into the labor force. We are in a record growth period.” Michael Steel @MSNBC (do you believe?),12911,63565,Steel_Aluminum,steel,1,0,Steel_Aluminum_Industry,Domestic steel and aluminum industry protection/jobs
2019-06-22 16:55:49+00:00,2019-06-22 12:55:49-04:00,"I am at Camp David working on many things, including Iran! We have a great Economy, Tariffs have been very helpful both with respect to the huge Dollars coming IN, &amp, on helping to make good Trade Deals. The Dow heading to BEST June in 80 years! Stock Market BEST June in 50 years!",14834,69712,Trade_Tariff,tariffs,1,1,Pure_Trade_Tariff,"Genuine trade deals, tariffs, deficits, or currency policy"
2019-06-23 14:46:46+00:00,2019-06-23 10:46:46-04:00,"When our Country had no debt and built everything from Highways to the Military with CASH, we had a big system of Tariffs. Now we allow other countries to steal our wealth, treasure, and jobs - But no more! The USA is doing great, with unlimited upside into the future!",27472,128704,Trade_Tariff,tariffs,1,1,Pure_Trade_Tariff,"Genuine trade deals, tariffs, deficits, or currency policy"
2019-06-24 12:08:01+00:00,2019-06-24 08:08:01-04:00,"China gets 91% of its Oil from the Straight, Japan 62%, &amp, many other countries likewise. So why are we protecting the shipping lanes for other countries (many years) for zero compensation. All of these countries should be protecting their own ships on what has always been....",24718,123741,China,china,0,0,Diplomatic_General_Noise,General foreign relations / courtesy talks without tariff specifics
2019-06-24 12:29:49+00:00,2019-06-24 08:29:49-04:00,"Despite a Federal Reserve that doesn’t know what it is doing - raised rates far to fast (very low inflation, other parts of world slowing, lowering &amp, easing) &amp, did large scale tightening, $50 Billion/month, we are on course to have one of the best Months of June in U.S. history..",2559,10237,Fed_Monetary,federal reserve,1,0,Fed_Monetary_Policy,Federal Reserve interest rates and monetary policy pressure
2019-06-24 12:29:49+00:00,2019-06-24 08:29:49-04:00,"....Think of what it could have been if the Fed had gotten it right. Thousands of points higher on the Dow, and GDP in the 4’s or even 5’s. Now they stick, like a stubborn child, when we need rates cuts, &amp, easing, to make up for what other countries are doing against us. Blew it!",2130,8103,Fed_Monetary,fed,1,0,Fed_Monetary_Policy,Federal Reserve interest rates and monetary policy pressure
2019-06-24 12:53:34+00:00,2019-06-24 08:53:34-04:00,"Despite a Federal Reserve that doesn’t know what it is doing - raised rates far too fast (very low inflation, other parts of world slowing, lowering &amp, easing) &amp, did large scale tightening, $50 Billion/month, we are on course to have one of the best Months of June in US history...",15988,80808,Fed_Monetary,federal reserve,1,0,Fed_Monetary_Policy,Federal Reserve interest rates and monetary policy pressure
2019-06-24 12:53:34+00:00,2019-06-24 08:53:34-04:00,"....Think of what it could have been if the Fed had gotten it right. Thousands of points higher on the Dow, and GDP in the 4’s or even 5’s. Now they stick, like a stubborn child, when we need rates cuts, &amp, easing, to make up for what other countries are doing against us. Blew it!",12609,63740,Fed_Monetary,fed,1,0,Fed_Monetary_Policy,Federal Reserve interest rates and monetary policy pressure
2019-06-26 10:48:51+00:00,2019-06-26 06:48:51-04:00,RT @dougducey: Proud to stand with 27 other governors in calling for Congress to ratify #USMCA. It updates our nation’s trade agreements wi...,4388,0,Trade_Tariff,usmca,1,1,Pure_Trade_Tariff,"Genuine trade deals, tariffs, deficits, or currency policy"
2019-06-26 10:50:05+00:00,2019-06-26 06:50:05-04:00,"RT @SecretaryAcosta: Headed to Texas today to discuss #apprenticeship expansion, #PledgetoAmericasWorkers, and the #USMCA. Texas has added...",3835,0,Trade_Tariff,usmca,1,1,Pure_Trade_Tariff,"Genuine trade deals, tariffs, deficits, or currency policy"
2019-06-27 03:47:05+00:00,2019-06-26 23:47:05-04:00,"I look forward to speaking with Prime Minister Modi about the fact that India, for years having put very high Tariffs against the United States, just recently increased the Tariffs even further. This is unacceptable and the Tariffs must be withdrawn!",19477,99730,Trade_Tariff,tariffs,1,1,Pure_Trade_Tariff,"Genuine trade deals, tariffs, deficits, or currency policy"
2019-06-28 22:51:41+00:00,2019-06-28 18:51:41-04:00,"After some very important meetings, including my meeting with President Xi of China, I will be leaving Japan for South Korea (with President Moon). While there, if Chairman Kim of North Korea sees this, I would meet him at the Border/DMZ just to shake his hand and say Hello(?)!",33219,150691,China,china,0,0,Diplomatic_General_Noise,General foreign relations / courtesy talks without tariff specifics
2019-06-29 09:22:11+00:00,2019-06-29 05:22:11-04:00,"I had a great meeting with President Xi of China yesterday, far better than expected. I agreed not to increase the already existing Tariffs that we charge China while we continue to negotiate. China has agreed that, during the negotiation, they will begin purchasing large......",5476,22759,Trade_Tariff; China,"china, tariffs",1,1,Pure_Trade_Tariff,"Genuine trade deals, tariffs, deficits, or currency policy"
2019-06-29 09:22:12+00:00,2019-06-29 05:22:12-04:00,".....amounts of agricultural product from our great Farmers. At the request of our High Tech companies, and President Xi, I agreed to allow Chinese company Huawei to buy product from them which will not impact our  National Security. Importantly, we have opened up negotiations...",4117,17786,Agriculture_Retaliation; Target_Company_Tech,"farmers, huawei",1,0,Agriculture_Farm_Aid,US farm aid packages and agricultural trade purchases
2019-06-29 09:22:13+00:00,2019-06-29 05:22:13-04:00,".....again with China as our relationship with them continues to be a very good one. The quality of the transaction is far more important to me than speed. I am in no hurry, but things look very good! Their will be no reduction in the Tariffs currently being charged to China.",4382,19495,Trade_Tariff; China,"china, tariffs",1,1,Pure_Trade_Tariff,"Genuine trade deals, tariffs, deficits, or currency policy"
2019-06-29 09:32:40+00:00,2019-06-29 05:32:40-04:00,"I am in South Korea now. President Moon and I have “toasted” our new Trade Deal, a far better one for us than that which it replaced. Today I will visit with, and speak to, our Troops - and also go the the DMZ (long planned). My meeting with President Moon went very well!",6194,26391,Trade_Tariff,trade deal,1,1,Pure_Trade_Tariff,"Genuine trade deals, tariffs, deficits, or currency policy"
2019-06-29 22:32:38+00:00,2019-06-29 18:32:38-04:00,"I had a great meeting with President Xi of China yesterday, far better than expected. I agreed not to increase the already existing Tariffs that we charge China while we continue to negotiate. China has agreed that, during the negotiation, they will begin purchasing large.....",16178,94647,Trade_Tariff; China,"china, tariffs",1,1,Pure_Trade_Tariff,"Genuine trade deals, tariffs, deficits, or currency policy"
2019-06-29 22:32:39+00:00,2019-06-29 18:32:39-04:00,"....amounts of agricultural product from our great Farmers. At the request of our High Tech companies, and President Xi, I agreed to allow Chinese company Huawei to buy product from them which will not impact our  National Security. Importantly, we have opened up negotiations...",12075,72224,Agriculture_Retaliation; Target_Company_Tech,"farmers, huawei",1,0,Agriculture_Farm_Aid,US farm aid packages and agricultural trade purchases
2019-06-29 22:32:40+00:00,2019-06-29 18:32:40-04:00,"....again with China as our relationship with them continues to be a very good one. The quality of the transaction is far more important to me than speed. I am in no hurry, but things look very good! There will be no reduction in the Tariffs currently being charged to China.",12434,75696,Trade_Tariff; China,"china, tariffs",1,1,Pure_Trade_Tariff,"Genuine trade deals, tariffs, deficits, or currency policy"
2019-06-29 22:35:12+00:00,2019-06-29 18:35:12-04:00,"I am in South Korea now. President Moon and I have “toasted” our new Trade Deal, a far better one for us than that which it replaced. Today I will visit with, and speak to, our Troops - and also go to the the DMZ (long planned). My meeting with President Moon went very well!",19472,102998,Trade_Tariff,trade deal,1,1,Pure_Trade_Tariff,"Genuine trade deals, tariffs, deficits, or currency policy"
2019-06-30 00:07:39+00:00,2019-06-29 20:07:39-04:00,"The highly respected Farm Journal has just announced my Approval Rating with our great Farmers at 74%, and that despite all of the Fake &amp, Corrupt News that they are forced to endure. Farmers have been unfairly treated for many years - and that is turning around FAST!",20059,90935,Agriculture_Retaliation,farmers,1,0,Agriculture_Farm_Aid,US farm aid packages and agricultural trade purchases
2019-07-02 22:08:29+00:00,2019-07-02 18:08:29-04:00,"I am pleased to announce that it is my intention to nominate Christopher Waller, Ph. D., Executive VP and Director of Research, Federal Reserve Bank of St. Louis, Missouri, to be on the board of the Federal Reserve....",10311,59261,Fed_Monetary,federal reserve,1,0,Fed_Monetary_Policy,Federal Reserve interest rates and monetary policy pressure
2019-07-02 22:36:48+00:00,2019-07-02 18:36:48-04:00,"I am pleased to announce that it is my intention to nominate Judy Shelton, Ph. D., U.S. Executive Dir, European Bank of Reconstruction &amp, Development to be on the board of the Federal Reserve....",11618,66934,Fed_Monetary,federal reserve,1,0,Fed_Monetary_Policy,Federal Reserve interest rates and monetary policy pressure
2019-07-03 14:21:52+00:00,2019-07-03 10:21:52-04:00,"China and Europe playing big currency manipulation game and pumping money into their system in order to compete with USA. We should MATCH, or continue being the dummies who sit back and politely watch as other countries continue to play their games - as they have for many years!",14468,61209,China; FX_Currency,"china, currency manipulation",1,1,Pure_Trade_Tariff,"Genuine trade deals, tariffs, deficits, or currency policy"
2019-07-06 03:24:29+00:00,2019-07-05 23:24:29-04:00,"Strong jobs report, low inflation, and other countries around the world doing anything possible to take advantage of the United States, knowing that our Federal Reserve doesn’t have a clue! They raised rates too soon, too often, &amp, tightened, while others did just the opposite....",16878,94373,Fed_Monetary,federal reserve,1,0,Fed_Monetary_Policy,Federal Reserve interest rates and monetary policy pressure
2019-07-06 03:24:30+00:00,2019-07-05 23:24:30-04:00,"....As well as we are doing from the day after the great Election, when the Market shot right up, it could have been even better - massive additional wealth would have been created, &amp, used very well. Our most difficult problem is not our competitors, it is the Federal Reserve!",14543,78530,Fed_Monetary,federal reserve,1,0,Fed_Monetary_Policy,Federal Reserve interest rates and monetary policy pressure
2019-07-06 12:45:50+00:00,2019-07-06 08:45:50-04:00,"Joe Biden is a reclamation project. Some things are just not salvageable. China and other countries that ripped us off for years are begging for him. He deserted our military, our law enforcement and our healthcare. Added more debt than all other Presidents combined. Won’t win!",24748,116219,China,china,0,0,Election_Political_Noise,Domestic 2020 election campaign attacks referencing China
2019-07-09 12:02:22+00:00,2019-07-09 08:02:22-04:00,"“I agree with the President, the Supreme Court got it wrong. There should be a question about Citizenship on the Census. A.G. Barr sees a pathway to add the Citizenship Question.”  Steve Doocy @foxandfriends  Working hard on something that should be so easy. People are fed up!",14052,61336,Fed_Monetary,fed,1,0,Fed_Monetary_Policy,Federal Reserve interest rates and monetary policy pressure
2019-07-09 12:44:28+00:00,2019-07-09 08:44:28-04:00,India has long had a field day putting Tariffs on American products. No longer acceptable!,16826,82872,Trade_Tariff,tariffs,1,1,Pure_Trade_Tariff,"Genuine trade deals, tariffs, deficits, or currency policy"
2019-07-10 23:38:33+00:00,2019-07-10 19:38:33-04:00,"Today, on this “USMCA Day of Action,” thousands of grassroots supporters are urging Congress to pass the great bipartisan USMCA. USMCA = more JOBS for American workers, more economic growth, and more OPPORTUNITY for our farmers, ranchers, and businesses. #USMCAnow https://t.co/sYMhKSDu5w",10692,39535,Trade_Tariff; Agriculture_Retaliation,"farmers, usmca",1,1,Pure_Trade_Tariff,"Genuine trade deals, tariffs, deficits, or currency policy"
2019-07-11 14:00:12+00:00,2019-07-11 10:00:12-04:00,"Now the Democrats have asked to see 12 more people who have already spent hours with Robert Mueller, and spent a fortune on lawyers in so doing. How many bites at the apple do they get before working on Border Loopholes and Asylum. They also want to interview the highly......",10109,44544,Target_Company_Tech,apple,1,0,Company_Tech_Target,Direct corporate target or 5G/tech supply chain restriction
2019-07-11 14:04:16+00:00,2019-07-11 10:04:16-04:00,"Mexico is doing great at the Border, but China is letting us down in that they have not been buying the agricultural products from our great Farmers that they said they would. Hopefully they will start soon!",9859,45075,China; Agriculture_Retaliation,"china, farmers",1,0,Agriculture_Farm_Aid,US farm aid packages and agricultural trade purchases
2019-07-12 03:25:58+00:00,2019-07-11 23:25:58-04:00,RT @JayTimmonsNAM: USMCA passage is critical to manufacturers in America. @ShopfloorNAM will continue to work with Congress and the @WhiteH...,3648,0,Trade_Tariff,usmca,1,1,Pure_Trade_Tariff,"Genuine trade deals, tariffs, deficits, or currency policy"
2019-07-12 03:26:11+00:00,2019-07-11 23:26:11-04:00,"RT @LtGovHusted: “We have a technology infused economy. We need a trade deal that represents that,” - Lt. Governor @JonHusted encouraging q...",3520,0,Trade_Tariff,trade deal,1,1,Pure_Trade_Tariff,"Genuine trade deals, tariffs, deficits, or currency policy"
2019-07-12 12:48:02+00:00,2019-07-12 08:48:02-04:00,"When you are the big “piggy bank” that other countries have been ripping off for years (to a level that is not to be believed), Tariffs are a great negotiating tool, a great revenue producer and,  most importantly, a powerful way to get......",11574,59290,Trade_Tariff,tariffs,1,1,Pure_Trade_Tariff,"Genuine trade deals, tariffs, deficits, or currency policy"
2019-07-12 12:48:03+00:00,2019-07-12 08:48:03-04:00,".....if Mexico produces (which I think they will). Biggest part of deal with Mexico has not yet been revealed! China is similar, except they devalue currency &amp, subsidize companies to lessen effect of 25% Tariffs. So far, little effect to consumers. Companies will relocate to U.S.",8444,44787,Trade_Tariff; China,"china, tariffs",1,1,Pure_Trade_Tariff,"Genuine trade deals, tariffs, deficits, or currency policy"
2019-07-12 12:48:03+00:00,2019-07-12 08:48:03-04:00,"....companies to come to the USA and to get companies that have left us for other lands to COME BACK HOME. We  stupidly lost 30% of our auto business to Mexico. If the Tariffs went on at the higher level, they would all come back, and fast. But very happy with the deal I made,...",8329,44238,Trade_Tariff,tariffs,1,1,Pure_Trade_Tariff,"Genuine trade deals, tariffs, deficits, or currency policy"
2019-07-15 02:17:10+00:00,2019-07-14 22:17:10-04:00,"We are doing great Economically as a Country, Number One, despite the Fed’s antiquated policy on rates and tightening. Much room to grow!",16156,87581,Fed_Monetary,fed,1,0,Fed_Monetary_Policy,Federal Reserve interest rates and monetary policy pressure
2019-07-15 10:43:19+00:00,2019-07-15 06:43:19-04:00,China’s 2nd Quarter growth is the slowest it has been in more than 27 years. The United States Tariffs are having a major effect on companies wanting to leave China for non-tariffed countries. Thousands of companies are leaving. This is why China wants to make a deal....,17861,97810,Trade_Tariff; China,"china, tariffs",1,1,Pure_Trade_Tariff,"Genuine trade deals, tariffs, deficits, or currency policy"
2019-07-15 10:43:20+00:00,2019-07-15 06:43:20-04:00,"....with the U.S., and wishes it had not broken the original deal in the first place. In the meantime, we are receiving Billions of Dollars in Tariffs from China, with possibly much more to come. These Tariffs are paid for by China devaluing &amp, pumping, not by the U.S. taxpayer!",14552,83227,Trade_Tariff; China,"china, tariffs",1,1,Pure_Trade_Tariff,"Genuine trade deals, tariffs, deficits, or currency policy"
2019-07-19 12:43:05+00:00,2019-07-19 08:43:05-04:00,"Because of the faulty thought process we have going for us at the Federal Reserve, we pay much higher interest rates than countries that are no match for us economically. In other words, our interest costs are much higher than other countries, when they should be lower. Correct!",13184,58111,Fed_Monetary,"federal reserve, interest rates",1,0,Fed_Monetary_Policy,Federal Reserve interest rates and monetary policy pressure
2019-07-19 13:38:21+00:00,2019-07-19 09:38:21-04:00,"I like New York Fed President John Williams first statement much better than his second. His first statement is 100% correct in that the Fed “raised” far too fast &amp, too early. Also must stop with the crazy quantitative tightening. We are in a World competition, &amp, winning big,...",11007,59982,Fed_Monetary,"fed, quantitative",1,0,Fed_Monetary_Policy,Federal Reserve interest rates and monetary policy pressure
2019-07-19 13:38:21+00:00,2019-07-19 09:38:21-04:00,"....but it is no thanks to the Federal Reserve. Had they not acted so fast and “so much,” we would be doing even better than we are doing right now. This is our chance to build unparalleled wealth and success for the U.S., GROWTH, which would greatly reduce % debt. Don’t blow it!",10035,54496,Fed_Monetary,federal reserve,1,0,Fed_Monetary_Policy,Federal Reserve interest rates and monetary policy pressure
2019-07-19 13:42:16+00:00,2019-07-19 09:42:16-04:00,....Fed: There is almost no inflation!,8311,43911,Fed_Monetary,fed,1,0,Fed_Monetary_Policy,Federal Reserve interest rates and monetary policy pressure
2019-07-20 11:05:27+00:00,2019-07-20 07:05:27-04:00,"RT @RepLaHood: #USMCA will put America in a stronger position globally. Delaying #USMCA further only prevents farmers, manufacturers, and...",5528,0,Trade_Tariff; Agriculture_Retaliation,"farmers, usmca",1,1,Pure_Trade_Tariff,"Genuine trade deals, tariffs, deficits, or currency policy"
2019-07-22 12:02:19+00:00,2019-07-22 08:02:19-04:00,"With almost no inflation, our Country is needlessly being forced to pay a MUCH higher interest rate than other countries only because of a very misguided Federal Reserve. In addition, Quantitative Tightening is continuing, making it harder for our Country to compete. As good.....",14419,72755,Fed_Monetary,"federal reserve, interest rate, quantitative",1,0,Fed_Monetary_Policy,Federal Reserve interest rates and monetary policy pressure
2019-07-22 12:02:20+00:00,2019-07-22 08:02:20-04:00,"....as we have done, it could have been soooo much better. Interest rate costs should have been much lower, &amp, GDP &amp, our Country’s wealth accumulation much higher. Such a waste of time &amp, money. Also, very unfair that other countries manipulate their currencies and pump money in!",11880,62639,Fed_Monetary,interest rate,1,0,Fed_Monetary_Policy,Federal Reserve interest rates and monetary policy pressure
2019-07-22 12:05:12+00:00,2019-07-22 08:05:12-04:00,"It is far more costly for the Federal Reserve to cut deeper if the economy actually does, in the future, turn down! Very inexpensive, in fact productive,  to move now. The Fed raised &amp, tightened far too much &amp, too fast. In other words, they missed it (Big!). Don’t miss it again!",11337,50533,Fed_Monetary,"fed, federal reserve",1,0,Fed_Monetary_Policy,Federal Reserve interest rates and monetary policy pressure
2019-07-22 12:53:39+00:00,2019-07-22 08:53:39-04:00,"Highly conflicted Robert Mueller should not be given another bite at the apple. In the end it will be bad for him and the phony Democrats in Congress who have done nothing but waste time on this ridiculous Witch Hunt. Result of the Mueller Report, NO COLLUSION, NO OBSTRUCTION!...",18327,91114,Target_Company_Tech,apple,1,0,Company_Tech_Target,Direct corporate target or 5G/tech supply chain restriction
2019-07-23 11:54:02+00:00,2019-07-23 07:54:02-04:00,"Farmers are starting to do great again, after 15 years of a downward spiral. The 16 Billion Dollar China “replacement” money didn’t exactly hurt!",10149,52817,China; Agriculture_Retaliation,"china, farmers",1,0,Agriculture_Farm_Aid,US farm aid packages and agricultural trade purchases
2019-07-23 12:23:59+00:00,2019-07-23 08:23:59-04:00,"....Tariffs, Remittance Fees, or all of the above. Guatemala has not been good. Big U.S. taxpayer dollars going to them was cut off by me 9 months ago.",13530,79140,Trade_Tariff,tariffs,1,1,Pure_Trade_Tariff,"Genuine trade deals, tariffs, deficits, or currency policy"
2019-07-23 14:04:17+00:00,2019-07-23 10:04:17-04:00,"When an old Wall at the Southern Border, that is crumbling and falling over, built in an important section to keep out problems, is replaced with a brand new 30 foot high steel and concrete Wall, the Media says no new Wall has been built. Fake News! Building lots of Wall!",14751,65763,Steel_Aluminum,steel,1,0,Steel_Aluminum_Industry,Domestic steel and aluminum industry protection/jobs
2019-07-25 12:07:27+00:00,2019-07-25 08:07:27-04:00,"President Trump’s Approval Rating on Economy is at 52%, a 4 point jump. Fox Poll @foxandfriends  Shouldn’t this be at 100%? Best stock market, economy and unemployment numbers ever! Most people working within U.S. ever! Low interest rates, very low inflation! Country doing great!",15580,75370,Fed_Monetary,interest rates,1,0,Fed_Monetary_Policy,Federal Reserve interest rates and monetary policy pressure
2019-07-26 02:08:51+00:00,2019-07-25 22:08:51-04:00,"Apple will not be given Tariff wavers, or relief, for Mac Pro parts that are made in China. Make them in the USA, no Tariffs!",7744,32459,Trade_Tariff; China; Target_Company_Tech,"apple, china, tariff, tariffs",1,1,Pure_Trade_Tariff,"Genuine trade deals, tariffs, deficits, or currency policy"
2019-07-26 14:02:46+00:00,2019-07-26 10:02:46-04:00,"There may or may not be National Security concerns with regard to Google and their relationship with China. If there is a problem, we will find out about it. I sincerely hope there is not!!!",17811,85328,China,china,0,0,Diplomatic_General_Noise,General foreign relations / courtesy talks without tariff specifics
2019-07-26 14:40:26+00:00,2019-07-26 10:40:26-04:00,Q2 GDP Up 2.1% Not bad considering we have the very heavy weight of the Federal Reserve anchor wrapped around our neck. Almost no inflation. USA is set to Zoom!,13279,62377,Fed_Monetary,federal reserve,1,0,Fed_Monetary_Policy,Federal Reserve interest rates and monetary policy pressure
2019-07-26 15:25:07+00:00,2019-07-26 11:25:07-04:00,"Apple will not be given Tariff waiver, or relief, for Mac Pro parts that are made in China. Make them in the USA, no Tariffs!",19914,95917,Trade_Tariff; China; Target_Company_Tech,"apple, china, tariff, tariffs",1,1,Pure_Trade_Tariff,"Genuine trade deals, tariffs, deficits, or currency policy"
2019-07-26 16:32:42+00:00,2019-07-26 12:32:42-04:00,"France just put a digital tax on our great American technology companies. If anybody taxes them, it should be their home Country, the USA. We will announce a substantial reciprocal action on Macron’s foolishness shortly. I’ve always said American wine is better than French wine!",38455,166577,Trade_Tariff,reciprocal,1,1,Pure_Trade_Tariff,"Genuine trade deals, tariffs, deficits, or currency policy"
2019-07-29 11:48:54+00:00,2019-07-29 07:48:54-04:00,"The E.U. and China will further lower interest rates and pump money into their systems, making it much easier for their manufacturers to sell product. In the meantime, and with very low inflation, our Fed does nothing - and probably will do very little by comparison. Too bad!",12324,53874,China; Fed_Monetary,"china, fed, interest rates",1,0,Fed_Monetary_Policy,Federal Reserve interest rates and monetary policy pressure
2019-07-29 13:18:14+00:00,2019-07-29 09:18:14-04:00,"The Fed “raised” way too early and way too much. Their quantitative tightening was another big mistake. While our Country is doing very well, the potential wealth creation that was missed, especially when measured against our debt, is staggering. We are competing with other.....",13417,66331,Fed_Monetary,"fed, quantitative",1,0,Fed_Monetary_Policy,Federal Reserve interest rates and monetary policy pressure
2019-07-29 13:18:14+00:00,2019-07-29 09:18:14-04:00,"....countries that know how to play the game against the U.S. That’s actually why the E.U. was formed....and for China, until now, the U.S. has been “easy pickens.” The Fed has made all of the wrong moves. A small rate cut is not enough, but we will win anyway!",11828,60403,China; Fed_Monetary,"china, fed, rate cut",1,0,Fed_Monetary_Policy,Federal Reserve interest rates and monetary policy pressure
2019-07-30 11:09:59+00:00,2019-07-30 07:09:59-04:00,"China is doing very badly, worst year in 27 - was supposed to start buying our agricultural product now - no signs that they are doing so. That is the problem with China, they just don’t come through. Our Economy has become MUCH larger than the Chinese Economy is last 3 years....",16208,85286,China,china,0,0,Diplomatic_General_Noise,General foreign relations / courtesy talks without tariff specifics
2019-07-30 12:40:03+00:00,2019-07-30 08:40:03-04:00,"China has lost 5 million jobs and two million manufacturing jobs due to the Trump Tariffs. Trumps got China back on its heels, and the United States is doing great. @AndyPuzder @MariaBartiromo",12292,54018,Trade_Tariff; China,"china, tariffs",1,1,Pure_Trade_Tariff,"Genuine trade deals, tariffs, deficits, or currency policy"
2019-07-31 20:41:17+00:00,2019-07-31 16:41:17-04:00,"What the Market wanted to hear from Jay Powell and the Federal Reserve was that this was the beginning of a lengthy and aggressive rate-cutting cycle which would keep pace with China, The European Union and other countries around the world....",13052,64131,China; Fed_Monetary,"china, federal reserve, powell",1,0,Fed_Monetary_Policy,Federal Reserve interest rates and monetary policy pressure
2019-07-31 20:41:18+00:00,2019-07-31 16:41:18-04:00,"....As usual, Powell let us down, but at least he is ending quantitative tightening, which shouldn’t have started in the first place - no inflation. We are winning anyway, but I am certainly not getting much help from the Federal Reserve!",12373,60685,Fed_Monetary,"federal reserve, powell, quantitative",1,0,Fed_Monetary_Policy,Federal Reserve interest rates and monetary policy pressure
2019-08-01 00:17:45+00:00,2019-07-31 20:17:45-04:00,"Experts stated that the Fed should not have tightened, and then waited too long to undo their mistake. James Bullard of St. Louis Fed said they waited too long to correct the mistake that they made last December. “Mistake, Powell cut rate and then he started talking.” @LouDobbs",10903,47745,Fed_Monetary,"fed, powell",1,0,Fed_Monetary_Policy,Federal Reserve interest rates and monetary policy pressure
2019-08-01 14:24:26+00:00,2019-08-01 10:24:26-04:00,"China, Iran &amp, other foreign countries are looking at the Democrat Candidates and “drooling” over the small prospect that they could be dealing with them in the not too distant future. They would be able to rip off our beloved USA like never before. With President Trump, NO WAY!",17076,75525,China,china,0,0,Election_Political_Noise,Domestic 2020 election campaign attacks referencing China
2019-08-01 17:26:09+00:00,2019-08-01 13:26:09-04:00,"Our representatives have just returned from China where they had constructive talks having to do with a future Trade Deal. We thought we had a deal with China three months ago, but sadly, China decided to re-negotiate the deal prior to signing. More recently, China agreed to...",14470,72750,Trade_Tariff; China,"china, trade deal",1,1,Pure_Trade_Tariff,"Genuine trade deals, tariffs, deficits, or currency policy"
2019-08-01 17:26:10+00:00,2019-08-01 13:26:10-04:00,"...during the talks the U.S. will start, on September 1st, putting a small additional Tariff of 10% on the remaining 300 Billion Dollars of goods and products coming from China into our Country. This does not include the 250 Billion Dollars already Tariffed at 25%...",12558,63073,Trade_Tariff; China,"china, tariff",1,1,Pure_Trade_Tariff,"Genuine trade deals, tariffs, deficits, or currency policy"
2019-08-01 17:26:11+00:00,2019-08-01 13:26:11-04:00,"...We look forward to continuing our positive dialogue with China on a comprehensive Trade Deal, and feel that the future between our two countries will be a very bright one!",11293,62729,Trade_Tariff; China,"china, trade deal",1,1,Pure_Trade_Tariff,"Genuine trade deals, tariffs, deficits, or currency policy"
2019-08-03 12:41:49+00:00,2019-08-03 08:41:49-04:00,"Countries are coming to us wanting to negotiate REAL trade deals, not the one sided horror show deals made by past administrations. They don’t want to be targeted for Tariffs by the U.S.",16291,78555,Trade_Tariff,tariffs,1,1,Pure_Trade_Tariff,"Genuine trade deals, tariffs, deficits, or currency policy"
2019-08-03 12:46:45+00:00,2019-08-03 08:46:45-04:00,"Things are going along very well with China. They are paying us Tens of Billions of Dollars, made possible by their monetary devaluations and pumping in massive amounts of cash to keep their system going. So far our consumer is paying nothing - and no inflation. No help from Fed!",15833,73225,China; Fed_Monetary,"china, fed",1,0,Fed_Monetary_Policy,Federal Reserve interest rates and monetary policy pressure
2019-08-05 12:12:44+00:00,2019-08-05 08:12:44-04:00,China dropped the price of their currency to an almost a historic low. It’s called “currency manipulation.” Are you listening Federal Reserve? This is a major violation which will greatly weaken China over time!,19162,78100,China; Fed_Monetary; FX_Currency,"china, currency manipulation, federal reserve",1,0,Fed_Monetary_Policy,Federal Reserve interest rates and monetary policy pressure
2019-08-05 15:58:59+00:00,2019-08-05 11:58:59-04:00,"Based on the historic currency manipulation by China, it is now even more obvious to everyone that Americans are not paying for the Tariffs – they are being paid for compliments of China, and the U.S. is taking in tens of Billions of Dollars! China has always....",15313,82487,Trade_Tariff; China; FX_Currency,"china, currency manipulation, tariffs",1,1,Pure_Trade_Tariff,"Genuine trade deals, tariffs, deficits, or currency policy"
2019-08-05 15:58:59+00:00,2019-08-05 11:58:59-04:00,"....used currency manipulation to steal our businesses and factories, hurt our jobs, depress our workers’ wages and harm our farmers’ prices. Not anymore!",12969,74510,Agriculture_Retaliation; FX_Currency,"currency manipulation, farmers",1,1,Pure_Trade_Tariff,"Genuine trade deals, tariffs, deficits, or currency policy"
2019-08-05 16:00:14+00:00,2019-08-05 12:00:14-04:00,"China is intent on continuing to receive the hundreds of Billions of Dollars they have been taking from the U.S. with unfair trade practices and currency manipulation. So one-sided, it should have been stopped many years ago!",13634,64061,China; FX_Currency,"china, currency manipulation",1,1,Pure_Trade_Tariff,"Genuine trade deals, tariffs, deficits, or currency policy"
2019-08-06 11:47:05+00:00,2019-08-06 07:47:05-04:00,"@sundarpichai of Google was in the Oval Office working very hard to explain how much he liked me, what a great job the Administration is doing, that Google was not involved with China’s military, that they didn’t help Crooked Hillary over me in the 2016 Election, and that they...",11035,44443,China,china,0,0,Election_Political_Noise,Domestic 2020 election campaign attacks referencing China
2019-08-06 12:00:41+00:00,2019-08-06 08:00:41-04:00,"Massive amounts of money from China and other parts of the world is pouring into the United States for reasons of safety, investment, and interest rates! We are in a very strong position. Companies are also coming to the U.S. in big numbers. A beautiful thing to watch!",16381,74739,China; Fed_Monetary,"china, interest rates",1,0,Fed_Monetary_Policy,Federal Reserve interest rates and monetary policy pressure
2019-08-06 12:36:44+00:00,2019-08-06 08:36:44-04:00,"As they have learned in the last two years, our great American Farmers know that China will not be able to hurt them in that their President has stood with them and done what no other president would do - And I’ll do it again next year if necessary!",17048,88000,China; Agriculture_Retaliation,"china, farmers",1,0,Agriculture_Farm_Aid,US farm aid packages and agricultural trade purchases
2019-08-06 17:51:23+00:00,2019-08-06 13:51:23-04:00,".@sundarpichai of Google was in the Oval Office working very hard to explain how much he liked me, what a great job the Administration is doing, that Google was not involved with China’s military, that they didn’t help Crooked Hillary over me in the 2016 Election, &amp, that they...",15727,71492,China,china,0,0,Election_Political_Noise,Domestic 2020 election campaign attacks referencing China
2019-08-07 12:46:22+00:00,2019-08-07 08:46:22-04:00,"“Three more Central Banks cut rates.” Our problem is not China - We are stronger than ever, money is pouring into the U.S. while China is losing companies by the thousands to other countries, and their currency is under siege - Our problem is a Federal Reserve that is too.....",16630,77113,China; Fed_Monetary,"china, federal reserve",1,0,Fed_Monetary_Policy,Federal Reserve interest rates and monetary policy pressure
2019-08-07 12:46:23+00:00,2019-08-07 08:46:23-04:00,"....proud to admit their mistake of acting too fast and tightening too much (and that I was right!). They must Cut Rates bigger and faster, and stop their ridiculous quantitative tightening NOW. Yield curve is at too wide a margin, and no inflation! Incompetence is a.....",12414,63456,Fed_Monetary,quantitative,1,0,Fed_Monetary_Policy,Federal Reserve interest rates and monetary policy pressure
2019-08-07 12:46:24+00:00,2019-08-07 08:46:24-04:00,"....terrible thing to watch, especially when things could be taken care of sooo easily. We will WIN anyway, but it would be much easier if the Fed understood, which they don’t, that we are competing against other countries, all of whom want to do well at our expense!",12994,66065,Fed_Monetary,fed,1,0,Fed_Monetary_Policy,Federal Reserve interest rates and monetary policy pressure
2019-08-07 19:01:41+00:00,2019-08-07 15:01:41-04:00,"Watching Sleepy Joe Biden making a speech. Sooo Boring! The LameStream Media will die in the ratings and clicks with this guy. It will be over for them, not to mention the fact that our Country will do poorly with him. It will be one big crash, but at least China will be happy!",14242,65866,China,china,0,0,Election_Political_Noise,Domestic 2020 election campaign attacks referencing China
2019-08-08 14:38:16+00:00,2019-08-08 10:38:16-04:00,"As your President, one would think that I would be thrilled with our very strong dollar. I am not! The Fed’s high interest rate level, in comparison to other countries, is keeping the dollar high, making it more difficult for our great manufacturers like Caterpillar, Boeing,.....",17705,85995,Fed_Monetary; Target_Company_Tech; FX_Currency,"boeing, caterpillar, fed, interest rate, strong dollar",1,0,Fed_Monetary_Policy,Federal Reserve interest rates and monetary policy pressure
2019-08-08 14:38:17+00:00,2019-08-08 10:38:17-04:00,"....John Deere, our car companies, &amp, others, to compete on a level playing field. With substantial Fed Cuts (there is no inflation) and no quantitative tightening, the dollar will make it possible for our companies to win against any competition. We have the greatest companies...",12115,65339,Fed_Monetary,"fed, quantitative",1,0,Fed_Monetary_Policy,Federal Reserve interest rates and monetary policy pressure
2019-08-08 14:38:17+00:00,2019-08-08 10:38:17-04:00,"....in the world, there is nobody even close, but unfortunately the same cannot be said about our Federal Reserve. They have called it wrong at every step of the way, and we are still winning. Can you imagine what would happen if they actually called it right?",13091,69510,Fed_Monetary,federal reserve,1,0,Fed_Monetary_Policy,Federal Reserve interest rates and monetary policy pressure
2019-08-10 21:58:09+00:00,2019-08-10 17:58:09-04:00,"China wants to make a deal so badly. Thousands of companies are leaving because of the Tariffs, they must stem the flow. At the same time China may be hoping for a Democrat to win so they could continue the great ripoff of America, &amp, the theft of hundreds of Billions of $’s!",16287,73064,Trade_Tariff; China,"china, tariffs",1,1,Pure_Trade_Tariff,"Genuine trade deals, tariffs, deficits, or currency policy"
2019-08-12 03:53:11+00:00,2019-08-11 23:53:11-04:00,RT @GOPChairwoman: America's farmers support @realDonaldTrump! https://t.co/nFSkewSUUM,8323,0,Agriculture_Retaliation,farmers,1,0,Agriculture_Farm_Aid,US farm aid packages and agricultural trade purchases
2019-08-12 19:33:43+00:00,2019-08-12 15:33:43-04:00,"RT @TrumpWarRoom: """"No battle is over in a minute. If it is, it wasn't worth fighting.” America's great farmers are standing firmly behind @...",11465,0,Agriculture_Retaliation,farmers,1,0,Agriculture_Farm_Aid,US farm aid packages and agricultural trade purchases
2019-08-13 12:49:05+00:00,2019-08-13 08:49:05-04:00,"Through massive devaluation of their currency and pumping vast sums of money into their system, the tens of billions of dollars that the U.S. is receiving is a gift from China. Prices not up, no inflation. Farmers getting more than China would be spending. Fake News won’t report!",14550,58939,China; Agriculture_Retaliation; FX_Currency,"china, devaluation, farmers",1,1,Pure_Trade_Tariff,"Genuine trade deals, tariffs, deficits, or currency policy"
2019-08-13 14:10:58+00:00,2019-08-13 10:10:58-04:00,"As usual, China said they were going to be buying “big” from our great American Farmers. So far they have not done what they said. Maybe this will be different!",9837,48331,China; Agriculture_Retaliation,"china, farmers",1,0,Agriculture_Farm_Aid,US farm aid packages and agricultural trade purchases
2019-08-14 15:39:31+00:00,2019-08-14 11:39:31-04:00,"“The Fed has got to do something! The Fed is the Central Bank of the United States, not the Central Bank of the World.” Mark Grant  @Varneyco  Correct! The Federal Reserve acted far too quickly, and now is very, very late. Too bad, so much to gain on the upside!",11860,46484,Fed_Monetary,"fed, federal reserve",1,0,Fed_Monetary_Policy,Federal Reserve interest rates and monetary policy pressure
2019-08-14 15:51:00+00:00,2019-08-14 11:51:00-04:00,"“So far, you’ve had Tariffs imposed on 300 Billion Dollars worth of Chinese products, but you can’t tell me that it has hurt our economy...&amp, it really hasn’t led to any kind of serious rise in prices at the consumer level.” @Varneyco  @FoxBusiness  And we are taking in $Billions!",11958,51185,Trade_Tariff,tariffs,1,1,Pure_Trade_Tariff,"Genuine trade deals, tariffs, deficits, or currency policy"
2019-08-14 17:14:50+00:00,2019-08-14 13:14:50-04:00,The Great Charles Payne @cvpayne correctly stated that Fed Chair Jay Powell made TWO enormous mistakes. 1. When he said “mid cycle adjustment.” 2. We’re data dependent.  “He did not do the right thing.” I agree (to put it mildly!). @Varneyco,11593,45168,Fed_Monetary,"fed, powell",1,0,Fed_Monetary_Policy,Federal Reserve interest rates and monetary policy pressure
2019-08-14 19:21:05+00:00,2019-08-14 15:21:05-04:00,"We are winning, big time, against China. Companies &amp, jobs are fleeing. Prices to us have not gone up, and in some cases, have come down. China is not our problem, though Hong Kong is not helping. Our problem is with the Fed. Raised too much &amp, too fast. Now too slow to cut....",16130,76717,China; Fed_Monetary,"china, fed",1,0,Fed_Monetary_Policy,Federal Reserve interest rates and monetary policy pressure
2019-08-14 19:21:05+00:00,2019-08-14 15:21:05-04:00,"..Spread is way too much as other countries say THANK YOU to clueless Jay Powell and the Federal Reserve. Germany, and many others, are playing the game! CRAZY INVERTED YIELD CURVE! We should easily be reaping big Rewards &amp, Gains, but the Fed is holding us back. We will Win!",13384,63010,Fed_Monetary,"fed, federal reserve, powell",1,0,Fed_Monetary_Policy,Federal Reserve interest rates and monetary policy pressure
2019-08-14 22:32:56+00:00,2019-08-14 18:32:56-04:00,"Good things were stated on the call with China the other day. They are eating the Tariffs with the devaluation of their currency and “pouring” money into their system. The American consumer is fine with or without the September date, but much good will come from the short.....",14609,79826,Trade_Tariff; China; FX_Currency,"china, devaluation, tariffs",1,1,Pure_Trade_Tariff,"Genuine trade deals, tariffs, deficits, or currency policy"
2019-08-14 22:32:56+00:00,2019-08-14 18:32:56-04:00,"..deferral to December. It actually helps China more than us, but will be reciprocated. Millions of jobs are being lost in China to other non-Tariffed countries. Thousands of companies are leaving. Of course China wants to make a deal. Let them work humanely with Hong Kong first!",14579,77225,China,china,1,1,Pure_Trade_Tariff,"Genuine trade deals, tariffs, deficits, or currency policy"
2019-08-14 22:59:13+00:00,2019-08-14 18:59:13-04:00,"I know President Xi of China very well. He is a great leader who very much has the respect of his people. He is also a good man in a “tough business.” I have ZERO doubt that if President Xi wants to quickly and humanely solve the Hong Kong problem, he can do it. Personal meeting?",20174,95036,China,china,0,0,Diplomatic_General_Noise,General foreign relations / courtesy talks without tariff specifics
2019-08-15 11:38:22+00:00,2019-08-15 07:38:22-04:00,"RT @WhiteHouse: Congress must adopt USMCA after its six-week recess, @GlennHamer writes. https://t.co/tcSrGKYlOt",4920,0,Trade_Tariff,usmca,1,1,Pure_Trade_Tariff,"Genuine trade deals, tariffs, deficits, or currency policy"
2019-08-15 13:59:23+00:00,2019-08-15 09:59:23-04:00,"RT @realDonaldTrump: ..deferral to December. It actually helps China more than us, but will be reciprocated. Millions of jobs are being los...",14579,0,China,china,0,0,Diplomatic_General_Noise,General foreign relations / courtesy talks without tariff specifics
2019-08-15 13:59:30+00:00,2019-08-15 09:59:30-04:00,RT @realDonaldTrump: Good things were stated on the call with China the other day. They are eating the Tariffs with the devaluation of thei...,14609,0,Trade_Tariff; China; FX_Currency,"china, devaluation, tariffs",1,1,Pure_Trade_Tariff,"Genuine trade deals, tariffs, deficits, or currency policy"
2019-08-15 16:24:00+00:00,2019-08-15 12:24:00-04:00,Our Great Farmers know how important it is to win on Trade. They will be the big winners!,9925,49868,Agriculture_Retaliation,farmers,1,0,Agriculture_Farm_Aid,US farm aid packages and agricultural trade purchases
2019-08-15 16:52:53+00:00,2019-08-15 12:52:53-04:00,"The Fake News Media is doing everything they can to crash the economy because they think that will be bad for me and my re-election. The problem they have is that the economy is way too strong and we will soon be winning big on Trade, and everyone knows that, including China!",18222,71543,China,china,0,0,Election_Political_Noise,Domestic 2020 election campaign attacks referencing China
2019-08-15 19:29:19+00:00,2019-08-15 15:29:19-04:00,Biden doesn’t have a clue! I will solve the China problem. https://t.co/v0sAoVEAoB,11538,50678,China,china,0,0,Election_Political_Noise,Domestic 2020 election campaign attacks referencing China
2019-08-15 20:14:16+00:00,2019-08-15 16:14:16-04:00,"“If they don’t get this Trade Deal with the U.S. done, China could have it first recession (or worse!) in years. There’s disinvestment in China right now. Also, the Fed is too tight (I agree).” Steve Moore, Heritage Foundation",13130,58666,Trade_Tariff; China; Fed_Monetary,"china, fed, trade deal",1,1,Pure_Trade_Tariff,"Genuine trade deals, tariffs, deficits, or currency policy"
2019-08-16 23:04:19+00:00,2019-08-16 19:04:19-04:00,Having dinner tonight with Tim Cook of Apple. They will be spending vast sums of money in the U.S. Great!,13502,78426,Target_Company_Tech,apple,1,0,Company_Tech_Target,Direct corporate target or 5G/tech supply chain restriction
2019-08-18 18:27:56+00:00,2019-08-18 14:27:56-04:00,"We are doing very well with China, and talking!",12318,76505,China,china,0,0,Diplomatic_General_Noise,General foreign relations / courtesy talks without tariff specifics
2019-08-18 19:24:09+00:00,2019-08-18 15:24:09-04:00,"Our economy is the best in the world, by far. Lowest unemployment ever within almost all categories. Poised for big growth after trade deals are completed. Import prices down, China eating Tariffs. Helping targeted Farmers from big Tariff money coming in. Great future for USA!",15706,69162,Trade_Tariff; China; Agriculture_Retaliation,"china, farmers, tariff, tariffs",1,1,Pure_Trade_Tariff,"Genuine trade deals, tariffs, deficits, or currency policy"
2019-08-19 15:26:20+00:00,2019-08-19 11:26:20-04:00,".....The Fed Rate, over a fairly short period of time, should be reduced by at least 100 basis points, with perhaps some quantitative easing as well. If that happened, our Economy would be even better, and the World Economy would be greatly and quickly enhanced-good for everyone!",12975,62238,Fed_Monetary,"fed, quantitative",1,0,Fed_Monetary_Policy,Federal Reserve interest rates and monetary policy pressure
2019-08-19 15:26:20+00:00,2019-08-19 11:26:20-04:00,"Our Economy is very strong, despite the horrendous lack of vision by Jay Powell and the Fed, but the Democrats are trying to “will” the Economy to be bad for purposes of the 2020 Election.  Very Selfish! Our dollar is so strong that it is sadly hurting other parts of the world...",17111,80469,Fed_Monetary,"fed, powell",1,0,Fed_Monetary_Policy,Federal Reserve interest rates and monetary policy pressure
2019-08-19 23:55:57+00:00,2019-08-19 19:55:57-04:00,"Great discussion with Prime Minister @BorisJohnson today. We talked about Brexit and how we can move rapidly on a US-UK free trade deal. I look forward to meeting with Boris this weekend, at the @G7, in France!",13350,59680,Trade_Tariff,trade deal,1,1,Pure_Trade_Tariff,"Genuine trade deals, tariffs, deficits, or currency policy"
2019-08-21 12:04:27+00:00,2019-08-21 08:04:27-04:00,“The speed bump has been missteps by the Federal Reserve.” @CharlesPayne2nd  @foxandfriends  So true!,1730,6429,Fed_Monetary,federal reserve,1,0,Fed_Monetary_Policy,Federal Reserve interest rates and monetary policy pressure
2019-08-21 12:28:40+00:00,2019-08-21 08:28:40-04:00,“The speed bump has been missteps by the Federal Reserve.” @cvpayne  @foxandfriends  So true!,7954,35108,Fed_Monetary,federal reserve,1,0,Fed_Monetary_Policy,Federal Reserve interest rates and monetary policy pressure
2019-08-21 12:52:27+00:00,2019-08-21 08:52:27-04:00,"Doing great with China and other Trade Deals. The only problem we have is Jay Powell and the Fed. He’s like a golfer who can’t putt, has no touch. Big U.S. growth if he does the right thing, BIG CUT - but don’t count on him! So far he has called it wrong, and only let us down....",12739,59815,China; Fed_Monetary,"china, fed, powell",1,1,Pure_Trade_Tariff,"Genuine trade deals, tariffs, deficits, or currency policy"
2019-08-21 12:52:27+00:00,2019-08-21 08:52:27-04:00,".....We are competing with many countries that have a far lower interest rate, and we should be lower than them. Yesterday, “highest Dollar in U.S.History.” No inflation. Wake up Federal Reserve. Such growth potential, almost like never before!",10960,50005,Fed_Monetary,"federal reserve, interest rate",1,0,Fed_Monetary_Policy,Federal Reserve interest rates and monetary policy pressure
2019-08-21 13:56:12+00:00,2019-08-21 09:56:12-04:00,"So Germany is paying Zero interest and is actually being paid to borrow money, while the U.S., a far stronger and more important credit, is paying interest and just stopped (I hope!) Quantitative Tightening. Strongest Dollar in History, very tough on exports. No Inflation!.....",18362,87149,Fed_Monetary,quantitative,1,0,Fed_Monetary_Policy,Federal Reserve interest rates and monetary policy pressure
2019-08-21 13:56:12+00:00,2019-08-21 09:56:12-04:00,....WHERE IS THE FEDERAL RESERVE?,14585,69184,Fed_Monetary,federal reserve,1,0,Fed_Monetary_Policy,Federal Reserve interest rates and monetary policy pressure
2019-08-22 12:53:13+00:00,2019-08-22 08:53:13-04:00,"Germany sells 30 year bonds offering negative yields. Germany competes with the USA. Our Federal Reserve does not allow us to do what we must do. They put us at a disadvantage against our competition. Strong Dollar, No Inflation! They move like quicksand. Fight or go home!",15291,63812,Fed_Monetary; FX_Currency,"federal reserve, strong dollar",1,0,Fed_Monetary_Policy,Federal Reserve interest rates and monetary policy pressure
2019-08-22 14:21:52+00:00,2019-08-22 10:21:52-04:00,"The Economy is doing really well. The Federal Reserve can easily make it Record Setting! The question is being asked, why are we paying much more in interest than Germany and certain other countries? Be early (for a change), not late. Let America win big, rather than just win!",16482,70029,Fed_Monetary,federal reserve,1,0,Fed_Monetary_Policy,Federal Reserve interest rates and monetary policy pressure
2019-08-23 02:40:56+00:00,2019-08-22 22:40:56-04:00,"As usual, the Fed did NOTHING! It is incredible that they can “speak” without knowing or asking what I am doing, which will be announced shortly. We have a very strong dollar and a very weak Fed. I will work “brilliantly” with both, and the U.S. will do great...",2329,7811,Fed_Monetary; FX_Currency,"fed, strong dollar",1,0,Fed_Monetary_Policy,Federal Reserve interest rates and monetary policy pressure
2019-08-23 03:26:23+00:00,2019-08-22 23:26:23-04:00,RT @MariaBartiromo: The economy is poised to continue to expand: Kansas City Fed President https://t.co/MCs8DXQ2yB  @MorningsMaria @FoxBusi...,2928,0,Fed_Monetary,fed,1,0,Fed_Monetary_Policy,Federal Reserve interest rates and monetary policy pressure
2019-08-23 03:43:23+00:00,2019-08-22 23:43:23-04:00,"RT @VP: Under the #USMCA Utah will have more jobs, more opportunity, and more prosperity. Congress needs to pass the #USMCA for the people...",3499,0,Trade_Tariff,usmca,1,1,Pure_Trade_Tariff,"Genuine trade deals, tariffs, deficits, or currency policy"
2019-08-23 13:01:33+00:00,2019-08-23 09:01:33-04:00,Now the Fed can show their stuff!,11325,57265,Fed_Monetary,fed,1,0,Fed_Monetary_Policy,Federal Reserve interest rates and monetary policy pressure
2019-08-23 14:57:40+00:00,2019-08-23 10:57:40-04:00,"As usual, the Fed did NOTHING! It is incredible that they can “speak” without knowing or asking what I am doing, which will be announced shortly. We have a very strong dollar and a very weak Fed. I will work “brilliantly” with both, and the U.S. will do great...",13743,62863,Fed_Monetary; FX_Currency,"fed, strong dollar",1,0,Fed_Monetary_Policy,Federal Reserve interest rates and monetary policy pressure
2019-08-23 14:57:40+00:00,2019-08-23 10:57:40-04:00,"....My only question is, who is our bigger enemy, Jay Powell or Chairman Xi?",11804,51434,Fed_Monetary,powell,1,0,Fed_Monetary_Policy,Federal Reserve interest rates and monetary policy pressure
2019-08-23 14:59:03+00:00,2019-08-23 10:59:03-04:00,"Our Country has lost, stupidly, Trillions of Dollars with China over many years. They have stolen our Intellectual Property at a rate of Hundreds of Billions of Dollars a year, &amp, they want to continue. I won’t let that happen! We don’t need China and, frankly, would be far....",30023,121114,China,china,0,0,Diplomatic_General_Noise,General foreign relations / courtesy talks without tariff specifics
2019-08-23 14:59:04+00:00,2019-08-23 10:59:04-04:00,"....better off without them. The vast amounts of money made and stolen by China from the United States, year after year, for decades, will and must STOP. Our great American companies are hereby ordered to immediately start looking for an alternative to China, including bringing..",12680,49272,China,china,0,0,Diplomatic_General_Noise,General foreign relations / courtesy talks without tariff specifics
2019-08-23 14:59:04+00:00,2019-08-23 10:59:04-04:00,"....your companies HOME and making your products in the USA. I will be responding to China’s Tariffs this afternoon. This is a GREAT opportunity for the United States. Also, I am ordering all carriers, including Fed Ex, Amazon, UPS and the Post Office, to SEARCH FOR &amp, REFUSE,....",16566,74612,Trade_Tariff; China; Fed_Monetary,"china, fed, tariffs",1,1,Pure_Trade_Tariff,"Genuine trade deals, tariffs, deficits, or currency policy"
2019-08-23 14:59:05+00:00,2019-08-23 10:59:05-04:00,"....all deliveries of Fentanyl from China (or anywhere else!). Fentanyl kills 100,000 Americans a year. President Xi said this would stop - it didn’t. Our Economy, because of our gains in the last 2 1/2 years, is MUCH larger than that of China. We will keep it that way!",18943,84274,China,china,0,0,Diplomatic_General_Noise,General foreign relations / courtesy talks without tariff specifics
2019-08-23 21:00:32+00:00,2019-08-23 17:00:32-04:00,"....Sadly, past Administrations have allowed China to get so far ahead of Fair and Balanced Trade that it has become a great burden to the American Taxpayer. As President, I can no longer allow this to happen! In the spirit of achieving Fair Trade, we must Balance this very....",6624,26188,China,china,0,0,Diplomatic_General_Noise,General foreign relations / courtesy talks without tariff specifics
2019-08-23 21:00:32+00:00,2019-08-23 17:00:32-04:00,"For many years China (and many other countries) has been taking advantage of the United States on Trade, Intellectual Property Theft, and much more. Our Country has been losing HUNDREDS OF BILLIONS OF DOLLARS a year to China, with no end in sight....",18022,78430,China,china,0,0,Diplomatic_General_Noise,General foreign relations / courtesy talks without tariff specifics
2019-08-23 21:00:33+00:00,2019-08-23 17:00:33-04:00,"...unfair Trading Relationship. China should not have put new Tariffs on 75 BILLION DOLLARS of United States product (politically motivated!). Starting on October 1st, the 250 BILLION DOLLARS of goods and products from China, currently being taxed at 25%, will be taxed at 30%...",13291,59804,Trade_Tariff; China,"china, tariffs",1,1,Pure_Trade_Tariff,"Genuine trade deals, tariffs, deficits, or currency policy"
2019-08-23 21:00:33+00:00,2019-08-23 17:00:33-04:00,"...Additionally, the remaining 300 BILLION DOLLARS of goods and products from China, that was being taxed from September 1st at 10%, will now be taxed at 15%. Thank you for your attention to this matter!",14589,65809,China,china,0,0,Diplomatic_General_Noise,General foreign relations / courtesy talks without tariff specifics
2019-08-24 00:50:50+00:00,2019-08-23 20:50:50-04:00,RT @TreasurySpox: U.S. Treasury Designates China as a Currency Manipulator: https://t.co/7OnySGjzH1,4813,0,China; FX_Currency,"china, currency manipulator",1,1,Pure_Trade_Tariff,"Genuine trade deals, tariffs, deficits, or currency policy"
2019-08-24 01:07:52+00:00,2019-08-23 21:07:52-04:00,RT @MariaBartiromo: The Fed had the Democrats' back for years: Rep. Gohmert https://t.co/0n0KiCvF3n  @MorningsMaria @FoxBusiness,6055,0,Fed_Monetary,fed,1,0,Fed_Monetary_Policy,Federal Reserve interest rates and monetary policy pressure
2019-08-24 03:58:32+00:00,2019-08-23 23:58:32-04:00,"For all of the Fake News Reporters that don’t have a clue as to what the law is relative to Presidential powers, China, etc., try looking at the Emergency Economic Powers Act of 1977. Case closed!",19927,81118,China,china,0,0,Election_Political_Noise,Domestic 2020 election campaign attacks referencing China
2019-08-24 15:00:34+00:00,2019-08-24 11:00:34-04:00,"When I looked up to the sky and jokingly said “I am the chosen one,” at a press conference two days ago, referring to taking on Trade with China, little did I realize that the media would claim that I had a “Messiah complex.” They knew I was kidding, being sarcastic, and just....",22830,122621,China,china,0,0,Diplomatic_General_Noise,General foreign relations / courtesy talks without tariff specifics
2019-08-25 15:25:16+00:00,2019-08-25 11:25:16-04:00,"RT @WhiteHouse: JUST NOW: President @realDonaldTrump and Prime Minister @AbeShinzo announced a trade deal. """"This is a tremendous deal for...",12662,0,Trade_Tariff,trade deal,1,1,Pure_Trade_Tariff,"Genuine trade deals, tariffs, deficits, or currency policy"
2019-08-25 16:38:12+00:00,2019-08-25 12:38:12-04:00,"Big Trade Deal just agreed to with Prime Minister Abe of Japan. Will be great for our Farmers, Ranchers and more. Really big Corn purchase!",14163,63079,Trade_Tariff; Agriculture_Retaliation,"farmers, trade deal",1,1,Pure_Trade_Tariff,"Genuine trade deals, tariffs, deficits, or currency policy"
2019-08-25 18:31:43+00:00,2019-08-25 14:31:43-04:00,"RT @WhiteHouse: """"We have excess corn in various parts of our country with our farmers because China did not do what they said they were goi...",15132,0,China; Agriculture_Retaliation,"china, farmers",1,0,Agriculture_Farm_Aid,US farm aid packages and agricultural trade purchases
2019-08-25 18:32:09+00:00,2019-08-25 14:32:09-04:00,"RT @WhiteHouse: .@USTradeRep Lighthizer on today's trade announcement: """"It has 3 parts—agriculture, industrial tariffs, and digital trade ....",7635,0,Trade_Tariff,tariffs,1,1,Pure_Trade_Tariff,"Genuine trade deals, tariffs, deficits, or currency policy"
2019-08-25 18:36:51+00:00,2019-08-25 14:36:51-04:00,"USMCA, make it bipartisan. Everybody wants it! https://t.co/lloDwZr4iN",7742,32924,Trade_Tariff,usmca,1,1,Pure_Trade_Tariff,"Genuine trade deals, tariffs, deficits, or currency policy"
2019-08-25 23:10:47+00:00,2019-08-25 19:10:47-04:00,"In France we are all laughing at how knowingly inaccurate the U.S. reporting of events and conversations at the G-7 is. These Leaders, and many others, are getting a major case study of Fake News at it’s finest! They’ve got it all wrong, from Iran, to China Tariffs, to Boris!",19543,77229,Trade_Tariff; China,"china, tariffs",1,1,Pure_Trade_Tariff,"Genuine trade deals, tariffs, deficits, or currency policy"
2019-08-27 16:37:59+00:00,2019-08-27 12:37:59-04:00,The Federal Reserve loves watching our manufacturers struggle with their exports to the benefit of other parts of the world. Has anyone looked at what almost all other countries are doing to take advantage of the good old USA? Our Fed has been calling it wrong for too long!,17008,67223,Fed_Monetary,"fed, federal reserve",1,0,Fed_Monetary_Policy,Federal Reserve interest rates and monetary policy pressure
2019-08-28 12:06:23+00:00,2019-08-28 08:06:23-04:00,"So interesting to read and see all of the free and interesting advice I am getting on China, from people who have tried to handle it before and failed miserably - In fact, they got taken to the cleaners. We are doing very well with China. This has never happened to them before!",20907,100497,China,china,0,0,Diplomatic_General_Noise,General foreign relations / courtesy talks without tariff specifics
2019-08-28 14:36:41+00:00,2019-08-28 10:36:41-04:00,"Our Federal Reserve cannot “mentally” keep up with the competition - other countries. At the G-7 in France, all of the other Leaders were giddy about how low their Interest Costs have gone. Germany is actually “getting paid” to borrow money - ZERO INTEREST PLUS! No Clue Fed!",12963,49188,Fed_Monetary,"fed, federal reserve",1,0,Fed_Monetary_Policy,Federal Reserve interest rates and monetary policy pressure
2019-08-29 13:05:22+00:00,2019-08-29 09:05:22-04:00,"The Economy is doing GREAT, with tremendous upside potential! If the Fed would do what they should, we are a Rocket upward!",12827,57991,Fed_Monetary,fed,1,0,Fed_Monetary_Policy,Federal Reserve interest rates and monetary policy pressure
2019-08-29 13:19:47+00:00,2019-08-29 09:19:47-04:00,"The Farmers are going to be so happy when they see what we are doing for Ethanol, not even including the E-15, year around, which is already done. It will be a giant package, get ready! At the same time I was able to save the small refineries from certain closing. Great for all!",15779,73301,Agriculture_Retaliation,farmers,1,0,Agriculture_Farm_Aid,US farm aid packages and agricultural trade purchases
2019-08-30 12:06:41+00:00,2019-08-30 08:06:41-04:00,"General Motors, which was once the Giant of Detroit, is now one of the smallest auto manufacturers there. They moved major plants to China, BEFORE I CAME INTO OFFICE. This was done despite the saving help given them by the USA. Now they should start moving back to America again?",14732,70629,China,china,0,0,Diplomatic_General_Noise,General foreign relations / courtesy talks without tariff specifics
2019-08-30 12:15:43+00:00,2019-08-30 08:15:43-04:00,"RT @MeetThePress: . @chucktodd asks: How could you say Trump is a free-market conservative as he issues tariffs?@DavidMMcintosh: """"What we...",3929,0,Trade_Tariff,tariffs,1,1,Pure_Trade_Tariff,"Genuine trade deals, tariffs, deficits, or currency policy"
2019-08-30 13:55:41+00:00,2019-08-30 09:55:41-04:00,"The Euro is dropping against the Dollar “like crazy,” giving them a big export and manufacturing advantage...and the Fed does NOTHING! Our Dollar is now the strongest in history. Sounds good, doesn’t it? Except to those (manufacturers) that make product for sale outside the U.S.",12523,58455,Fed_Monetary,fed,1,0,Fed_Monetary_Policy,Federal Reserve interest rates and monetary policy pressure
2019-08-30 13:55:41+00:00,2019-08-30 09:55:41-04:00,"....We don’t have a Tariff problem (we are reigning in bad and/or unfair players), we have a Fed problem. They don’t have a clue!",10089,48378,Trade_Tariff; Fed_Monetary,"fed, tariff",1,1,Pure_Trade_Tariff,"Genuine trade deals, tariffs, deficits, or currency policy"
2019-08-30 14:10:13+00:00,2019-08-30 10:10:13-04:00,"If the Fed would cut, we would have one of the biggest Stock Market increases in a long time. Badly run and weak companies are smartly blaming these small Tariffs instead of themselves for bad management...and who can really blame them for doing that? Excuses!",12051,52580,Trade_Tariff; Fed_Monetary,"fed, tariffs",1,1,Pure_Trade_Tariff,"Genuine trade deals, tariffs, deficits, or currency policy"
2019-08-31 04:17:21+00:00,2019-08-31 00:17:21-04:00,RT @SenThomTillis: Unreal: the fmr Fed Chair is lobbying the Fed to use its authority to meddle in the election to defeat @realDonaldTrump....,9213,0,Fed_Monetary,fed,1,0,Fed_Monetary_Policy,Federal Reserve interest rates and monetary policy pressure
2019-08-31 11:54:05+00:00,2019-08-31 07:54:05-04:00,RT @SenatorBraun: Representing Indiana on the @SenateAg Committee means it’s so important to sit down with Hoosier farmers to dig into what...,1945,0,Agriculture_Retaliation,farmers,1,0,Agriculture_Farm_Aid,US farm aid packages and agricultural trade purchases
2019-08-31 18:29:37+00:00,2019-08-31 14:29:37-04:00,"Just watched Congresswoman Debbie Dingell, and many other Democrats, wanting to give up on our very successful Trade battle with China, which has had its worst Economic year in memory (and getting worse). We are taking in $Billions. Will be big for Farmers and ALL!",13382,60661,China; Agriculture_Retaliation,"china, farmers",1,0,Agriculture_Farm_Aid,US farm aid packages and agricultural trade purchases
2019-09-01 12:25:28+00:00,2019-09-01 08:25:28-04:00,"Peter Morici, Economist: Tariffs will not impact American consumers that much because the Chinese currency has gone down, which gives our importers a discount. Importers can find suppliers outside of China. Absolutely worth it, we don’t want to be servants to the Chinese! This...",12576,59134,Trade_Tariff; China,"china, tariffs",1,1,Pure_Trade_Tariff,"Genuine trade deals, tariffs, deficits, or currency policy"
2019-09-01 12:25:29+00:00,2019-09-01 08:25:29-04:00,....is about American Freedom. Redirect the supply chain. There is no reason to buy everything from China!,10273,51605,China,china,0,0,Diplomatic_General_Noise,General foreign relations / courtesy talks without tariff specifics
2019-09-01 14:04:39+00:00,2019-09-01 10:04:39-04:00,"RT @realDonaldTrump: If the Fed would cut, we would have one of the biggest Stock Market increases in a long time. Badly run and weak compa...",12051,0,Fed_Monetary,fed,1,0,Fed_Monetary_Policy,Federal Reserve interest rates and monetary policy pressure
2019-09-02 09:58:14+00:00,2019-09-02 05:58:14-04:00,"“Brazil will allow more American Ethanol to enter the country without Tariffs, a decision that Brazilian mills are celebrating. The seemingly counter-intuitive reaction stems from the tone of ongoing negotiations between the South American nation and the U.S. for a....",5539,21596,Trade_Tariff,tariffs,1,1,Pure_Trade_Tariff,"Genuine trade deals, tariffs, deficits, or currency policy"
2019-09-02 09:58:14+00:00,2019-09-02 05:58:14-04:00,"....Trade Agreement.” @business @ChuckGrassley @joniernst  @debfisher @BenSasse Making great progress for our Farmers. Approved E-15, year round. Big additional list to be submitted and approved within two weeks. Will be even better for Ethanol, and we save our small refineries!",5905,22528,Agriculture_Retaliation,farmers,1,0,Agriculture_Farm_Aid,US farm aid packages and agricultural trade purchases
2019-09-02 11:36:41+00:00,2019-09-02 07:36:41-04:00,"“When you put everything together, the pro growth Tax &amp, Regulation Cuts, help to retrain workers, the Tariffs which encourage manufacturers to come back to America, along with President Trumps tough approach on immigration (strong stance on illegals, promoting Merit Based), it...",9705,47965,Trade_Tariff,tariffs,1,1,Pure_Trade_Tariff,"Genuine trade deals, tariffs, deficits, or currency policy"
2019-09-02 11:46:58+00:00,2019-09-02 07:46:58-04:00,"....and watched. NAFTA is the worst Trade Deal ever made - terrible for labor - and Richard let it stand. No wonder unions are losing so much. The workers will vote for me in 2020 (lowest unemployment, most jobs ever), and should stop paying exorbitant $Dues, not worth it!",9859,48574,Trade_Tariff,"nafta, trade deal",1,1,Pure_Trade_Tariff,"Genuine trade deals, tariffs, deficits, or currency policy"
2019-09-02 11:57:40+00:00,2019-09-02 07:57:40-04:00,"....Trump Economics. With President Trump, Tariffs are bringing companies back to the USA like he said they would! @SteveHiltonx",7927,40344,Trade_Tariff,tariffs,1,1,Pure_Trade_Tariff,"Genuine trade deals, tariffs, deficits, or currency policy"
2019-09-03 02:37:54+00:00,2019-09-02 22:37:54-04:00,"“Brazil will allow more American Ethanol to enter the country without Tariffs, a decision that Brazilian mills are celebrating. The seemingly counter-intuitive reaction stems from the tone of ongoing negotiations between the South American nation and the U.S. for a...",11979,60646,Trade_Tariff,tariffs,1,1,Pure_Trade_Tariff,"Genuine trade deals, tariffs, deficits, or currency policy"
2019-09-03 02:37:54+00:00,2019-09-02 22:37:54-04:00,"...Trade Agreement.” @business @ChuckGrassley @joniernst @SenatorFischer @BenSasse Making great progress for our Farmers. Approved E-15, year round. Big additional list to be submitted &amp, approved within two weeks. Will be even better for Ethanol, and we save our small refineries!",9113,48007,Agriculture_Retaliation,farmers,1,0,Agriculture_Farm_Aid,US farm aid packages and agricultural trade purchases
2019-09-03 13:12:02+00:00,2019-09-03 09:12:02-04:00,"We are doing very well in our negotiations with China. While I am sure they would love to be dealing with a new administration so they could continue their practice of “ripoff USA”($600 B/year),16 months PLUS is a long time to be hemorrhaging jobs and companies on a long-shot....",14476,72312,China,china,0,0,Diplomatic_General_Noise,General foreign relations / courtesy talks without tariff specifics
2019-09-03 13:12:02+00:00,2019-09-03 09:12:02-04:00,"....And then, think what happens to China when I win. Deal would get MUCH TOUGHER! In the meantime, China’s Supply Chain will crumble and businesses, jobs and money will be gone!",10960,55526,China,china,0,0,Diplomatic_General_Noise,General foreign relations / courtesy talks without tariff specifics
2019-09-03 13:33:16+00:00,2019-09-03 09:33:16-04:00,"For all of the “geniuses” out there, many who have been in other administrations and “taken to the cleaners” by China, that want me to get together with the EU and others to go after China Trade practices remember, the EU &amp, all treat us VERY unfairly on Trade also. Will change!",14303,62227,China,china,0,0,Diplomatic_General_Noise,General foreign relations / courtesy talks without tariff specifics
2019-09-03 13:45:24+00:00,2019-09-03 09:45:24-04:00,"Germany, and so many other countries, have negative interest rates, “they get paid for loaning money,” and our Federal Reserve fails to act! Remember, these are also our weak currency competitors!",10927,47330,Fed_Monetary,"federal reserve, interest rates",1,0,Fed_Monetary_Policy,Federal Reserve interest rates and monetary policy pressure
2019-09-04 01:44:01+00:00,2019-09-03 21:44:01-04:00,"“The Chinese are very adept at not accepting anything. You’ve got to be very tough, and that’s what Trump is doing. It’s in China’s interest to correct, and I think we’ll end up with a solution that’s dramatically better than we have today. Frankly, I think the impact of what....",3318,12935,China,china,0,0,Diplomatic_General_Noise,General foreign relations / courtesy talks without tariff specifics
2019-09-04 01:44:01+00:00,2019-09-03 21:44:01-04:00,"....Trump is doing to China is not lost on the rest of the world. Europe has had among the most protectionist policies forever. They’re sitting there and saying, gee, are we next? Maybe you are! We’ve got to change the rules. The U.S. can’t defend the world and pay for it........",2578,10371,China,china,0,0,Diplomatic_General_Noise,General foreign relations / courtesy talks without tariff specifics
2019-09-04 01:44:02+00:00,2019-09-03 21:44:02-04:00,"....We can’t have a system where we run our entire economy for the benefit of other countries, which have long charged us big tariffs. Don’t keep ducking the reality. The U.S. has been subject to Tariff Terrorism for 50 years. But a real deal can be done.” Sam Zell @joekernencnbc",2806,10962,Trade_Tariff,"tariff, tariffs",1,1,Pure_Trade_Tariff,"Genuine trade deals, tariffs, deficits, or currency policy"
2019-09-04 13:52:58+00:00,2019-09-04 09:52:58-04:00,“U.S. Winning Trade War With China In Dollars.” CNBC,11255,54018,Trade_Tariff; China,"china, trade war",1,1,Pure_Trade_Tariff,"Genuine trade deals, tariffs, deficits, or currency policy"
2019-09-04 14:18:04+00:00,2019-09-04 10:18:04-04:00,"“The Chinese are very adept at not accepting anything. You’ve got to be very tough, and that’s what Trump is doing. It’s in China’s interest to correct, and I think we’ll end up with a solution that’s dramatically better than we have today. Frankly, I think the impact of what...",14730,70638,China,china,0,0,Diplomatic_General_Noise,General foreign relations / courtesy talks without tariff specifics
2019-09-04 14:18:05+00:00,2019-09-04 10:18:05-04:00,"....Trump is doing to China is not lost on the rest of the world. Europe has had among the most protectionist policies forever. They’re sitting there and saying, gee, are we next? Maybe you are! We’ve got to change the rules. The U.S. can’t defend the world and pay for it....",9986,49186,China,china,0,0,Diplomatic_General_Noise,General foreign relations / courtesy talks without tariff specifics
2019-09-04 14:18:05+00:00,2019-09-04 10:18:05-04:00,"....We can’t have a system where we run our entire economy for the benefit of other countries, which have long charged us big tariffs. Don’t keep ducking the reality. The U.S. has been subject to Tariff Terrorism for 50 years. But a real deal can be done.” Sam Zell @JoeSquawk",10930,51658,Trade_Tariff,"tariff, tariffs",1,1,Pure_Trade_Tariff,"Genuine trade deals, tariffs, deficits, or currency policy"
2019-09-04 21:08:58+00:00,2019-09-04 17:08:58-04:00,1. Which country has the largest carbon emission reduction?AMERICA!2. Who has dumped the most carbon into the air?   CHINA!3. 91% of the world’s population are exposed to air pollution above the World Health Organization’s suggested level.   NONE ARE IN THE U.S.A.!,9459,29381,China,china,0,0,Election_Political_Noise,Domestic 2020 election campaign attacks referencing China
2019-09-06 03:33:33+00:00,2019-09-05 23:33:33-04:00,"....that our economy is very strong. If the Fed would lower rates to where the bond market says they should be, then I really wouldn’t worry about a recession.” @jimcramer @JoeSquawk",9127,45842,Fed_Monetary,fed,1,0,Fed_Monetary_Policy,Federal Reserve interest rates and monetary policy pressure
2019-09-06 12:22:25+00:00,2019-09-06 08:22:25-04:00,"I agree with @jimcramer, the Fed should lower rates. They were WAY too early to raise, and Way too late to cut - and big dose quantitative tightening didn’t exactly help either. Where did I find this guy Jerome? Oh well, you can’t win them all!",8768,37834,Fed_Monetary,"fed, quantitative",1,0,Fed_Monetary_Policy,Federal Reserve interest rates and monetary policy pressure
2019-09-06 15:14:20+00:00,2019-09-06 11:14:20-04:00,"“China is eating the Tariffs.” Billions pouring into USA. Targeted Patriot Farmers getting massive Dollars from the incoming Tariffs! Good Jobs Numbers, No Inflation(Fed). China having worst year in decades. Talks happening, good for all!",15620,68646,Trade_Tariff; China; Fed_Monetary; Agriculture_Retaliation,"china, farmers, fed, tariffs",1,1,Pure_Trade_Tariff,"Genuine trade deals, tariffs, deficits, or currency policy"
2019-09-07 03:05:01+00:00,2019-09-06 23:05:01-04:00,"China just enacted a major stimulus plan. With all the Tariffs THEY are paying to the USA, Billions and Billions of Dollars, they need it! In the meantime, our Federal Reserve sits back and does NOTHING!",13923,58931,Trade_Tariff; China; Fed_Monetary,"china, federal reserve, tariffs",1,1,Pure_Trade_Tariff,"Genuine trade deals, tariffs, deficits, or currency policy"
2019-09-07 19:54:38+00:00,2019-09-07 15:54:38-04:00,"RT @WhiteHouse: Congress has an opportunity to replace NAFTA with a deal that protects American workers—and """"would boost the fortunes of Am...",6104,0,Trade_Tariff,nafta,1,1,Pure_Trade_Tariff,"Genuine trade deals, tariffs, deficits, or currency policy"
2019-09-11 10:14:50+00:00,2019-09-11 06:14:50-04:00,"“China suspends Tariffs on some U.S. products. Being hit very hard, supply chains breaking up as many companies move, or look to move, to other countries. Much more expensive to China than originally thought.” @CNBC  @JoeSquawk",8916,39623,Trade_Tariff; China,"china, tariffs",1,1,Pure_Trade_Tariff,"Genuine trade deals, tariffs, deficits, or currency policy"
2019-09-11 10:42:13+00:00,2019-09-11 06:42:13-04:00,....The USA should always be paying the the lowest rate. No Inflation! It is only the naïveté of Jay Powell and the Federal Reserve that doesn’t allow us to do what other countries are already doing. A once in a lifetime opportunity that we are missing because of “Boneheads.”,8973,41007,Fed_Monetary,"federal reserve, powell",1,0,Fed_Monetary_Policy,Federal Reserve interest rates and monetary policy pressure
2019-09-11 10:42:13+00:00,2019-09-11 06:42:13-04:00,"The Federal Reserve should get our interest rates down to ZERO, or less, and we should then start to refinance our debt. INTEREST COST COULD BE BROUGHT WAY DOWN, while at the same time substantially lengthening the term. We have the great currency, power, and balance sheet.....",12228,53175,Fed_Monetary,"federal reserve, interest rates",1,0,Fed_Monetary_Policy,Federal Reserve interest rates and monetary policy pressure
2019-09-11 11:07:13+00:00,2019-09-11 07:07:13-04:00,RT @MariaBartiromo: China is moving to develop a more level playing field: Sen. Perdue https://t.co/97UZWyhiJu  @MorningsMaria @FoxBusiness,3592,0,China,china,0,0,Diplomatic_General_Noise,General foreign relations / courtesy talks without tariff specifics
2019-09-11 23:17:18+00:00,2019-09-11 19:17:18-04:00,"At the request of the Vice Premier of China, Liu He, and due to the fact that the People's Republic of China will be celebrating their 70th Anniversary....",8978,46630,China,china,0,0,Diplomatic_General_Noise,General foreign relations / courtesy talks without tariff specifics
2019-09-11 23:17:19+00:00,2019-09-11 19:17:19-04:00,"....on October 1st, we have agreed, as a gesture of good will, to move the increased Tariffs on 250 Billion Dollars worth of goods (25% to 30%), from October 1st to October 15th.",8892,46188,Trade_Tariff,tariffs,1,1,Pure_Trade_Tariff,"Genuine trade deals, tariffs, deficits, or currency policy"
2019-09-12 03:15:47+00:00,2019-09-11 23:15:47-04:00,"RT @VP: Not only will the #USMCA benefit America’s farmers, ranchers, and manufacturers, it will add billions to the already booming econom...",3799,0,Trade_Tariff; Agriculture_Retaliation,"farmers, usmca",1,1,Pure_Trade_Tariff,"Genuine trade deals, tariffs, deficits, or currency policy"
2019-09-12 03:15:56+00:00,2019-09-11 23:15:56-04:00,RT @VP: The #USMCA means:✅ Stronger Economic Growth✅ More Jobs✅ More Exports✅ Rising Wages Let’s pass a trade deal for ALL Americans!...,4060,0,Trade_Tariff,"trade deal, usmca",1,1,Pure_Trade_Tariff,"Genuine trade deals, tariffs, deficits, or currency policy"
2019-09-12 03:16:03+00:00,2019-09-11 23:16:03-04:00,RT @VP: The #USMCA is the modern trade deal that hardworking Americans across the country deserve. The time for Congress to put Americans F...,4997,0,Trade_Tariff,"trade deal, usmca",1,1,Pure_Trade_Tariff,"Genuine trade deals, tariffs, deficits, or currency policy"
2019-09-12 03:16:13+00:00,2019-09-11 23:16:13-04:00,RT @VP: The #USMCA is a deal for the 21st Century that will support mutually beneficial trade and lead to freer and fairer markets! #USMCAn...,4065,0,Trade_Tariff,usmca,1,1,Pure_Trade_Tariff,"Genuine trade deals, tariffs, deficits, or currency policy"
2019-09-12 12:13:09+00:00,2019-09-12 08:13:09-04:00,"European Central Bank, acting quickly, Cuts Rates 10 Basis Points. They are trying, and succeeding, in depreciating the Euro against the VERY strong Dollar, hurting U.S. exports.... And the Fed sits, and sits, and sits. They get paid to borrow money, while we are paying interest!",14854,54066,Fed_Monetary; FX_Currency,"fed, strong dollar",1,0,Fed_Monetary_Policy,Federal Reserve interest rates and monetary policy pressure
2019-09-12 12:45:34+00:00,2019-09-12 08:45:34-04:00,It is expected that China will be buying large amounts of our agricultural products!,14066,83394,China,china,0,0,Diplomatic_General_Noise,General foreign relations / courtesy talks without tariff specifics
2019-09-13 03:39:21+00:00,2019-09-12 23:39:21-04:00,"RT @VP: Even the Washington Post, the Democrats favorite newspaper, supports passage of the #USMCA. Congress should pass it this fall and g...",9158,0,Trade_Tariff,usmca,1,1,Pure_Trade_Tariff,"Genuine trade deals, tariffs, deficits, or currency policy"
2019-09-16 11:47:56+00:00,2019-09-16 07:47:56-04:00,"Producer prices in China shrank most in 3 years due to China’s big devaluation of their currency, coupled with monetary stimulus. Federal Reserve not watching? Will Fed ever get into the game? Dollar strongest EVER! Really bad for exports. No Inflation...Highest Interest Rates...",8694,38894,China; Fed_Monetary; FX_Currency,"china, devaluation, fed, federal reserve, interest rates",1,0,Fed_Monetary_Policy,Federal Reserve interest rates and monetary policy pressure
2019-09-16 11:47:57+00:00,2019-09-16 07:47:57-04:00,"...The United States, because of the Federal Reserve, is paying a MUCH higher Interest Rate than other competing countries. They can’t believe how lucky they are that Jay Powell &amp, the Fed don’t have a clue. And now, on top of it all, the Oil hit. Big Interest Rate Drop, Stimulus!",7506,32931,Fed_Monetary,"fed, federal reserve, interest rate, powell",1,0,Fed_Monetary_Policy,Federal Reserve interest rates and monetary policy pressure
2019-09-16 20:50:54+00:00,2019-09-16 16:50:54-04:00,"RT @GovAbbott: The #USMCA is essential to the future of Texas, America, and our North American allies. Congress must pass this agreement an...",4743,0,Trade_Tariff,usmca,1,1,Pure_Trade_Tariff,"Genuine trade deals, tariffs, deficits, or currency policy"
2019-09-16 20:51:10+00:00,2019-09-16 16:51:10-04:00,"RT @GovBillLee: The USMCA is a 21st-century trade deal for a 21st-century market that will fuel economic growth right here in Tennessee, cr...",4310,0,Trade_Tariff,"trade deal, usmca",1,1,Pure_Trade_Tariff,"Genuine trade deals, tariffs, deficits, or currency policy"
2019-09-18 18:25:07+00:00,2019-09-18 14:25:07-04:00,"Jay Powell and the Federal Reserve Fail Again. No “guts,” no sense, no vision!  A terrible communicator!",13186,53749,Fed_Monetary,"federal reserve, powell",1,0,Fed_Monetary_Policy,Federal Reserve interest rates and monetary policy pressure
2019-09-22 13:39:19+00:00,2019-09-22 09:39:19-04:00,"“The real story involves Hunter Biden going around the world and collecting large payments from foreign governments and foreign oligarchs.” Peter Schweizer  Laura Ingraham Hunter made a fortune in Ukraine and in China. He knew nothing about Energy, or anything else.",15478,53387,China,china,0,0,Election_Political_Noise,Domestic 2020 election campaign attacks referencing China
2019-09-22 13:39:20+00:00,2019-09-22 09:39:20-04:00,"“Go across the world and you’ll see either very low interest rates, or negative rates. The President wants to be competitive with these other countries on this, but I don’t think he’ll fire Jay Powell (even if I should!).” We should always be paying less interest than others!",8890,41960,Fed_Monetary,"interest rates, powell",1,0,Fed_Monetary_Policy,Federal Reserve interest rates and monetary policy pressure
2019-09-25 20:17:32+00:00,2019-09-25 16:17:32-04:00,"....taken out of Ukraine and China. Additionally, I demand transparency from Democrats that went to Ukraine and attempted to force the new President to do things that they wanted under the form of political threat.",18881,80261,China,china,0,0,Election_Political_Noise,Domestic 2020 election campaign attacks referencing China
2019-09-26 23:02:38+00:00,2019-09-26 19:02:38-04:00,"The President of Ukraine said that he was NOT pressured by me to do anything wrong. Can’t have better testimony than that! As V.P., Biden had his son, on the other hand, take out millions of dollars by strong arming the Ukrainian President. Also looted millions from China. Bad!",21046,90143,China,china,0,0,Election_Political_Noise,Domestic 2020 election campaign attacks referencing China
2019-09-29 01:53:28+00:00,2019-09-28 21:53:28-04:00,"It is disgraceful what the Do Nothing Democrats are doing (the Impeachment Scam), but it is also disgraceful what they are NOT doing, namely, the USMCA vote, Prescription Drug Price Reduction, Gun Safety, Infrastructure, and much more!",19621,80071,Trade_Tariff,usmca,1,1,Pure_Trade_Tariff,"Genuine trade deals, tariffs, deficits, or currency policy"
2019-09-30 11:48:03+00:00,2019-09-30 07:48:03-04:00,"“China Trade Turmoil: China Urging a CALM AND RATIONAL Solution.” @MariaBartiromo @FoxBusiness China is doing very poorly while the USA, under your favorite President’s leadership, continues to soar to new heights - and, despite the Do Nothing Democrats, we have just begun!",11082,46565,China,china,0,0,Election_Political_Noise,Domestic 2020 election campaign attacks referencing China
2019-09-30 12:31:55+00:00,2019-09-30 08:31:55-04:00,"“After many years, the United States is finally waking up to Beijing’s plans and ambitions to pass us as the dominant economic &amp, military superpower in the 21st Century. What’s happening now is that the U.S. is finally responding (thank you President Trump). This is taking.....",15626,73516,China,beijing,0,0,Diplomatic_General_Noise,General foreign relations / courtesy talks without tariff specifics
2019-09-30 12:31:56+00:00,2019-09-30 08:31:56-04:00,"....place in TRADE, it’s taking shape in Military Competition.” Johnathan Ward, author and China expert. We are winning, and we will win. They should not have broken the deal we had with them. Happy Birthday China!",11505,56633,China,china,0,0,Diplomatic_General_Noise,General foreign relations / courtesy talks without tariff specifics
2019-09-30 14:03:30+00:00,2019-09-30 10:03:30-04:00,"The Fake News Media wants to stay as far away as possible from the Ukraine and China deals made by the Bidens. A Corrupt Media is so bad for our Country! In actuality, the Media may be even more Corrupt than the Bidens, which is hard to do!",19984,73700,China,china,0,0,Election_Political_Noise,Domestic 2020 election campaign attacks referencing China
2019-09-30 19:04:26+00:00,2019-09-30 15:04:26-04:00,Great news! @Apple announced that it is building its new Mac Pro in Texas. This means hundreds of American jobs in Austin and for suppliers across the Country. Congratulations to the Apple team and their workers! https://t.co/FMrWFq9wcz,17209,70509,Target_Company_Tech,apple,1,0,Company_Tech_Target,Direct corporate target or 5G/tech supply chain restriction
2019-10-01 04:27:57+00:00,2019-10-01 00:27:57-04:00,"RT @MariaBartiromo: House Democrats should stop delaying and put the country first by passing the USMCA trade deal, write @senatemajldr and...",6764,0,Trade_Tariff,"trade deal, usmca",1,1,Pure_Trade_Tariff,"Genuine trade deals, tariffs, deficits, or currency policy"
2019-10-01 10:07:35+00:00,2019-10-01 06:07:35-04:00,RT @realDonaldTrump: Great news! @Apple announced that it is building its new Mac Pro in Texas. This means hundreds of American jobs in Aus...,17209,0,Target_Company_Tech,apple,1,0,Company_Tech_Target,Direct corporate target or 5G/tech supply chain restriction
2019-10-01 10:54:26+00:00,2019-10-01 06:54:26-04:00,Congratulations to President Xi and the Chinese people on the 70th Anniversary of the People’s Republic of China!,11638,73957,China,china,0,0,Diplomatic_General_Noise,General foreign relations / courtesy talks without tariff specifics
2019-10-01 14:34:45+00:00,2019-10-01 10:34:45-04:00,"As I predicted, Jay Powell and the Federal Reserve have allowed the Dollar to get so strong, especially relative to ALL other currencies, that our manufacturers are being negatively affected. Fed Rate too high. They are their own worst enemies, they don’t have a clue. Pathetic!",18525,70677,Fed_Monetary,"fed, federal reserve, powell",1,0,Fed_Monetary_Policy,Federal Reserve interest rates and monetary policy pressure
2019-10-02 15:31:03+00:00,2019-10-02 11:31:03-04:00,"Nancy Pelosi just said that she is interested in lowering prescription drug prices &amp, working on the desperately needed USMCA. She is incapable of working on either. It is just camouflage for trying to win an election through impeachment. The Do Nothing Democrats are stuck in mud!",19482,72606,Trade_Tariff,usmca,1,1,Pure_Trade_Tariff,"Genuine trade deals, tariffs, deficits, or currency policy"
2019-10-03 10:00:00+00:00,2019-10-03 06:00:00-04:00,"The U.S. won a $7.5 Billion award from the World Trade Organization against the European Union, who has for many years treated the USA very badly on Trade due to Tariffs, Trade Barriers, and more. This case going on for years, a nice victory!",22325,98515,Trade_Tariff,tariffs,1,1,Pure_Trade_Tariff,"Genuine trade deals, tariffs, deficits, or currency policy"
2019-10-05 02:02:24+00:00,2019-10-04 22:02:24-04:00,"RT @DeFede: This morning in the Florida Keys, @marcorubio was asked about the President calling on China to investigate @JoeBiden - see his...",6817,0,China,china,1,0,Fed_Monetary_Policy,Federal Reserve interest rates and monetary policy pressure
2019-10-05 14:06:47+00:00,2019-10-05 10:06:47-04:00,"Somebody please wake up Mitt Romney and tell him that my conversation with the Ukrainian President was a congenial and very appropriate one, and my statement on China pertained to corruption, not politics. If Mitt worked this hard on Obama, he could have won. Sadly, he choked!",27142,121759,China,china,0,0,Election_Political_Noise,Domestic 2020 election campaign attacks referencing China
2019-10-06 14:58:32+00:00,2019-10-06 10:58:32-04:00,"....and separately got 1.5 Billion Dollars from China despite no experience and for no apparent reason. There is NO WAY these can be legitimate transactions? As lawyers &amp, others have stated, as President, I have an OBLIGATION to look into possible, or probable, CORRUPTION!",16741,67277,China,china,0,0,Diplomatic_General_Noise,General foreign relations / courtesy talks without tariff specifics
2019-10-06 16:42:26+00:00,2019-10-06 12:42:26-04:00,"....And by the way, I would LOVE running against 1% Joe Biden - I just don’t think it’s going to happen. Sleepy Joe won’t get to the starting gate, &amp, based on all of the money he &amp, his family probably “extorted,” Joe should hang it up. I wouldn’t want him dealing with China &amp, U!",15319,66204,China,china,0,0,Election_Political_Noise,Domestic 2020 election campaign attacks referencing China
2019-10-06 23:54:51+00:00,2019-10-06 19:54:51-04:00,".@60Minutes “forgot” to report that we are helping the great farmers of the USA to the tune of 28 Billion Dollars, for the last two years, paid for out of Tariffs paid to the United States by China for targeting the farmer. They devalued their currency, therefore paying the cost!",17258,63899,Trade_Tariff; China; Agriculture_Retaliation,"china, farmers, tariffs",1,1,Pure_Trade_Tariff,"Genuine trade deals, tariffs, deficits, or currency policy"
2019-10-07 15:20:48+00:00,2019-10-07 11:20:48-04:00,"I was elected on getting out of these ridiculous endless wars, where our great Military functions as a policing operation to the benefit of people who don’t even like the USA. The two most unhappy countries at this move are Russia &amp, China, because they love seeing us bogged.....",18245,79712,China,china,0,0,Diplomatic_General_Noise,General foreign relations / courtesy talks without tariff specifics
2019-10-08 04:23:05+00:00,2019-10-08 00:23:05-04:00,"RT @WhiteHouse: President @realDonaldTrump just signed two new trade agreements with Japan, changing the game for American farmers and ranc...",10500,0,Agriculture_Retaliation,farmers,1,0,Agriculture_Farm_Aid,US farm aid packages and agricultural trade purchases
2019-10-08 12:30:10+00:00,2019-10-08 08:30:10-04:00,"So many people conveniently forget that Turkey is a big trading partner of the United States, in fact they make the structural steel frame for our F-35 Fighter Jet. They have also been good to deal with, helping me to save many lives at Idlib Province, and returning, in very.....",12590,56762,Steel_Aluminum,steel,1,0,Steel_Aluminum_Industry,Domestic steel and aluminum industry protection/jobs
2019-10-09 01:59:12+00:00,2019-10-08 21:59:12-04:00,"RT @senatemajldr: The USMCA would create 176,000 jobs for American workers and generate $68 billion in wealth for America. House Democrats...",12282,0,Trade_Tariff,usmca,1,1,Pure_Trade_Tariff,"Genuine trade deals, tariffs, deficits, or currency policy"
2019-10-09 02:02:19+00:00,2019-10-08 22:02:19-04:00,RT @senatemajldr: The time for excuses is over. The USMCA needs to move this fall. Workers and small businesses in Kentucky and across the...,7818,0,Trade_Tariff,usmca,1,1,Pure_Trade_Tariff,"Genuine trade deals, tariffs, deficits, or currency policy"
2019-10-09 13:47:18+00:00,2019-10-09 09:47:18-04:00,"They don’t have a clue, but I do. The USA is doing great despite the Fed! https://t.co/85aW2YGehY",6729,27700,Fed_Monetary,fed,1,0,Fed_Monetary_Policy,Federal Reserve interest rates and monetary policy pressure
2019-10-09 14:10:57+00:00,2019-10-09 10:10:57-04:00,RT @IngrahamAngle: Dems are now willing to hurt our economy AND the economy of Mexico—all to deny Trump a win on USMCA.  Mexico is urging P...,15225,0,Trade_Tariff,usmca,1,1,Pure_Trade_Tariff,"Genuine trade deals, tariffs, deficits, or currency policy"
2019-10-10 01:35:34+00:00,2019-10-09 21:35:34-04:00,RT @ABCPolitics: President Trump criticizes Steve Kerr and Gregg Popovich — both vocal critics of Trump — when asked about China putting pr...,10824,0,China,china,0,0,Diplomatic_General_Noise,General foreign relations / courtesy talks without tariff specifics
2019-10-10 13:49:52+00:00,2019-10-10 09:49:52-04:00,"Big day of negotiations with China. They want to make a deal, but do I? I meet with the Vice Premier tomorrow at The White House.",16378,89184,China,china,0,0,Diplomatic_General_Noise,General foreign relations / courtesy talks without tariff specifics
2019-10-11 13:49:09+00:00,2019-10-11 09:49:09-04:00,"Good things are happening at China Trade Talk Meeting. Warmer feelings than in recent past, more like the Old Days. I will be meeting with the Vice Premier today. All would like to see something significant happen!",15002,79310,China,china,0,0,Diplomatic_General_Noise,General foreign relations / courtesy talks without tariff specifics
2019-10-11 14:15:49+00:00,2019-10-11 10:15:49-04:00,"One of the great things about the China Deal is the fact that, for various reasons, we do not have to go through the very long and politically complex Congressional Approval Process. When the deal is fully negotiated, I sign it myself on behalf of our Country. Fast and Clean!",14389,69971,China,china,0,0,Diplomatic_General_Noise,General foreign relations / courtesy talks without tariff specifics
2019-10-11 15:32:09+00:00,2019-10-11 11:32:09-04:00,"RT @MariaBartiromo: USMCA passage, China deal should be ‘a one-two punch’: Rep. Tom Reed https://t.co/WcBsEjjir3 @MorningsMaria @FoxBusiness",3386,0,Trade_Tariff; China,"china, usmca",1,1,Pure_Trade_Tariff,"Genuine trade deals, tariffs, deficits, or currency policy"
2019-10-11 15:38:20+00:00,2019-10-11 11:38:20-04:00,"RT @HouseGOP: “We’re just waiting on Congress...” – Jed Clark, Kentucky Farmer Farmers in Kentucky and all across America are waiting for...",4699,0,Agriculture_Retaliation,farmers,1,0,Agriculture_Farm_Aid,US farm aid packages and agricultural trade purchases
2019-10-11 15:38:29+00:00,2019-10-11 11:38:29-04:00,"RT @WaysandMeansGOP: #USMCA will build on the strong economy, benefitting farmers, small businesses, and manufacturers across the country....",3679,0,Trade_Tariff; Agriculture_Retaliation,"farmers, usmca",1,1,Pure_Trade_Tariff,"Genuine trade deals, tariffs, deficits, or currency policy"
2019-10-11 15:40:57+00:00,2019-10-11 11:40:57-04:00,"RT @WhiteHouse: USMCA updates NAFTA to achieve goals that Democrats have long claimed to support. So what’s the holdup?Yesterday, @VP had...",4184,0,Trade_Tariff,"nafta, usmca",1,1,Pure_Trade_Tariff,"Genuine trade deals, tariffs, deficits, or currency policy"
2019-10-12 03:25:34+00:00,2019-10-11 23:25:34-04:00,"So funny to watch Steve Kerr grovel and pander when asked a simple question about China. He chocked, and looks weak and pathetic. Don’t want him at the White House!",18290,97010,China,china,0,0,Diplomatic_General_Noise,General foreign relations / courtesy talks without tariff specifics
2019-10-12 14:09:12+00:00,2019-10-12 10:09:12-04:00,"The deal I just made with China is, by far, the greatest and biggest deal ever made for our Great Patriot Farmers in the history of our Country. In fact, there is a question as to whether or not this much product can be produced? Our farmers will figure it out. Thank you China!",22145,99851,China; Agriculture_Retaliation,"china, farmers",1,0,Agriculture_Farm_Aid,US farm aid packages and agricultural trade purchases
2019-10-12 14:09:12+00:00,2019-10-12 10:09:12-04:00,"....Other aspects of the deal are also great - technology, financial services, 16-20 Billion in Boeing Planes etc., but WOW, the Farmers really hit pay dirt! @ChuckGrassley @joniernst @debfisher @BenSasse  Thank you to all Republicans in Congress for your invaluable help!",11401,51185,Agriculture_Retaliation; Target_Company_Tech,"boeing, farmers",1,0,Agriculture_Farm_Aid,US farm aid packages and agricultural trade purchases
2019-10-12 20:12:52+00:00,2019-10-12 16:12:52-04:00,Happy National Farmers Day! https://t.co/zqhaDCikQg,10196,49388,Agriculture_Retaliation,farmers,1,0,Agriculture_Farm_Aid,US farm aid packages and agricultural trade purchases
2019-10-13 21:47:19+00:00,2019-10-13 17:47:19-04:00,"My deal with China is that they will IMMEDIATELY start buying very large quantities of our Agricultural Product, not wait until the deal is signed over the next 3 or 4 weeks. THEY HAVE ALREADY STARTED! Likewise financial services and other deal aspects, start preparing....",14521,65417,China,china,0,0,Diplomatic_General_Noise,General foreign relations / courtesy talks without tariff specifics
2019-10-13 21:47:19+00:00,2019-10-13 17:47:19-04:00,"....I agreed not to increase Tariffs from 25% to 30% on October 15th. They will remain at 25%. The relationship with China is very good. We will finish out the large Phase One part of the deal, then head directly into Phase Two. The Phase One Deal can be finalized &amp, signed soon!",10652,47777,Trade_Tariff; China,"china, tariffs",1,1,Pure_Trade_Tariff,"Genuine trade deals, tariffs, deficits, or currency policy"
2019-10-13 21:50:14+00:00,2019-10-13 17:50:14-04:00,"CHINA HAS ALREADY BEGUN AGRICULTURAL PURCHASES FROM OUR GREAT PATRIOT FARMERS &amp, RANCHERS!",18090,89502,China; Agriculture_Retaliation,"china, farmers",1,0,Agriculture_Farm_Aid,US farm aid packages and agricultural trade purchases
2019-10-14 19:10:51+00:00,2019-10-14 15:10:51-04:00,"....and Assad to protect the land of our enemy? Anyone who wants to assist Syria in protecting the Kurds is good with me, whether it is Russia, China, or Napoleon Bonaparte. I hope they all do great, we are 7,000 miles away!",15094,65830,China,china,0,0,Diplomatic_General_Noise,General foreign relations / courtesy talks without tariff specifics
2019-10-15 00:21:30+00:00,2019-10-14 20:21:30-04:00,"A big scandal at @ABC News. They got caught using really gruesome FAKE footage of the Turks bombing in Syria. A real disgrace. Tomorrow they will ask softball questions to Sleepy Joe Biden’s son, Hunter, like why did Ukraine &amp, China pay you millions when you knew nothing? Payoff?",30689,103961,China,china,0,0,Election_Political_Noise,Domestic 2020 election campaign attacks referencing China
2019-10-17 04:41:22+00:00,2019-10-17 00:41:22-04:00,"RT @senatemajldr: Speaker Pelosi is still blocking the USMCA, a major trade deal that would create 176,000 new American jobs. Senate Democr...",12521,0,Trade_Tariff,"trade deal, usmca",1,1,Pure_Trade_Tariff,"Genuine trade deals, tariffs, deficits, or currency policy"
2019-10-19 15:13:27+00:00,2019-10-19 11:13:27-04:00,"Such a disgrace that the Do Nothing Democrats are doing just as their name suggests, Doing Nothing! USMCA anyone?",15267,67429,Trade_Tariff,usmca,1,1,Pure_Trade_Tariff,"Genuine trade deals, tariffs, deficits, or currency policy"
2019-10-19 22:25:56+00:00,2019-10-19 18:25:56-04:00,"RT @HouseGOP: “On their farms, when something needs to get done, our dairy farmers don’t hem and haw, they don’t drag their feet and they d...",8293,0,Agriculture_Retaliation,farmers,1,0,Agriculture_Farm_Aid,US farm aid packages and agricultural trade purchases
2019-10-22 00:46:43+00:00,2019-10-21 20:46:43-04:00,RT @TreasurySpox: It’s been 1️⃣ year since President @realDonaldTrump announced the new US-Mexico-Canada trade agreement. USMCA will be a w...,11636,0,Trade_Tariff,usmca,1,1,Pure_Trade_Tariff,"Genuine trade deals, tariffs, deficits, or currency policy"
2019-10-22 13:28:19+00:00,2019-10-22 09:28:19-04:00,"Can’t believe that Nervous Nancy Pelosi isn’t moving faster on USMCA. Her people want it, they don’t know why she isn’t putting it up for a bipartisan vote. Taking too long!",17931,73990,Trade_Tariff,usmca,1,1,Pure_Trade_Tariff,"Genuine trade deals, tariffs, deficits, or currency policy"
2019-10-23 04:20:11+00:00,2019-10-23 00:20:11-04:00,"RT @GOPChairwoman: The economy is booming, a fantastic trade deal is waiting for a vote, yet DC Democrats are only focused on their ridicul...",6210,0,Trade_Tariff,trade deal,1,1,Pure_Trade_Tariff,"Genuine trade deals, tariffs, deficits, or currency policy"
2019-10-24 14:20:02+00:00,2019-10-24 10:20:02-04:00,"The Federal Reserve is derelict in its duties if it doesn’t lower the Rate and even, ideally, stimulate. Take a look around the World at our competitors. Germany and others are  actually GETTING PAID to borrow money. Fed was way too fast to raise, and way too slow to cut!",19553,75730,Fed_Monetary,"fed, federal reserve",1,1,Pure_Trade_Tariff,"Genuine trade deals, tariffs, deficits, or currency policy"
2019-10-26 11:02:32+00:00,2019-10-26 07:02:32-04:00,"..the President when Flynn had been cleared of everything long before that. The DOJ is withholding a lot of evidence &amp, information, as are Clapper &amp, Brennan &amp, all of the people who participated in the complete setup of Michael Flynn.”(Terrible!) Sidney Powell. This is a disgrace!",14233,54063,Fed_Monetary,powell,1,0,Fed_Monetary_Policy,Federal Reserve interest rates and monetary policy pressure
2019-10-29 15:13:58+00:00,2019-10-29 11:13:58-04:00,"“Over in Europe and Japan they have NEGATIVE RATES. They get paid to borrow money. Don’t we have to follow our competitors?” @Varneyco  Yes we do. The Fed doesn’t have a clue! We have unlimited potential, only held back by the Federal Reserve. But we are winning anyway!",13944,57069,Fed_Monetary,"fed, federal reserve",1,0,Fed_Monetary_Policy,Federal Reserve interest rates and monetary policy pressure
2019-10-31 13:24:32+00:00,2019-10-31 09:24:32-04:00,"China and the USA are working on selecting a new site for signing of Phase One of Trade Agreement, about 60% of total deal, after APEC in Chile was canceled do to unrelated circumstances. The new location will be announced soon. President Xi and President Trump will do signing!",15907,70833,China,china,1,1,Pure_Trade_Tariff,"Genuine trade deals, tariffs, deficits, or currency policy"
2019-10-31 14:37:39+00:00,2019-10-31 10:37:39-04:00,"People are VERY disappointed in Jay Powell and the Federal Reserve. The Fed has called it wrong from the beginning, too fast, too slow. They even tightened in the beginning. Others are running circles around them and laughing all the way to the bank. Dollar &amp, Rates are hurting...",12836,54124,Fed_Monetary,"fed, federal reserve, powell",1,0,Fed_Monetary_Policy,Federal Reserve interest rates and monetary policy pressure
2019-10-31 14:37:45+00:00,2019-10-31 10:37:45-04:00,"....our manufacturers. We should have lower interest rates than Germany, Japan and all others. We are now, by far, the biggest and strongest Country, but the Fed puts us at a competitive disadvantage. China is not our problem, the Federal Reserve is! We will win anyway.",10303,42715,China; Fed_Monetary,"china, fed, federal reserve, interest rates",1,0,Fed_Monetary_Policy,Federal Reserve interest rates and monetary policy pressure
2019-11-05 04:55:55+00:00,2019-11-04 23:55:55-05:00,"RT @TrumpWarRoom: """"The American people are fed up with Democrat lies, hoaxes, slander. The Democrats' outrageous conduct has created an ang...",6372,0,Fed_Monetary,fed,1,0,Fed_Monetary_Policy,Federal Reserve interest rates and monetary policy pressure
2019-11-09 11:58:18+00:00,2019-11-09 06:58:18-05:00,RT @cvpayne: All three major equity indices finished higher and at new all-time highs all while there are $360 billion in tariffs current o...,7898,0,Trade_Tariff,tariffs,1,1,Pure_Trade_Tariff,"Genuine trade deals, tariffs, deficits, or currency policy"
2019-11-10 01:48:17+00:00,2019-11-09 20:48:17-05:00,"RT @GOPChairwoman: Things Democrats did this week: Sham impeachment proceedings.Things they didn’t: Ratify #USMCA, fund the troops, lower...",6414,0,Trade_Tariff,usmca,1,1,Pure_Trade_Tariff,"Genuine trade deals, tariffs, deficits, or currency policy"
2019-11-10 19:06:15+00:00,2019-11-10 14:06:15-05:00,"“There’s nothing there! I’m trying to let the House know that they’re dividing America for no good reason. We’ve got a lot of things we should be doing, like lowering drug costs &amp, getting a trade deal with Mexico and Canada.” @LindseyGrahamSC  The Do Nothing Dems have gone crazy!",17241,66394,Trade_Tariff,trade deal,1,1,Pure_Trade_Tariff,"Genuine trade deals, tariffs, deficits, or currency policy"
2019-11-11 14:25:38+00:00,2019-11-11 09:25:38-05:00,"“The Chinese say (about Trump’s Trade War &amp, Tariffs), ‘he brought us to the table.’ This is the most prosperous economy the world has ever seen, and it’s going to be a very prosperous economy.” Jamie Dimon on @60Minutes  Thank you President Trump &amp, the Republican Party!",11923,46963,Trade_Tariff,"tariffs, trade war",1,1,Pure_Trade_Tariff,"Genuine trade deals, tariffs, deficits, or currency policy"
2019-11-12 11:25:15+00:00,2019-11-12 06:25:15-05:00,"....Ukrainian energy company, and more millions taken from China, and now reports of other companies and countries also giving him big money, are certainly looking very corrupt (to put it mildly!) to me. Both Bidens should be forced to testify in this No Due Process Scam!",10916,44738,China,china,0,0,Election_Political_Noise,Domestic 2020 election campaign attacks referencing China
2019-11-14 14:32:35+00:00,2019-11-14 09:32:35-05:00,Walmart announces great numbers. No impact from Tariffs (which are contributing $Billions to our Treasury). Inflation low (do you hear that Powell?)!,16646,77061,Trade_Tariff; Fed_Monetary,"powell, tariffs",1,1,Pure_Trade_Tariff,"Genuine trade deals, tariffs, deficits, or currency policy"
2019-11-15 02:53:49+00:00,2019-11-14 21:53:49-05:00,"RT @RepDougCollins: Great news for @GAPoultryFed, @chickencouncil, and poultry farmers across the country! Thank you @realDonaldTrump, @Sec...",5811,0,Agriculture_Retaliation,farmers,1,0,Fed_Monetary_Policy,Federal Reserve interest rates and monetary policy pressure
2019-11-15 13:48:52+00:00,2019-11-15 08:48:52-05:00,"......filth pouring into the Pacific Ocean is rapidly becoming an environmental hazard, is getting NOTHING DONE. She is a Do Nothing Democrat as Speaker, and will hopefully not be in that position very long. Approve USMCA, which has been sitting on her desk for months!",13945,53766,Trade_Tariff,usmca,1,1,Pure_Trade_Tariff,"Genuine trade deals, tariffs, deficits, or currency policy"
2019-11-17 16:08:11+00:00,2019-11-17 11:08:11-05:00,"Our great Farmers will recieve another major round of “cash,” compliments of China Tariffs, prior to Thanksgiving. The smaller farms and farmers will be big beneficiaries. In the meantime, and as you may have noticed, China is starting to buy big again. Japan deal DONE. Enjoy!",22120,93688,Trade_Tariff; China; Agriculture_Retaliation,"china, farmers, tariffs",1,1,Pure_Trade_Tariff,"Genuine trade deals, tariffs, deficits, or currency policy"
2019-11-18 03:49:55+00:00,2019-11-17 22:49:55-05:00,"Just finished a very good &amp, cordial meeting at the White House with Jay Powell of the Federal Reserve. Everything was discused including interest rates, negative interest, low inflation, easing, Dollar strength &amp, its effect on manufacturing, trade with China, E.U. &amp, others, etc.",2523,8981,China; Fed_Monetary,"china, federal reserve, interest rates, powell",1,0,Fed_Monetary_Policy,Federal Reserve interest rates and monetary policy pressure
2019-11-18 13:52:22+00:00,2019-11-18 08:52:22-05:00,"Our Crazy, Do Nothing (where’s USMCA, infrastructure, lower drug pricing &amp, much more?) Speaker of the House, Nervous Nancy Pelosi, who is petrified by her Radical Left knowing she will soon be gone (they &amp, Fake News Media are her BOSS), suggested on Sunday’s DEFACE THE NATION....",17755,67038,Trade_Tariff,usmca,1,1,Pure_Trade_Tariff,"Genuine trade deals, tariffs, deficits, or currency policy"
2019-11-18 16:01:42+00:00,2019-11-18 11:01:42-05:00,"Just finished a very good &amp, cordial meeting at the White House with Jay Powell of the Federal Reserve. Everything was discussed including interest rates, negative interest, low inflation, easing, Dollar strength &amp, its effect on manufacturing, trade with China, E.U. &amp, others, etc.",15261,68851,China; Fed_Monetary,"china, federal reserve, interest rates, powell",1,0,Fed_Monetary_Policy,Federal Reserve interest rates and monetary policy pressure
2019-11-19 03:34:12+00:00,2019-11-18 22:34:12-05:00,"At my meeting with Jay Powell this morning, I protested fact that our Fed Rate is set too high relative to the interest rates of other competitor countries. In fact, our rates should be lower than all others (we are the U.S.). Too strong a Dollar hurting manufacturers &amp, growth!",16096,70196,Fed_Monetary,"fed, interest rates, powell",1,0,Fed_Monetary_Policy,Federal Reserve interest rates and monetary policy pressure
2019-11-20 23:18:50+00:00,2019-11-20 18:18:50-05:00,Today I opened a major Apple Manufacturing plant in Texas that will bring high paying jobs back to America. Today Nancy Pelosi closed Congress because she doesn’t care about American Workers!,29231,122699,Target_Company_Tech,apple,1,0,Company_Tech_Target,Direct corporate target or 5G/tech supply chain restriction
2019-11-21 12:31:40+00:00,2019-11-21 07:31:40-05:00,"During my visit yesterday to Austin, Texas, for the startup of the new Mac Pro, &amp, the discussion of a new one $billion campus, also in Texas, I asked Tim Cook to see if he could get Apple involved in building 5G in the U.S. They have it all - Money, Technology, Vision &amp, Cook!l",11302,49919,Target_Company_Tech,apple,1,0,Company_Tech_Target,Direct corporate target or 5G/tech supply chain restriction
2019-11-21 20:51:11+00:00,2019-11-21 15:51:11-05:00,"RT @senatemajldr: Every time the Trump administration meets Speaker Pelosi halfway on the USMCA, she tries to move the goalposts. The Speak...",18457,0,Trade_Tariff,usmca,1,1,Pure_Trade_Tariff,"Genuine trade deals, tariffs, deficits, or currency policy"
2019-11-23 16:25:37+00:00,2019-11-23 11:25:37-05:00,"Joe Concha, The Hill: “In Emerson College Poll, Impeachment among independents, 49% Oppose, 34% Support. You see why Pelosi is reluctant to go in with this. Dems have to go home and explain why they haven’t done something on Opioid crisis, drug prices, USMCA, the Border, etc.",17651,68355,Trade_Tariff,usmca,1,1,Pure_Trade_Tariff,"Genuine trade deals, tariffs, deficits, or currency policy"
2019-11-24 04:53:36+00:00,2019-11-23 23:53:36-05:00,Pushed hard to have Apple build in USA! https://t.co/BRfXBkJdc2,14634,68766,Target_Company_Tech,apple,1,0,Company_Tech_Target,Direct corporate target or 5G/tech supply chain restriction
2019-11-24 12:30:58+00:00,2019-11-24 07:30:58-05:00,"Nancy Pelosi, Adam Schiff, AOC and the rest of the Democrats are not getting important legislation done, hence, the Do Nothing Democrats. USMCA, National Defense Authorization Act, Gun Safety, Prescription Drug Prices, &amp, Infrastructure are dead in the water because of the Dems!",24082,82686,Trade_Tariff,usmca,1,1,Pure_Trade_Tariff,"Genuine trade deals, tariffs, deficits, or currency policy"
2019-11-25 12:54:31+00:00,2019-11-25 07:54:31-05:00,"Support for Impeachment is dropping like a rock, down into the 20’s in some Polls. Dems should now get down to work and finally approve USMCA, and much more!",23782,104682,Trade_Tariff,usmca,1,1,Pure_Trade_Tariff,"Genuine trade deals, tariffs, deficits, or currency policy"
2019-11-26 11:53:16+00:00,2019-11-26 06:53:16-05:00,"When the Military rips down an old &amp, badly broken Border Wall in an important location, &amp, replaces it with a brand new 30 ft. high Steel &amp, Concrete Wall, Nancy Pelosi says we are not building a Wall. Wrong, and it is going up fast. Brandon Judd just gave us great marks! @FoxNews",20582,88559,Steel_Aluminum,steel,1,0,Steel_Aluminum_Industry,Domestic steel and aluminum industry protection/jobs
2019-11-30 23:47:15+00:00,2019-11-30 18:47:15-05:00,"RT @VP: One year ago today, President @realDonaldTrump signed the #USMCA. While this Administration works FOR the American People, Speaker...",15601,0,Trade_Tariff,usmca,1,1,Pure_Trade_Tariff,"Genuine trade deals, tariffs, deficits, or currency policy"
2019-11-30 23:48:06+00:00,2019-11-30 18:48:06-05:00,"RT @TeamTrump: One year ago today, President @realDonaldTrump signed the #USMCA with Canada and Mexico.It now sits on Nancy Pelosi's desk...",13088,0,Trade_Tariff,usmca,1,1,Pure_Trade_Tariff,"Genuine trade deals, tariffs, deficits, or currency policy"
2019-12-02 10:59:33+00:00,2019-12-02 05:59:33-05:00,".....Reserve should likewise act so that countries, of which there are many, no longer take advantage of our strong dollar by further devaluing their currencies. This makes it very hard for our manufactures &amp, farmers to fairly export their goods. Lower Rates &amp, Loosen - Fed!",10320,42296,Fed_Monetary; Agriculture_Retaliation; FX_Currency,"farmers, fed, strong dollar",1,0,Fed_Monetary_Policy,Federal Reserve interest rates and monetary policy pressure
2019-12-02 10:59:33+00:00,2019-12-02 05:59:33-05:00,"Brazil and Argentina have been presiding over a massive devaluation of their currencies. which is not good for our farmers. Therefore, effective immediately, I will restore the Tariffs on all Steel &amp, Aluminum that is shipped into the U.S. from those countries. The Federal....",17755,68803,Trade_Tariff; Steel_Aluminum; Agriculture_Retaliation; FX_Currency,"aluminum, devaluation, farmers, steel, tariffs",1,1,Pure_Trade_Tariff,"Genuine trade deals, tariffs, deficits, or currency policy"
2019-12-02 11:11:04+00:00,2019-12-02 06:11:04-05:00,"U.S. Markets are up as much as 21% since the announcement of Tariffs on 3/1/2018 - and the U.S. is taking in massive amounts of money (and giving some to our farmers, who have been targeted by China)!",12310,54324,Trade_Tariff; China; Agriculture_Retaliation,"china, farmers, tariffs",1,1,Pure_Trade_Tariff,"Genuine trade deals, tariffs, deficits, or currency policy"
2019-12-02 21:19:46+00:00,2019-12-02 16:19:46-05:00,"Manufacturers are being held back by the strong Dollar, which is being propped up by the ridiculous policies of the Federal Reserve - Which has called interest rates and quantitative tightening wrong from the first days of Jay Powell!",12873,50006,Fed_Monetary; FX_Currency,"federal reserve, interest rates, powell, quantitative, strong dollar",1,0,Fed_Monetary_Policy,Federal Reserve interest rates and monetary policy pressure
2019-12-02 22:21:21+00:00,2019-12-02 17:21:21-05:00,"The Fed should lower rates (there is almost no inflation) and loosen, making us competitive with other nations, and manufacturing will SOAR! Dollar is very strong relative to others.",15190,64227,Fed_Monetary,fed,1,0,Fed_Monetary_Policy,Federal Reserve interest rates and monetary policy pressure
2019-12-03 23:20:00+00:00,2019-12-03 18:20:00-05:00,RT @GOP: “We’re working on the USMCA. We're trying to get Nancy Pelosi to put it up for a vote... It's a great deal for everybody. So hopeful...,6712,0,Trade_Tariff,usmca,1,1,Pure_Trade_Tariff,"Genuine trade deals, tariffs, deficits, or currency policy"
2019-12-04 20:57:25+00:00,2019-12-04 15:57:25-05:00,RT @KenCalvert: House Democrats have brought Congress to a standstill with their impeachment obsession.❌ Passage of #USMCA❌ Lower Drug P...,7755,0,Trade_Tariff,usmca,1,1,Pure_Trade_Tariff,"Genuine trade deals, tariffs, deficits, or currency policy"
2019-12-05 16:49:52+00:00,2019-12-05 11:49:52-05:00,"Nancy Pelosi just had a nervous fit. She hates that we will soon have 182 great new judges and sooo much more. Stock Market and employment records. She says she “prays for the President.” I don’t believe her, not even close. Help the homeless in your district Nancy. USMCA?",44327,174733,Trade_Tariff,usmca,1,1,Pure_Trade_Tariff,"Genuine trade deals, tariffs, deficits, or currency policy"
2019-12-07 00:10:54+00:00,2019-12-06 19:10:54-05:00,"Nadler hasn’t had a single fact witness testify! Zero substance—Country wants #USMCA and Growth, not Impeachment. Polls have tanked on the Do Nothing Democrats!",16742,66871,Trade_Tariff,usmca,1,1,Pure_Trade_Tariff,"Genuine trade deals, tariffs, deficits, or currency policy"
2019-12-07 00:28:48+00:00,2019-12-06 19:28:48-05:00,"Why is the World Bank loaning money to China? Can this be possible? China has plenty of money, and if they don’t, they create it. STOP!",31545,125408,China,china,0,0,Diplomatic_General_Noise,General foreign relations / courtesy talks without tariff specifics
2019-12-07 18:54:36+00:00,2019-12-07 13:54:36-05:00,"Hard to believe, but if Nancy Pelosi had put our great Trade Deal with Mexico and Canada, USMCA, up for a vote long ago, our economy would be even better. If she doesn’t move quickly, it will collapse!",19353,74915,Trade_Tariff,"trade deal, usmca",1,1,Pure_Trade_Tariff,"Genuine trade deals, tariffs, deficits, or currency policy"
2019-12-08 15:17:28+00:00,2019-12-08 10:17:28-05:00,"....with the U.S. Presidential Election in November. North Korea, under the leadership of Kim Jong Un, has tremendous economic potential, but it must denuclearize as promised. NATO, China, Russia, Japan, and the entire world is unified on this issue!",7627,30817,China,china,0,0,Election_Political_Noise,Domestic 2020 election campaign attacks referencing China
2019-12-08 16:50:13+00:00,2019-12-08 11:50:13-05:00,"....Biden on the board of the largest natural gas company in Ukraine, getting paid $83,000 a month, 10 times as much as a board member of @exxonmobil.” Thank you Ted. He also  made a fortune from China and others, but zero before his father became V.P. @MeetThePress",10451,35440,China,china,0,0,Election_Political_Noise,Domestic 2020 election campaign attacks referencing China
2019-12-08 21:27:26+00:00,2019-12-08 16:27:26-05:00,RT @WarRoom2020: Navarro: Why at the Dem debates do they never talk about China or the economy? Because they don’t want to admit President...,4738,0,China,china,0,0,Diplomatic_General_Noise,General foreign relations / courtesy talks without tariff specifics
2019-12-10 14:32:30+00:00,2019-12-10 09:32:30-05:00,"America’s great USMCA Trade Bill is looking good. It will be the best and most important trade deal ever made by the USA. Good for everybody - Farmers, Manufacturers, Energy, Unions - tremendous support. Importantly, we will finally end our Country’s worst Trade Deal, NAFTA!",18512,78508,Trade_Tariff; Agriculture_Retaliation,"farmers, nafta, trade deal, usmca",1,1,Pure_Trade_Tariff,"Genuine trade deals, tariffs, deficits, or currency policy"
2019-12-10 14:35:49+00:00,2019-12-10 09:35:49-05:00,Looking like very good Democrat support for USMCA. That would be great for our Country!,11819,58048,Trade_Tariff,usmca,1,1,Pure_Trade_Tariff,"Genuine trade deals, tariffs, deficits, or currency policy"
2019-12-10 22:55:57+00:00,2019-12-10 17:55:57-05:00,RT @SteveScalise: Republicans pushed for a deal on #USMCA for months while Pelosi wasted time on her impeachment sham.We finally have an...,8844,0,Trade_Tariff,usmca,1,1,Pure_Trade_Tariff,"Genuine trade deals, tariffs, deficits, or currency policy"
2019-12-10 22:56:36+00:00,2019-12-10 17:56:36-05:00,"RT @RepKevinBrady: I’ve been working to pass #USMCA since day one - now that @realDonaldTrump has reached a deal w/ Congress, we must pass...",3699,0,Trade_Tariff,usmca,1,1,Pure_Trade_Tariff,"Genuine trade deals, tariffs, deficits, or currency policy"
2019-12-10 22:57:18+00:00,2019-12-10 17:57:18-05:00,RT @RepTrentKelly: Republicans advocated for #USMCA for months while @SpeakerPelosi pushed the impeachment sham. No more delays. It’s time...,3869,0,Trade_Tariff,usmca,1,1,Pure_Trade_Tariff,"Genuine trade deals, tariffs, deficits, or currency policy"
2019-12-10 22:57:58+00:00,2019-12-10 17:57:58-05:00,"RT @RepLeeZeldin: Huge win for President Trump getting USMCA over the finish line, but most importantly, it's a huge win for the American w...",7524,0,Trade_Tariff,usmca,1,1,Pure_Trade_Tariff,"Genuine trade deals, tariffs, deficits, or currency policy"
2019-12-10 23:03:08+00:00,2019-12-10 18:03:08-05:00,"RT @RepSmucker: The USMCA is a big win for Pennsylvania and the people of my district!Thanks to @realDonaldTrump and Republican policies,...",6240,0,Trade_Tariff,usmca,1,1,Pure_Trade_Tariff,"Genuine trade deals, tariffs, deficits, or currency policy"
2019-12-10 23:05:30+00:00,2019-12-10 18:05:30-05:00,"RT @WaysandMeansGOP: It’s time for the U.S. Congress to pass USMCA as soon as possible, without further delay, to unlock the benefits of th...",3141,0,Trade_Tariff,usmca,1,1,Pure_Trade_Tariff,"Genuine trade deals, tariffs, deficits, or currency policy"
2019-12-10 23:07:36+00:00,2019-12-10 18:07:36-05:00,"RT @PatrickMcHenry: American workers have waited long enough, the time to pass the #USMCA is now. From enabling our economy to continue to...",3162,0,Trade_Tariff,usmca,1,1,Pure_Trade_Tariff,"Genuine trade deals, tariffs, deficits, or currency policy"
2019-12-10 23:08:22+00:00,2019-12-10 18:08:22-05:00,"RT @RepAndyBarr: More than a year after President Trump negotiated the North America trade deal, it’s good to finally see the unnecessary p...",4998,0,Trade_Tariff,trade deal,1,1,Pure_Trade_Tariff,"Genuine trade deals, tariffs, deficits, or currency policy"
2019-12-10 23:12:17+00:00,2019-12-10 18:12:17-05:00,RT @RoyBlunt: 🚨🚨🚨 @POTUS and House Democrats have announced an agreement to move #USMCA forward. My statement here ⤵️ https://t.co/Age7TDWf...,2831,0,Trade_Tariff,usmca,1,1,Pure_Trade_Tariff,"Genuine trade deals, tariffs, deficits, or currency policy"
2019-12-10 23:13:02+00:00,2019-12-10 18:13:02-05:00,"RT @SenatorFischer: Pleased to hear that @realDonaldTrump’s administration &amp, House Democrats have reached a deal on #USMCA! This is a major...",3057,0,Trade_Tariff,usmca,1,1,Pure_Trade_Tariff,"Genuine trade deals, tariffs, deficits, or currency policy"
2019-12-10 23:14:13+00:00,2019-12-10 18:14:13-05:00,"RT @RepMeuser: (1/2) The #USMCA now looks like it will finally come to the House floor for a vote next week. This agreement, as negotiated...",3984,0,Trade_Tariff,usmca,1,1,Pure_Trade_Tariff,"Genuine trade deals, tariffs, deficits, or currency policy"
2019-12-10 23:14:54+00:00,2019-12-10 18:14:54-05:00,RT @RepFredKeller: I congratulate President @realDonaldTrump and @HouseGOP leadership in reaching a deal on the #USMCA. The new trade deal...,5670,0,Trade_Tariff,"trade deal, usmca",1,1,Pure_Trade_Tariff,"Genuine trade deals, tariffs, deficits, or currency policy"
2019-12-10 23:15:42+00:00,2019-12-10 18:15:42-05:00,"RT @RepLaHood: The announced agreement on #USMCA is great news! I applaud @realDonaldTrump &amp, @USTradeRep for negotiating a strong agreement...",3425,0,Trade_Tariff,usmca,1,1,Pure_Trade_Tariff,"Genuine trade deals, tariffs, deficits, or currency policy"
2019-12-10 23:19:04+00:00,2019-12-10 18:19:04-05:00,RT @ChuckGrassley: Renegotiating NAFTA was a central campaign promise of Pres Trump and 2day he delivered a historic win for the American p...,7391,0,Trade_Tariff,nafta,1,1,Pure_Trade_Tariff,"Genuine trade deals, tariffs, deficits, or currency policy"
2019-12-10 23:24:37+00:00,2019-12-10 18:24:37-05:00,"RT @MikeKellyPA: Promises made, promises kept! USMCA is a big win &amp, will further boost America's economy.Thank you to @POTUS @realDonaldT...",7155,0,Trade_Tariff,usmca,1,1,Pure_Trade_Tariff,"Genuine trade deals, tariffs, deficits, or currency policy"
2019-12-10 23:45:11+00:00,2019-12-10 18:45:11-05:00,"RT @SecretarySonny: Very encouraged by today’s breakthrough on #USMCA – the agreement is a big win for America, especially for our farmers...",4455,0,Trade_Tariff; Agriculture_Retaliation,"farmers, usmca",1,1,Pure_Trade_Tariff,"Genuine trade deals, tariffs, deficits, or currency policy"
2019-12-11 13:18:02+00:00,2019-12-11 08:18:02-05:00,"RT @WhiteHouse: As a private citizen, @realDonaldTrump saw that Americans were treated unfairly by NAFTA.He ran for office—and won—on a p...",15546,0,Trade_Tariff,nafta,1,1,Pure_Trade_Tariff,"Genuine trade deals, tariffs, deficits, or currency policy"
2019-12-11 13:34:31+00:00,2019-12-11 08:34:31-05:00,"RT @CongressmanHice: .@realdonaldtrump never settles for the status quo, &amp, #USMCA is no different. With the new trade deal, @POTUS is keepi...",3795,0,Trade_Tariff,"trade deal, usmca",1,1,Pure_Trade_Tariff,"Genuine trade deals, tariffs, deficits, or currency policy"
2019-12-11 14:23:31+00:00,2019-12-11 09:23:31-05:00,RT @JennaEllisEsq: .@realDonaldTrump has been pushing Do-Nothing-Dems to bring the USMCA to a vote for A YEAR.For Nancy to claim this is...,3644,0,Trade_Tariff,usmca,1,1,Pure_Trade_Tariff,"Genuine trade deals, tariffs, deficits, or currency policy"
2019-12-12 12:07:46+00:00,2019-12-12 07:07:46-05:00,"RT @WhiteHouse: Decades ago, @realDonaldTrump identified what was wrong with NAFTA—and later ran for President on a promise to replace it....",2961,0,Trade_Tariff,nafta,1,1,Pure_Trade_Tariff,"Genuine trade deals, tariffs, deficits, or currency policy"
2019-12-12 12:32:18+00:00,2019-12-12 07:32:18-05:00,RT @IvankaTrump: TODAY: U.S. negotiators join Mexico and Canada in signing USMCA in Mexico City making history and paving the way for massi...,5168,0,Trade_Tariff,usmca,1,1,Pure_Trade_Tariff,"Genuine trade deals, tariffs, deficits, or currency policy"
2019-12-12 12:33:57+00:00,2019-12-12 07:33:57-05:00,"RT @SarahHuckabee: A testimony to the excellent USMCA deal President @realDonaldTrump, @USTradeRep Robert Lighthizer, and Jared Kushner neg...",4833,0,Trade_Tariff,usmca,1,1,Pure_Trade_Tariff,"Genuine trade deals, tariffs, deficits, or currency policy"
2019-12-12 14:35:47+00:00,2019-12-12 09:35:47-05:00,"Getting VERY close to a BIG DEAL with China. They want it, and so do we!",25187,143505,China,china,0,0,Diplomatic_General_Noise,General foreign relations / courtesy talks without tariff specifics
2019-12-13 06:08:11+00:00,2019-12-13 01:08:11-05:00,Congratulations to Boris Johnson on his great WIN! Britain and the United States will now be free to strike a massive new Trade Deal after BREXIT. This deal has the potential to be far bigger and more lucrative than any deal that could be made with the E.U. Celebrate Boris!,41174,181790,Trade_Tariff,trade deal,1,1,Pure_Trade_Tariff,"Genuine trade deals, tariffs, deficits, or currency policy"
2019-12-13 14:06:40+00:00,2019-12-13 09:06:40-05:00,"The Wall Street Journal story on the China Deal is completely wrong, especially their statement on Tariffs. Fake News. They should find a better leaker!",23911,99343,Trade_Tariff; China,"china, tariffs",1,1,Pure_Trade_Tariff,"Genuine trade deals, tariffs, deficits, or currency policy"
2019-12-13 15:25:47+00:00,2019-12-13 10:25:47-05:00,"We have agreed to a very large Phase One Deal with China. They have agreed to many structural changes and massive purchases of Agricultural Product, Energy, and Manufactured Goods, plus much more. The 25% Tariffs will remain as is, with 7 1/2% put on much of the remainder....",22620,89648,Trade_Tariff; China,"china, tariffs",1,1,Pure_Trade_Tariff,"Genuine trade deals, tariffs, deficits, or currency policy"
2019-12-13 15:25:52+00:00,2019-12-13 10:25:52-05:00,".....The Penalty Tariffs set for December 15th will not be charged because of the fact that we made the deal. We will begin negotiations on the Phase Two Deal immediately, rather than waiting until after the 2020 Election. This is an amazing deal for all. Thank you!",15092,61163,Trade_Tariff,tariffs,1,1,Pure_Trade_Tariff,"Genuine trade deals, tariffs, deficits, or currency policy"
2019-12-14 14:25:38+00:00,2019-12-14 09:25:38-05:00,"“Independent voters are fed up and frustrated with the Democrats.” Congressman Michael Waltz, Florida",12816,62906,Fed_Monetary,fed,1,0,Fed_Monetary_Policy,Federal Reserve interest rates and monetary policy pressure
2019-12-14 14:52:32+00:00,2019-12-14 09:52:32-05:00,"RT @WSJopinion: The newly signed USMCA is a sweet relief to farmers in rural districts like mine, writes @RepTedBudd https://t.co/oZ5nUvUgHY",6127,0,Trade_Tariff; Agriculture_Retaliation,"farmers, usmca",1,1,Pure_Trade_Tariff,"Genuine trade deals, tariffs, deficits, or currency policy"
2019-12-14 19:09:26+00:00,2019-12-14 14:09:26-05:00,"Chuck Schumer sat for years during the Obama Administration and watched as China ripped off the United States. He &amp, the Do Nothing Democrats did NOTHING as this $ carnage took place. Now, without even seeing it, he snipes at our GREAT new deal with China. Too bad Cryin’ Chuck!",28777,111206,China,china,0,0,Election_Political_Noise,Domestic 2020 election campaign attacks referencing China
2019-12-16 05:05:08+00:00,2019-12-16 00:05:08-05:00,"....energy independence, manufacturing resilience, illegal immigration coming down, the Wall going up, China confronted, the caliphate defeated, NAFTA renegotiated, our militsry rebuilt, NATO paying more, regulations costing less,.......and much more. This is why they’re....",1289,4943,Trade_Tariff; China,"china, nafta",1,1,Pure_Trade_Tariff,"Genuine trade deals, tariffs, deficits, or currency policy"
2019-12-16 05:28:18+00:00,2019-12-16 00:28:18-05:00,"....energy independence, manufacturing resilience, illegal immigration coming down, the Wall going up, China confronted, the caliphate defeated, NAFTA renegotiated, our military rebuilt, NATO paying more, regulations costing less,.......and much more. This is why they’re....",8778,35947,Trade_Tariff; China,"china, nafta",1,1,Pure_Trade_Tariff,"Genuine trade deals, tariffs, deficits, or currency policy"
2019-12-16 13:30:57+00:00,2019-12-16 08:30:57-05:00,"RT @GOPChairwoman: .@KellyannePolls is spot on:""""This is one of the most successful weeks of the @realDonaldTrump presidency.""""✅ USMCA✅...",6718,0,Trade_Tariff,usmca,1,1,Pure_Trade_Tariff,"Genuine trade deals, tariffs, deficits, or currency policy"
2019-12-17 14:48:50+00:00,2019-12-17 09:48:50-05:00,".@FoxNews  “Trump wins major victories in China and USMCA trade deals, defense spending and Space Force.” Thank you!",12014,52656,Trade_Tariff; China,"china, usmca",1,1,Pure_Trade_Tariff,"Genuine trade deals, tariffs, deficits, or currency policy"
2019-12-17 15:12:35+00:00,2019-12-17 10:12:35-05:00,Would be sooo great if the Fed would further lower interest rates and quantitative ease. The Dollar is very strong against other currencies and there is almost no inflation. This is the time to do it. Exports would zoom!,18133,80169,Fed_Monetary,"fed, interest rates, quantitative",1,0,Fed_Monetary_Policy,Federal Reserve interest rates and monetary policy pressure
2019-12-17 21:17:44+00:00,2019-12-17 16:17:44-05:00,"Congressman @MarkwayneMullin is a big time #MAGA supporter! Markwayne has fought hard for Oklahoma Veterans and Military, he loves our Farmers and he’s Strong on Border Security. I give Markwayne my Complete and Total Endorsement!",7393,28671,Agriculture_Retaliation,farmers,1,0,Agriculture_Farm_Aid,US farm aid packages and agricultural trade purchases
2019-12-19 23:55:11+00:00,2019-12-19 18:55:11-05:00,"The great USMCA Trade Deal (Mexico &amp, Canada) has been sitting on Nancy Pelosi’s desk for 8 months, she doesn’t even know what it says, &amp, today, after passing by a wide margin in the House, Pelosi tried to take credit for it. Labor will vote for Trump. Trade deal is great for USA!",22055,87564,Trade_Tariff,"trade deal, usmca",1,1,Pure_Trade_Tariff,"Genuine trade deals, tariffs, deficits, or currency policy"
2019-12-20 15:24:23+00:00,2019-12-20 10:24:23-05:00,"Had a very good talk with President Xi of China concerning our giant Trade Deal. China has already started large scale purchaes of agricultural product &amp, more. Formal signing being arranged. Also talked about North Korea, where we are working with China, &amp, Hong Kong (progress!).",18837,86446,Trade_Tariff; China,"china, trade deal",1,1,Pure_Trade_Tariff,"Genuine trade deals, tariffs, deficits, or currency policy"
2019-12-20 21:07:50+00:00,2019-12-20 16:07:50-05:00,"....Kevin is strong on Securing the Border, #USMCA, protecting our #2A, and Loves our Vets and Military. Kevin is a true friend, and has my Complete and Total Endorsement!",5819,26027,Trade_Tariff,usmca,1,1,Pure_Trade_Tariff,"Genuine trade deals, tariffs, deficits, or currency policy"
2019-12-23 02:20:00+00:00,2019-12-22 21:20:00-05:00,"RT @economics: BREAKING: China says it will cut import tariffs for goods including frozen pork, pharmaceuticals, paper products and some hi...",6405,0,Trade_Tariff; China,"china, tariffs",1,1,Pure_Trade_Tariff,"Genuine trade deals, tariffs, deficits, or currency policy"
2019-12-23 02:20:17+00:00,2019-12-22 21:20:17-05:00,"RT @SkyNewsBreak: U.S. president Donald Trump says a """"breakthrough"""" has been achieved in trade talks with China and he expects a deal to be...",6380,0,China,china,0,0,Diplomatic_General_Noise,General foreign relations / courtesy talks without tariff specifics
2019-12-23 02:21:07+00:00,2019-12-22 21:21:07-05:00,RT @Reuters: China will lower import tariffs on over 850 products from January 1 https://t.co/rOyxOnY9QF https://t.co/8xmiyGmiW6,7351,0,Trade_Tariff; China,"china, tariffs",1,1,Pure_Trade_Tariff,"Genuine trade deals, tariffs, deficits, or currency policy"
2019-12-23 22:46:12+00:00,2019-12-23 17:46:12-05:00,"RT @marcorubio: This was a very good move by @POTUS⁩ to end threat of tariffs on #Brazil. They are a very important partner &amp, a friendly...",5070,0,Trade_Tariff,tariffs,1,1,Pure_Trade_Tariff,"Genuine trade deals, tariffs, deficits, or currency policy"
2019-12-24 13:25:26+00:00,2019-12-24 08:25:26-05:00,The ONLY reason we were able to get our great USMCA Trade Deal approved was because the Do Nothing Democrats wanted to show that they could approve  something productive in light of the fact that all they even think about is impeachment. She knows nothing about the USMCA Deal!,24692,108856,Trade_Tariff,"trade deal, usmca",1,1,Pure_Trade_Tariff,"Genuine trade deals, tariffs, deficits, or currency policy"
2019-12-31 14:16:40+00:00,2019-12-31 09:16:40-05:00,I will be signing our very large and comprehensive Phase One Trade Deal with China on January 15. The ceremony will take place at the White House. High level representatives of China will be present. At a later date I will be going to Beijing where talks will begin on Phase Two!,20283,88417,Trade_Tariff; China,"beijing, china, trade deal",1,1,Pure_Trade_Tariff,"Genuine trade deals, tariffs, deficits, or currency policy"
2019-12-31 22:25:24+00:00,2019-12-31 17:25:24-05:00,"RT @TeamTrump: Farmers benefit from @realDonaldTrump policies:✅Year-round sale of E15✅Cut red tape, incl. ending WOTUS✅Cut taxes for fa...",5210,0,Agriculture_Retaliation,farmers,1,0,Agriculture_Farm_Aid,US farm aid packages and agricultural trade purchases
2019-12-31 22:27:06+00:00,2019-12-31 17:27:06-05:00,"RT @TeamTrump: .@realDonaldTrump is strengthening our trade deals:✅Replaced outdated NAFTA✅USMCA will add $68B to U.S. economy &amp, create...",6199,0,Trade_Tariff,"nafta, usmca",1,1,Pure_Trade_Tariff,"Genuine trade deals, tariffs, deficits, or currency policy"
2020-01-01 00:17:52+00:00,2019-12-31 19:17:52-05:00,RT @heatherjones333: MAGNIFICENT TRUMP- KEEPING HIS PROMISES  🇺🇸 🇺🇸 🇺🇸BREAKING: President Trump Announces He Will Sign Phase One in China...,6452,0,China,china,1,1,Pure_Trade_Tariff,"Genuine trade deals, tariffs, deficits, or currency policy"
2020-01-10 13:31:46+00:00,2020-01-10 08:31:46-05:00,"RT @JerryMoran: @SenFinance Also, met with @USTradeRep Robert Lighthizer to discuss Phase One of the trade agrmt w/ China. Includes commitm...",3062,0,China,china,1,1,Pure_Trade_Tariff,"Genuine trade deals, tariffs, deficits, or currency policy"
2020-01-10 13:43:18+00:00,2020-01-10 08:43:18-05:00,RT @SenatorWicker: .@SenateGOP is working to make USMCA a reality. This bipartisan agreement will receive expedited consideration now that...,6065,0,Trade_Tariff,usmca,1,1,Pure_Trade_Tariff,"Genuine trade deals, tariffs, deficits, or currency policy"
2020-01-14 23:36:13+00:00,2020-01-14 18:36:13-05:00,"We are helping Apple all of the time on TRADE and so many other issues, and yet they refuse to unlock phones used by killers, drug dealers  and other violent criminal elements. They will have to step up to the plate and help our great Country, NOW! MAKE AMERICA GREAT AGAIN.",32169,161900,Target_Company_Tech,apple,1,0,Company_Tech_Target,Direct corporate target or 5G/tech supply chain restriction
2020-01-15 14:37:24+00:00,2020-01-15 09:37:24-05:00,"RT @realDonaldTrump: We are helping Apple all of the time on TRADE and so many other issues, and yet they refuse to unlock phones used by k…",32169,0,Target_Company_Tech,apple,1,0,Company_Tech_Target,Direct corporate target or 5G/tech supply chain restriction
2020-01-16 01:53:16+00:00,2020-01-15 20:53:16-05:00,RT @Scavino45: “@realDonaldTrump Signs Phase One Trade Deal with China” https://t.co/xogyW8ZVwk,9578,0,Trade_Tariff; China,"china, trade deal",1,1,Pure_Trade_Tariff,"Genuine trade deals, tariffs, deficits, or currency policy"
2020-01-16 04:40:15+00:00,2020-01-15 23:40:15-05:00,"RT @SenateGOP: ✓ SIGNED

@realdonaldtrump just signed the Phase One Trade Agreement with China. 

This is the SECOND historic trade deal Re…",9257,0,Trade_Tariff; China,"china, trade deal",1,1,Pure_Trade_Tariff,"Genuine trade deals, tariffs, deficits, or currency policy"
2020-01-16 13:41:21+00:00,2020-01-16 08:41:21-05:00,"One of the greatest trade deals ever made! Also good for China and our long term relationship. 250 Billion Dollars will be coming back to our Country, and we are now in a great position for a Phase Two start. There has never been anything like this in U.S. history! USMCA NEXT!",30930,154199,Trade_Tariff; China,"china, usmca",1,1,Pure_Trade_Tariff,"Genuine trade deals, tariffs, deficits, or currency policy"
2020-01-16 13:59:15+00:00,2020-01-16 08:59:15-05:00,"Cryin’ Chuck Schumer is saying privately that the new China Trade Deal is  unbelievable, which it is, but publicly he knocks it whenever possible. That’s politics, but so bad for our great Country!",25336,124128,Trade_Tariff; China,"china, trade deal",1,1,Pure_Trade_Tariff,"Genuine trade deals, tariffs, deficits, or currency policy"
2020-01-16 15:14:29+00:00,2020-01-16 10:14:29-05:00,"The farmers are really happy with the new China Trade Deal and the soon to be signed deal with Mexico and Canada, but I hope the thing they will most remember is the fact that I was able to take massive incoming Tariff money and use it to help them get through the tough times!",21102,110007,Trade_Tariff; China; Agriculture_Retaliation,"china, farmers, tariff, trade deal",1,1,Pure_Trade_Tariff,"Genuine trade deals, tariffs, deficits, or currency policy"
2020-01-16 15:16:21+00:00,2020-01-16 10:16:21-05:00,RT @MarshaBlackburn: This is a solid win for our farmers and manufactures – China will be purchasing $200 billion in American goods and ser…,6772,0,China; Agriculture_Retaliation,"china, farmers",1,0,Agriculture_Farm_Aid,US farm aid packages and agricultural trade purchases
2020-01-16 15:21:28+00:00,2020-01-16 10:21:28-05:00,"RT @SenAlexander: This agreement has overwhelming bipartisan support. 

#USMCA will continue to raise family incomes and create even more g…",3706,0,Trade_Tariff,usmca,1,1,Pure_Trade_Tariff,"Genuine trade deals, tariffs, deficits, or currency policy"
2020-01-16 15:21:30+00:00,2020-01-16 10:21:30-05:00,RT @SenAlexander: The reason this committee is voting on the #USMCA is because it includes a section covering labor provisions. Among these…,3774,0,Trade_Tariff,usmca,1,1,Pure_Trade_Tariff,"Genuine trade deals, tariffs, deficits, or currency policy"
2020-01-16 15:21:34+00:00,2020-01-16 10:21:34-05:00,"RT @SenAlexander: I’m about to chair the Senate HELP Committee’s executive session to vote on #USMCA. 

Updating #NAFTA makes sense, and th…",4396,0,Trade_Tariff,"nafta, usmca",1,1,Pure_Trade_Tariff,"Genuine trade deals, tariffs, deficits, or currency policy"
2020-01-17 00:17:10+00:00,2020-01-16 19:17:10-05:00,"RT @GOPLeader: 🚨 BREAKING 🚨 The Senate just passed #USMCA in a landslide vote. Next stop → President Trump's desk.

✅ PROMISES MADE.
✅ PROM…",15489,0,Trade_Tariff,usmca,1,1,Pure_Trade_Tariff,"Genuine trade deals, tariffs, deficits, or currency policy"
2020-01-17 00:17:12+00:00,2020-01-16 19:17:12-05:00,"RT @senatemajldr: BREAKING: The Senate just passed the USMCA. Next stop: @POTUS’s desk for his signature.

I’m grateful to the President fo…",11981,0,Trade_Tariff,usmca,1,1,Pure_Trade_Tariff,"Genuine trade deals, tariffs, deficits, or currency policy"
2020-01-17 13:19:37+00:00,2020-01-17 08:19:37-05:00,"RT @NBCPolitics: BREAKING: US Senate joins House in passing the new USMCA trade deal, a key initiative for President Trump that replaces th…",4633,0,Trade_Tariff,"trade deal, usmca",1,1,Pure_Trade_Tariff,"Genuine trade deals, tariffs, deficits, or currency policy"
2020-01-17 13:26:53+00:00,2020-01-17 08:26:53-05:00,"RT @GOPChairwoman: What a historic week for @realDonaldTrump!
 
USMCA passage means 176,000 new jobs and an additional $68 billion in the U…",10185,0,Trade_Tariff,usmca,1,1,Pure_Trade_Tariff,"Genuine trade deals, tariffs, deficits, or currency policy"
2020-01-17 13:27:19+00:00,2020-01-17 08:27:19-05:00,"RT @GOPChairwoman: Bernie Sanders turned his back on America’s workers by voting against the USMCA trade deal.
 
Reminder: @realDonaldTrump…",12272,0,Trade_Tariff,"trade deal, usmca",1,1,Pure_Trade_Tariff,"Genuine trade deals, tariffs, deficits, or currency policy"
2020-01-19 17:44:56+00:00,2020-01-19 12:44:56-05:00,"I will be going to Austin, Texas. Leaving soon. Always like (love!) being in the Lone Star State. Speaking to our great Farmers. They hit “paydirt” with our incredible new Trade Deals: CHINA, JAPAN, MEXICO, CANADA, SOUTH KOREA, and many others!",22405,122049,China; Agriculture_Retaliation,"china, farmers",1,1,Pure_Trade_Tariff,"Genuine trade deals, tariffs, deficits, or currency policy"
2020-01-20 00:27:07+00:00,2020-01-19 19:27:07-05:00,"I was thrilled to be back in the Great State of Texas tonight, where the people are known for being tough, strong, hardworking, loyal and fiercely patriotic — just like America’s incredible Farmers! #AFBF2020 https://t.co/JKkiPxPL0X",16966,72416,Agriculture_Retaliation,farmers,1,0,Agriculture_Farm_Aid,US farm aid packages and agricultural trade purchases
2020-01-22 05:36:20+00:00,2020-01-22 00:36:20-05:00,RT @NRSC: 🚨UPDATE: The Senate passed the USMCA trade agreement! Huge win for American jobs! https://t.co/PjH8QNlkTV,3714,0,Trade_Tariff,usmca,1,1,Pure_Trade_Tariff,"Genuine trade deals, tariffs, deficits, or currency policy"
2020-01-22 18:03:06+00:00,2020-01-22 13:03:06-05:00,"One of the many great things about our just signed giant Trade Deal with China is that it will bring both the USA &amp; China closer together in so many other ways. Terrific working with President Xi, a man who truly loves his country. Much more to come!",18788,100013,Trade_Tariff; China,"china, trade deal",1,1,Pure_Trade_Tariff,"Genuine trade deals, tariffs, deficits, or currency policy"
2020-01-22 19:52:00+00:00,2020-01-22 14:52:00-05:00,RT @WhiteHouse: Next stop for USMCA: the desk of President @realDonaldTrump! ✍️  https://t.co/kALpNIPyUv,6158,0,Trade_Tariff,usmca,1,1,Pure_Trade_Tariff,"Genuine trade deals, tariffs, deficits, or currency policy"
2020-01-22 19:52:59+00:00,2020-01-22 14:52:59-05:00,"RT @Mike_Pence: America’s farmers, ranchers and manufacturers are WINNING under President @realDonaldTrump!",5770,0,Agriculture_Retaliation,farmers,1,0,Agriculture_Farm_Aid,US farm aid packages and agricultural trade purchases
2020-01-24 11:42:37+00:00,2020-01-24 06:42:37-05:00,“He’s got to explain this. How did Hunter Biden get a billion and a half dollars (from China) to invest when he’d been in business for 60 days?” @LindseyGrahamSC @FoxNews,22206,85121,China,china,0,0,Election_Political_Noise,Domestic 2020 election campaign attacks referencing China
2020-01-24 21:18:15+00:00,2020-01-24 16:18:15-05:00,"China has been working very hard to contain the Coronavirus. The United States greatly appreciates their efforts and transparency. It will all work out well. In particular, on behalf of the American People, I want to thank President Xi!",31833,126675,China,china,0,0,COVID_Blame_Noise,COVID-19 / Virus blaming without economic policy specifics
2020-01-27 14:56:21+00:00,2020-01-27 09:56:21-05:00,"We are in very close communication with China concerning the virus. Very few cases reported in USA, but strongly on watch. We have offered China and President Xi any help that is necessary. Our experts are extraordinary!",21085,113971,China,china,0,0,Diplomatic_General_Noise,General foreign relations / courtesy talks without tariff specifics
2020-01-28 03:37:33+00:00,2020-01-27 22:37:33-05:00,"RT @RoyBlunt: #USMCA heading to @POTUS's desk ✅
Economy is stronger than it’s been in 50 yrs thanks in large part to having the right tax p…",3391,0,Trade_Tariff,usmca,1,1,Pure_Trade_Tariff,"Genuine trade deals, tariffs, deficits, or currency policy"
2020-01-28 03:40:48+00:00,2020-01-27 22:40:48-05:00,"RT @JerryMoran: If you are a worker affected by the Boeing 737 Max production suspension and related layoffs, please visit this one-stop re…",2607,0,Target_Company_Tech,boeing,1,0,Company_Tech_Target,Direct corporate target or 5G/tech supply chain restriction
2020-01-28 03:42:14+00:00,2020-01-27 22:42:14-05:00,RT @SenateForeign: Today I was briefed by leading global health experts about the outbreak of a novel coronavirus in China. We learned that…,3568,0,China,china,1,0,Fed_Monetary_Policy,Federal Reserve interest rates and monetary policy pressure
2020-01-28 04:11:27+00:00,2020-01-27 23:11:27-05:00,Thank you to Chuck &amp; all. USMCA is going to be GREAT! https://t.co/tK3zxHOlYg,8404,33736,Trade_Tariff,usmca,1,1,Pure_Trade_Tariff,"Genuine trade deals, tariffs, deficits, or currency policy"
2020-01-28 04:15:15+00:00,2020-01-27 23:15:15-05:00,"RT @SenShelby: Great news for farmers, ranchers, and small business owners! @POTUS continues to cut red tape, keeping his promise to protec…",3895,0,Agriculture_Retaliation,farmers,1,0,Agriculture_Farm_Aid,US farm aid packages and agricultural trade purchases
2020-01-28 15:55:37+00:00,2020-01-28 10:55:37-05:00,"The Fed should get smart &amp;  lower the Rate to make our interest competitive with other Countries which pay much lower even though we are, by far, the high standard. We would then focus on paying off &amp; refinancing debt! There is almost no inflation-this is the time (2 years late)!",17964,78703,Fed_Monetary,fed,1,0,Fed_Monetary_Policy,Federal Reserve interest rates and monetary policy pressure
2020-01-29 17:09:32+00:00,2020-01-29 12:09:32-05:00,RT @WhiteHouse: LIVE: President @realDonaldTrump signs USMCA! https://t.co/IrVfdzcgzp,10850,0,Trade_Tariff,usmca,1,1,Pure_Trade_Tariff,"Genuine trade deals, tariffs, deficits, or currency policy"
2020-01-29 18:36:26+00:00,2020-01-29 13:36:26-05:00,USMCA is a massive win for American manufacturers and auto workers! https://t.co/eOgFm31cAo,13572,56632,Trade_Tariff,usmca,1,1,Pure_Trade_Tariff,"Genuine trade deals, tariffs, deficits, or currency policy"
2020-01-29 18:38:39+00:00,2020-01-29 13:38:39-05:00,"USMCA is a cutting edge state of the art agreement that protects, defends and serves the great people of our Country. Promises Made, Promises Kept! https://t.co/PuiG1JPTTI",12542,48729,Trade_Tariff,usmca,1,1,Pure_Trade_Tariff,"Genuine trade deals, tariffs, deficits, or currency policy"
2020-01-29 19:24:38+00:00,2020-01-29 14:24:38-05:00,"For the first time in American History, we have replaced a disastrous Trade Deal that REWARDED outsourcing with a truly FAIR and RECIPROCAL Trade Deal that will keep jobs, wealth and growth right here in AMERICA! https://t.co/bDe8IV9DyD",16244,61663,Trade_Tariff,"reciprocal, trade deal",1,1,Pure_Trade_Tariff,"Genuine trade deals, tariffs, deficits, or currency policy"
2020-01-30 00:06:52+00:00,2020-01-29 19:06:52-05:00,"Just received a briefing on the Coronavirus in China from all of our GREAT agencies, who are also working closely with China. We will continue to monitor the ongoing developments. We have the best experts anywhere in the world, and they are on top of it 24/7! https://t.co/rrtF1Stk78",15671,68184,China,china,0,0,COVID_Blame_Noise,COVID-19 / Virus blaming without economic policy specifics
2020-01-30 20:37:01+00:00,2020-01-30 15:37:01-05:00,"BIGGEST TRADE DEAL EVER MADE, the USMCA, was signed yesterday and the Fake News Media barely mentioned it. They never thought it could be done. They have zero credibility!",28500,135351,Trade_Tariff,"trade deal, usmca",1,1,Pure_Trade_Tariff,"Genuine trade deals, tariffs, deficits, or currency policy"
2020-01-30 21:56:34+00:00,2020-01-30 16:56:34-05:00,RT @WhiteHouse: LIVE: President @realDonaldTrump delivers remarks at a USMCA celebration! https://t.co/Db0GPJcPvB,5709,0,Trade_Tariff,usmca,1,1,Pure_Trade_Tariff,"Genuine trade deals, tariffs, deficits, or currency policy"
2020-01-30 22:04:35+00:00,2020-01-30 17:04:35-05:00,"Working closely with China and others on Coronavirus outbreak. Only 5 people in U.S., all in good recovery.",20651,127778,China,china,0,0,COVID_Blame_Noise,COVID-19 / Virus blaming without economic policy specifics
2020-01-30 22:11:14+00:00,2020-01-30 17:11:14-05:00,"RT @SteveScalise: While Dems obsess over impeachment, @realDonaldTrump is working for YOU!

– #USMCA signed
– Middle East peace plan announ…",6773,0,Trade_Tariff,usmca,1,1,Pure_Trade_Tariff,"Genuine trade deals, tariffs, deficits, or currency policy"
2020-01-31 14:34:51+00:00,2020-01-31 09:34:51-05:00,"RT @WhiteHouse: Our nation boasts a proud legacy in the auto industry. 

USMCA is a BIG WIN for American automakers! https://t.co/QKe8MXQwdS",5934,0,Trade_Tariff,usmca,1,1,Pure_Trade_Tariff,"Genuine trade deals, tariffs, deficits, or currency policy"
2020-01-31 14:34:58+00:00,2020-01-31 09:34:58-05:00,"RT @WhiteHouse: ""We just ended a nightmare known as NAFTA."" https://t.co/1eju47ElBI",7832,0,Trade_Tariff,nafta,1,1,Pure_Trade_Tariff,"Genuine trade deals, tariffs, deficits, or currency policy"
2020-01-31 14:35:14+00:00,2020-01-31 09:35:14-05:00,"RT @realDonaldTrump: Working closely with China and others on Coronavirus outbreak. Only 5 people in U.S., all in good recovery.",20651,0,China,china,0,0,COVID_Blame_Noise,COVID-19 / Virus blaming without economic policy specifics
2020-01-31 14:35:51+00:00,2020-01-31 09:35:51-05:00,"RT @WhiteHouse: President @realDonaldTrump is celebrating USMCA in Michigan this afternoon!

Watch LIVE at 4:20 p.m. ET: https://t.co/Emsdc…",5978,0,Trade_Tariff,usmca,1,1,Pure_Trade_Tariff,"Genuine trade deals, tariffs, deficits, or currency policy"
2020-02-02 04:33:53+00:00,2020-02-01 23:33:53-05:00,"RT @SenJohnKennedy: Promise kept!
 
Today, @realDonaldTrump officially signed the historic #USMCA deal into law.
 
This trade deal is a mas…",3384,0,Trade_Tariff,"trade deal, usmca",1,1,Pure_Trade_Tariff,"Genuine trade deals, tariffs, deficits, or currency policy"
2020-02-02 04:36:20+00:00,2020-02-01 23:36:20-05:00,"RT @SenateGOP: Trade with Mexico and Canada supports 12 million American jobs. 

USMCA secures those jobs and grows our economy by $70 bill…",3448,0,Trade_Tariff,usmca,1,1,Pure_Trade_Tariff,"Genuine trade deals, tariffs, deficits, or currency policy"
2020-02-02 04:38:32+00:00,2020-02-01 23:38:32-05:00,RT @SenPatRoberts: I'm proud to have stood with @realDonaldTrump as he signed the USMCA implementing legislation at the @WhiteHouse today.…,3470,0,Trade_Tariff,usmca,1,1,Pure_Trade_Tariff,"Genuine trade deals, tariffs, deficits, or currency policy"
2020-02-03 16:51:40+00:00,2020-02-03 11:51:40-05:00,"Republicans in Iowa, go out and Caucus today. Your great Trade Deals with China, Mexico, Canada, Japan, South Korea and more, are DONE. Great times are coming, after waiting for decades, for our Farmers, Ranchers, Manufacturers and ALL. Nobody else could have pulled this off!",18378,82507,China; Agriculture_Retaliation,"china, farmers",1,1,Pure_Trade_Tariff,"Genuine trade deals, tariffs, deficits, or currency policy"
2020-02-07 10:31:22+00:00,2020-02-07 05:31:22-05:00,"Just had a long and very good conversation by phone with President Xi of China. He is strong, sharp and powerfully focused on leading the counterattack on the Coronavirus. He feels they are doing very well, even building hospitals in a matter of only days. Nothing is easy, but...",15939,93864,China,china,0,0,COVID_Blame_Noise,COVID-19 / Virus blaming without economic policy specifics
2020-02-07 10:31:23+00:00,2020-02-07 05:31:23-05:00,"....he will be successful, especially as the weather starts to warm &amp; the virus hopefully becomes weaker, and then gone. Great discipline is taking place in China, as President Xi strongly leads what will be a very successful operation. We are working closely with China to help!",9273,50108,China,china,0,0,Diplomatic_General_Noise,General foreign relations / courtesy talks without tariff specifics
2020-02-09 15:25:50+00:00,2020-02-09 10:25:50-05:00,"RT @AndrewHClark: FACT: The USMCA will support 54,000 jobs in New Hampshire, including 3,500 manufacturing jobs. 

Bernie Sanders still vot…",6149,0,Trade_Tariff,usmca,1,1,Pure_Trade_Tariff,"Genuine trade deals, tariffs, deficits, or currency policy"
2020-02-11 16:39:59+00:00,2020-02-11 11:39:59-05:00,"When Jerome Powell started his testimony today, the Dow was up 125, &amp; heading higher. As he spoke it drifted steadily downward, as usual, and is now at -15. Germany &amp; other countries get paid to borrow money. We are more prime, but Fed Rate is too high, Dollar tough on exports.",15649,67941,Fed_Monetary,"fed, powell",1,0,Fed_Monetary_Policy,Federal Reserve interest rates and monetary policy pressure
2020-02-12 21:18:56+00:00,2020-02-12 16:18:56-05:00,".@AugustPfluger is a Great Veteran and Strong Leader for Texas where he is running for Congress. He will protect your #2A, fight for our Farmers, Oil/Gas Workers, and he supports our #MAGA &amp; #KAG Agenda. August has my Complete and Total Endorsement! https://t.co/aodsb5LWJz",12434,33990,Agriculture_Retaliation,farmers,1,0,Agriculture_Farm_Aid,US farm aid packages and agricultural trade purchases
2020-02-15 22:38:15+00:00,2020-02-15 17:38:15-05:00,RT @WhiteHouse: President @realDonaldTrump's USMCA will have a tremendous effect on GDP! https://t.co/y3hQfuj8oy,5670,0,Trade_Tariff,usmca,1,1,Pure_Trade_Tariff,"Genuine trade deals, tariffs, deficits, or currency policy"
2020-02-15 22:43:23+00:00,2020-02-15 17:43:23-05:00,"RT @SenateRPC: Almost a month ago, the Senate passed, and @POTUS signed, #USMCA. This agreement brought our country’s trade into the 21st c…",3731,0,Trade_Tariff,usmca,1,1,Pure_Trade_Tariff,"Genuine trade deals, tariffs, deficits, or currency policy"
2020-02-15 22:53:01+00:00,2020-02-15 17:53:01-05:00,"RT @SenToddYoung: As the latest #jobs report shows – tax relief, regulatory reform, and trade deals like #USMCA are fueling our economy &amp; p…",6734,0,Trade_Tariff,usmca,1,1,Pure_Trade_Tariff,"Genuine trade deals, tariffs, deficits, or currency policy"
2020-02-17 23:40:29+00:00,2020-02-17 18:40:29-05:00,"Did you hear the latest con job? President Obama is now trying to take credit for the Economic Boom taking place under the Trump Administration. He had the WEAKEST recovery since the Great Depression, despite Zero Fed Rate &amp; MASSIVE quantitative easing. NOW, best jobs numbers....",40984,180389,Fed_Monetary,"fed, quantitative",1,0,Fed_Monetary_Policy,Federal Reserve interest rates and monetary policy pressure
2020-02-17 23:40:30+00:00,2020-02-17 18:40:30-05:00,"....ever. Had to rebuild our military, which was totally depleted. Fed Rate UP, taxes and regulations WAY DOWN. If Dems won in 2016, the USA would be in big economic (Depression?) &amp; military trouble right now. THE BEST IS YET TO COME. KEEP AMERICA GREAT!",22436,101795,Fed_Monetary,fed,1,0,Fed_Monetary_Policy,Federal Reserve interest rates and monetary policy pressure
2020-02-18 14:37:04+00:00,2020-02-18 09:37:04-05:00,"....product and goods to China and other countries. That’s what trade is all about. We don’t want to make it impossible to do business with us. That will only mean that orders will go to someplace else. As an example, I want China to buy our jet engines, the best in the World....",1589,5377,China,china,0,0,Diplomatic_General_Noise,General foreign relations / courtesy talks without tariff specifics
2020-02-18 15:29:43+00:00,2020-02-18 10:29:43-05:00,"....product and goods to China and other countries. That’s what trade is all about. We don’t want to make it impossible to do business with us. That will only mean that orders will go to someplace else. As an example, I want China to buy our jet engines, the best in the World....",3253,11783,China,china,0,0,Diplomatic_General_Noise,General foreign relations / courtesy talks without tariff specifics
2020-02-19 14:54:43+00:00,2020-02-19 09:54:43-05:00,"Is corrupt Bloomberg News going to say what a pathetic debater Mini Mike is, that he doesn’t respect our great farmers, or that he has violated campaign finance laws at the highest and most sinister level with “payoffs” all over the place?",24422,109280,Agriculture_Retaliation,farmers,1,0,Agriculture_Farm_Aid,US farm aid packages and agricultural trade purchases
2020-02-20 13:36:15+00:00,2020-02-20 08:36:15-05:00,"RT @WhiteHouse: ""America is a nation built by farmers."" — President @realDonaldTrump 🇺🇸 https://t.co/P9jpYSdZwf",10457,0,Agriculture_Retaliation,farmers,1,0,Agriculture_Farm_Aid,US farm aid packages and agricultural trade purchases
2020-02-21 15:24:28+00:00,2020-02-21 10:24:28-05:00,"IF OUR FORMALLY TARGETED FARMERS NEED ADDITIONAL AID UNTIL SUCH TIME AS THE TRADE DEALS WITH CHINA, MEXICO, CANADA AND OTHERS FULLY KICK IN, THAT AID WILL BE PROVIDED BY THE FEDERAL GOVERNMENT, PAID FOR OUT OF THE MASSIVE TARIFF MONEY COMING INTO THE USA!",22991,108862,Trade_Tariff; China; Agriculture_Retaliation,"china, farmers, tariff",1,1,Pure_Trade_Tariff,"Genuine trade deals, tariffs, deficits, or currency policy"
2020-02-26 06:49:26+00:00,2020-02-26 01:49:26-05:00,RT @LouDobbs: Controlling the Pandemic: Dr. Anthony Fauci says travel restrictions from China puts America a step ahead of Coronavirus outb…,4176,0,China,china,0,0,COVID_Blame_Noise,COVID-19 / Virus blaming without economic policy specifics
2020-02-28 02:39:20+00:00,2020-02-27 21:39:20-05:00,"Congratulations and thank you to our great Vice President &amp; all of the many professionals doing such a fine job at CDC &amp; all other agencies on the Coronavirus situation. Only a very small number in U.S., &amp; China numbers look to be going down. All countries working well together!",18904,91138,China,china,0,0,COVID_Blame_Noise,COVID-19 / Virus blaming without economic policy specifics
2020-02-28 05:05:02+00:00,2020-02-28 00:05:02-05:00,"So, the Coronavirus, which started in China and spread to various countries throughout the world, but very slowly in the U.S. because President Trump closed our border, and ended flights, VERY EARLY, is now being blamed, by the Do Nothing Democrats, to be the fault of “Trump”.",31653,147593,China,china,0,0,COVID_Blame_Noise,COVID-19 / Virus blaming without economic policy specifics
2020-03-02 12:55:20+00:00,2020-03-02 07:55:20-05:00,I was criticized by the Democrats when I closed the Country down to China many weeks ahead of what almost everyone recommended. Saved many lives. Dems were working the Impeachment Hoax. They didn’t have a clue! Now they are fear mongering. Be calm &amp; vigilant!,33131,149328,China,china,0,0,Election_Political_Noise,Domestic 2020 election campaign attacks referencing China
2020-03-02 15:16:33+00:00,2020-03-02 10:16:33-05:00,"As usual, Jay Powell and the Federal Reserve are slow to act. Germany and others are pumping money into their economies. Other Central Banks are much more aggressive. The U.S. should have, for all of the right reasons, the lowest Rate. We don’t, putting us at a.....",14199,58179,Fed_Monetary,"federal reserve, powell",1,0,Fed_Monetary_Policy,Federal Reserve interest rates and monetary policy pressure
2020-03-02 19:49:41+00:00,2020-03-02 14:49:41-05:00,"Michelle @FischbachMN7 is running for Congress in Minnesota. Nicole is Strong on Crime and Borders, Cutting Taxes, your #2A, Loves our Military, Vets, and will stand with our Great Farmers. Michelle has my Complete and Total Endorsement! https://t.co/qwz5F64dQn",246,743,Agriculture_Retaliation,farmers,1,0,Agriculture_Farm_Aid,US farm aid packages and agricultural trade purchases
2020-03-02 19:55:07+00:00,2020-03-02 14:55:07-05:00,"Michelle @FischbachMN7 is running for Congress in Minnesota. Michelle will protect the unborn, is Strong on Crime &amp; Borders, Cutting Taxes, your #2A, Loves our Military, Vets, &amp; will stand w/ our Great Farmers. Michelle has my Complete &amp; Total Endorsement! https://t.co/qwz5F64dQn",8825,28543,Agriculture_Retaliation,farmers,1,0,Agriculture_Farm_Aid,US farm aid packages and agricultural trade purchases
2020-03-03 06:27:46+00:00,2020-03-03 01:27:46-05:00,"Australia’s Central Bank cut interest rates and stated it will most likely further ease in order to make up for China’s Coronavirus situation and slowdown. They reduced to 0.5%, a record low. Other countries are doing the same thing, if not more so. Our Federal Reserve has us....",703,2468,China; Fed_Monetary,"china, federal reserve, interest rates",1,0,Fed_Monetary_Policy,Federal Reserve interest rates and monetary policy pressure
2020-03-03 06:34:02+00:00,2020-03-03 01:34:02-05:00,"....paying higher rates than many others, when we should be paying less. Tough on our exporters and puts the USA at a competitive disadvantage. Must be the other way around. Should ease and cut rate big. Jerome Powell led Federal Reserve has called it wrong from day one. Sad!",10381,41966,Fed_Monetary,"federal reserve, powell",1,0,Fed_Monetary_Policy,Federal Reserve interest rates and monetary policy pressure
2020-03-03 06:34:02+00:00,2020-03-03 01:34:02-05:00,"Australia’s Central Bank cut interest rates and stated it will most likely further ease in order to make up for China’s Coronavirus situation and slowdown. They reduced to 0.5%, a record low. Other countries are doing the same thing, if not more so. Our Federal Reserve has us....",12969,52717,China; Fed_Monetary,"china, federal reserve, interest rates",1,0,Fed_Monetary_Policy,Federal Reserve interest rates and monetary policy pressure
2020-03-03 15:43:38+00:00,2020-03-03 10:43:38-05:00,"The Federal Reserve is cuting  but must further ease and, most importantly, come into line with other countries/competitors. We are not playing on a level field. Not fair to USA. It is finally time for the Federal Reserve to LEAD. More easing and cutting!",2097,6492,Fed_Monetary,federal reserve,1,0,Fed_Monetary_Policy,Federal Reserve interest rates and monetary policy pressure
2020-03-03 15:51:43+00:00,2020-03-03 10:51:43-05:00,"The Federal Reserve is cutting but must further ease and, most importantly, come into line with other countries/competitors. We are not playing on a level field. Not fair to USA. It is finally time for the Federal Reserve to LEAD. More easing and cutting!",18987,78362,Fed_Monetary,federal reserve,1,0,Fed_Monetary_Policy,Federal Reserve interest rates and monetary policy pressure
2020-03-05 15:53:33+00:00,2020-03-05 10:53:33-05:00,"“I want to commend the President for how he has handled the CoronaVirus situation, especially his early decision to shut down access into our Country from China, despite strong opposition to that decision.” @SenTomCotton Thank you Tom!",11072,52316,China,china,0,0,COVID_Blame_Noise,COVID-19 / Virus blaming without economic policy specifics
2020-03-06 03:42:30+00:00,2020-03-05 22:42:30-05:00,"RT @RepLeeZeldin: Two way street👇

Sanctuary states and cities are now on notice by the fed govt that helping dangerous illegal immigrants…",7634,0,Fed_Monetary,fed,1,0,Fed_Monetary_Policy,Federal Reserve interest rates and monetary policy pressure
2020-03-10 14:00:07+00:00,2020-03-10 10:00:07-04:00,"Our pathetic, slow moving Federal Reserve, headed by Jay Powell, who raised rates too fast and lowered too late, should get our Fed Rate down to the levels of our competitor nations. They now have as much as a two point advantage, with even bigger currency help. Also, stimulate!",15919,64273,Fed_Monetary,"fed, federal reserve, powell",1,0,Fed_Monetary_Policy,Federal Reserve interest rates and monetary policy pressure
2020-03-10 14:02:12+00:00,2020-03-10 10:02:12-04:00,"The Federal Reserve must be a leader, not a very late follower, which it has been!",13245,68444,Fed_Monetary,federal reserve,1,0,Fed_Monetary_Policy,Federal Reserve interest rates and monetary policy pressure
2020-03-13 13:44:29+00:00,2020-03-13 09:44:29-04:00,"The Federal Reserve must FINALLY lower the Fed Rate to something comparable to their competitor Central Banks. Jay Powell and group are putting us at a decided economic &amp; physiological disadvantage. Should never have been this way. Also, STIMULATE!",19452,81220,Fed_Monetary,"fed, federal reserve, powell",1,0,Fed_Monetary_Policy,Federal Reserve interest rates and monetary policy pressure
2020-03-14 03:58:31+00:00,2020-03-13 23:58:31-04:00,"RT @AndrewHClark: Oh no! CNN's reporter just called it the ""Wuhan virus"" and added ""which originated, as we know, in Wuhan, China."" 

Someo…",13274,0,China,china,0,0,COVID_Blame_Noise,COVID-19 / Virus blaming without economic policy specifics
2020-03-14 04:56:44+00:00,2020-03-14 00:56:44-04:00,"RT @GOPChairwoman: POTUS was right to restrict travel from China in January, and now there is more evidence that @realDonaldTrump made the…",10059,0,China,china,0,0,Diplomatic_General_Noise,General foreign relations / courtesy talks without tariff specifics
2020-03-14 11:46:33+00:00,2020-03-14 07:46:33-04:00,"RT @RealCandaceO: Good news on the coronavirus you won’t find anywhere else:

-China has closed down its last coronavirus hospital. Not eno…",23146,0,China,china,0,0,COVID_Blame_Noise,COVID-19 / Virus blaming without economic policy specifics
2020-03-15 17:02:00+00:00,2020-03-15 13:02:00-04:00,"....The USA was never set up for this, just look at the catastrophe of the H1N1 Swine Flu (Biden in charge, 17,000 people lost, very late response time), but it soon will be. Great decision to close our China, and other, borders early. Saved many lives!",12135,48683,China,china,0,0,Election_Political_Noise,Domestic 2020 election campaign attacks referencing China
2020-03-17 03:40:23+00:00,2020-03-16 23:40:23-04:00,RT @marklevinshow: The Atlantic spews communist China’s propaganda while trashing the Trump administration.  And it’s not alone among the A…,6920,0,China,china,0,0,Diplomatic_General_Noise,General foreign relations / courtesy talks without tariff specifics
2020-03-18 11:46:33+00:00,2020-03-18 07:46:33-04:00,"I always treated the Chinese Virus very seriously, and have done a very good job from the beginning, including my very early decision to close the “borders” from China - against the wishes of almost all. Many lives were saved. The Fake News new narrative is disgraceful &amp; false!",55921,289686,China,china,0,0,COVID_Blame_Noise,COVID-19 / Virus blaming without economic policy specifics
2020-03-22 13:23:21+00:00,2020-03-22 09:23:21-04:00,RT @MariaBartiromo: .@USTreasury Mnuchin on the Fed and Trump's efforts to protect the US economy https://t.co/Raiy5c9MnX @stevenmnuchin1,2426,0,Fed_Monetary,fed,1,0,Fed_Monetary_Policy,Federal Reserve interest rates and monetary policy pressure
2020-03-23 12:25:07+00:00,2020-03-23 08:25:07-04:00,"RT @thebradfordfile: NEVER FORGET -- 

While Joe Biden was giving Hunter a ride to China on Air Force Two to close a $1.5 billion deal with…",10352,0,China,china,0,0,Election_Political_Noise,Domestic 2020 election campaign attacks referencing China
2020-03-24 02:44:49+00:00,2020-03-23 22:44:49-04:00,"....us since the beginning of this crisis.” They meant the opposite? Forgot to mention that I closed our Country to China (and Europe) very early, long before it was considered acceptable to do so. Sleepy Joe said I was “xenophobic”, but I saved thousands of lives! Fake News!",13802,68357,China,china,0,0,Election_Political_Noise,Domestic 2020 election campaign attacks referencing China
2020-03-25 10:14:23+00:00,2020-03-25 06:14:23-04:00,“President Trump’s decision to very early on restrict travel from China saved tens of thousands of lives.”  @LouDobbs @FoxBusiness,18747,101082,China,china,0,0,Diplomatic_General_Noise,General foreign relations / courtesy talks without tariff specifics
2020-03-25 11:45:05+00:00,2020-03-25 07:45:05-04:00,RT @GreggJarrett: Can We Trust China to Ban Wet Markets? https://t.co/qS5eCF3d0V,5462,0,China,china,0,0,Diplomatic_General_Noise,General foreign relations / courtesy talks without tariff specifics
2020-03-27 05:19:02+00:00,2020-03-27 01:19:02-04:00,Just finished a very good conversation with President Xi of China. Discussed in great detail the CoronaVirus that is ravaging large parts of our Planet. China has been through much &amp; has developed a strong understanding of the Virus. We are working closely together. Much respect!,48259,320765,China,china,0,0,COVID_Blame_Noise,COVID-19 / Virus blaming without economic policy specifics
2020-03-27 17:51:36+00:00,2020-03-27 13:51:36-04:00,"RT @WhiteHouse: Huge thanks to @Apple! Together with the White House, @CDCgov &amp; @fema, Apple launched a COVID19 screening tool that guides…",9020,0,Target_Company_Tech,apple,1,0,Company_Tech_Target,Direct corporate target or 5G/tech supply chain restriction
2020-03-31 14:48:43+00:00,2020-03-31 10:48:43-04:00,"With interest rates for the United States being at ZERO, this is the time to do our decades long awaited Infrastructure Bill. It should be VERY BIG &amp; BOLD, Two Trillion Dollars, and be focused solely on jobs and rebuilding the once great infrastructure of our Country! Phase 4",34886,163131,Fed_Monetary,interest rates,1,0,Fed_Monetary_Policy,Federal Reserve interest rates and monetary policy pressure
2020-03-31 16:04:24+00:00,2020-03-31 12:04:24-04:00,"RT @realDonaldTrump: With interest rates for the United States being at ZERO, this is the time to do our decades long awaited Infrastructur…",34886,0,Fed_Monetary,interest rates,1,0,Fed_Monetary_Policy,Federal Reserve interest rates and monetary policy pressure
2020-04-04 13:44:20+00:00,2020-04-04 09:44:20-04:00,"RT @IvankaTrump: Farmers Feed America! 

Thank you to all the nation’s unsung heroes! 🇺🇸",4579,0,Agriculture_Retaliation,farmers,1,0,Agriculture_Farm_Aid,US farm aid packages and agricultural trade purchases
2020-04-04 19:10:23+00:00,2020-04-04 15:10:23-04:00,"America owes our very hard working food supply workers so much as they produce and deliver high quality food for us during this horrible COVID-19. Join me in thanking our Farmers, Ranchers, Processors, Distributors and Stores! @JohnBoozman",25833,142436,Agriculture_Retaliation,farmers,1,0,Agriculture_Farm_Aid,US farm aid packages and agricultural trade purchases
2020-04-05 02:25:01+00:00,2020-04-04 22:25:01-04:00,RT @TeamTrump: It took TWO MONTHS for Joe Biden to finally admit that President @realDonaldTrump's decision to restrict travel from China w…,7861,0,China,china,0,0,Election_Political_Noise,Domestic 2020 election campaign attacks referencing China
2020-04-07 04:35:42+00:00,2020-04-07 00:35:42-04:00,"Vote today, Tuesday, for highly respected Republican, Justice Daniel Kelly. Tough on Crime, loves your Military, Vets, Farmers, &amp; will save your 2nd Amendment. A BIG VOTE! https://t.co/1FPYjzZCoH",19573,74718,Agriculture_Retaliation,farmers,1,0,Agriculture_Farm_Aid,US farm aid packages and agricultural trade purchases
2020-04-07 15:04:16+00:00,2020-04-07 11:04:16-04:00,"The W.H.O. really blew it. For some reason, funded largely by the United States, yet very China centric. We will be giving that a good look. Fortunately I rejected their advice on keeping our borders open to China early on. Why did they give us such a faulty recommendation?",104394,437927,China,china,0,0,Diplomatic_General_Noise,General foreign relations / courtesy talks without tariff specifics
2020-04-10 00:42:28+00:00,2020-04-09 20:42:28-04:00,"I have directed @SecretarySonny to expedite help to our farmers, especially to the smaller farmers who are hurting right now. I expect Secretary Purdue to use all of the funds and authorities at his disposal to make sure that our food supply is stable, strong, and safe....",20843,109848,Agriculture_Retaliation,farmers,1,0,Agriculture_Farm_Aid,US farm aid packages and agricultural trade purchases
2020-04-10 00:42:29+00:00,2020-04-09 20:42:29-04:00,"....We will always be there for our Great Farmers, Cattlemen, Ranchers, and Producers!",11482,69802,Agriculture_Retaliation,farmers,1,0,Agriculture_Farm_Aid,US farm aid packages and agricultural trade purchases
2020-04-10 05:05:40+00:00,2020-04-10 01:05:40-04:00,"RT @GaryCoby: Trump vs Establishment - Part 2!

#SleepyJoe Loves...
✅ China
✅ Open Borders
✅ Free Healthcare for Illegals
✅ Big Government…",4641,0,China,china,0,0,Diplomatic_General_Noise,General foreign relations / courtesy talks without tariff specifics
2020-04-10 05:19:17+00:00,2020-04-10 01:19:17-04:00,RT @KimStrassel: The World Health Organization’s bows to China have harmed the global response to the coronavirus.  https://t.co/uC0kgXFCK9…,9871,0,China,china,0,0,COVID_Blame_Noise,COVID-19 / Virus blaming without economic policy specifics
2020-04-10 12:29:51+00:00,2020-04-10 08:29:51-04:00,"RT @zeusFanHouse: #Trump #Coronavirus Campaign Ad Features Joe Biden Cheerleading for China

“During America’s #crisis,Biden protected #Chi…",9413,0,China,china,0,0,COVID_Blame_Noise,COVID-19 / Virus blaming without economic policy specifics
2020-04-10 12:39:24+00:00,2020-04-10 08:39:24-04:00,RT @SenTomCotton: .@Max_Fisher claims—without evidence—that I believe the China virus was “produced by a Chinese weapons lab.” He should ha…,6796,0,China,china,0,0,COVID_Blame_Noise,COVID-19 / Virus blaming without economic policy specifics
2020-04-11 22:22:58+00:00,2020-04-11 18:22:58-04:00,"So now the Fake News @nytimes is tracing the CoronaVirus origins back to Europe, NOT China. This is a first! I wonder what the Failing New York Times got for this one? Are there any NAMED sources? They were recently thrown out of China like dogs, and obviously want back in. Sad!",1219,5031,China,china,0,0,COVID_Blame_Noise,COVID-19 / Virus blaming without economic policy specifics
2020-04-11 22:27:01+00:00,2020-04-11 18:27:01-04:00,"So now the Fake News @nytimes is tracing the CoronaVirus origins back to Europe, NOT China. This is a first! I wonder where the Failing New York Times got for this one? Are there any NAMED sources? They were recently thrown out of China like dogs, and obviously want back in. Sad!",9028,30901,China,china,0,0,COVID_Blame_Noise,COVID-19 / Virus blaming without economic policy specifics
2020-04-11 22:35:35+00:00,2020-04-11 18:35:35-04:00,"The Wall Street Journal Editorial Board doesn’t have a clue on how to fight and win. Their views on Tariffs &amp; Trade are losers for the U.S., but winners for other countries, including China. If we followed their standards,  we’d have no Country left. They should love Sleepy Joe!",15494,68165,Trade_Tariff; China,"china, tariffs",1,1,Pure_Trade_Tariff,"Genuine trade deals, tariffs, deficits, or currency policy"
2020-04-11 23:34:58+00:00,2020-04-11 19:34:58-04:00,"So now the Fake News @nytimes is tracing the CoronaVirus origins back to Europe, NOT China. This is a first! I wonder what the Failing New York Times got for this one? Are there any NAMED sources? They were recently thrown out of China like dogs, and obviously want back in. Sad!",39164,163244,China,china,0,0,COVID_Blame_Noise,COVID-19 / Virus blaming without economic policy specifics
2020-04-12 16:10:38+00:00,2020-04-12 12:10:38-04:00,"Great businessman &amp; philanthropist Bernies Marcus, Co-Founder of Home Depot, said that Congress was too distracted by the (phony) Impeachment Witch Hunt when they should have been investigating  CoronaVirus when it first appeared in China. Media played a big roll also!@dcexaminer",1671,6143,China,china,0,0,COVID_Blame_Noise,COVID-19 / Virus blaming without economic policy specifics
2020-04-12 16:14:52+00:00,2020-04-12 12:14:52-04:00,"Great businessman &amp; philanthropist Bernie Marcus, Co-Founder of Home Depot, said that Congress was too distracted by the (phony) Impeachment Witch Hunt when they should have been investigating  CoronaVirus when it first appeared in China. Media played a big roll also!@dcexaminer",28759,134793,China,china,0,0,COVID_Blame_Noise,COVID-19 / Virus blaming without economic policy specifics
2020-04-12 20:43:12+00:00,2020-04-12 16:43:12-04:00,"If the Fake News Opposition Party is pushing, with all their might, the fact that President Trump “ignored early warnings about the threat,” then why did Media &amp; Dems viciously criticize me when I instituted a Travel Ban on China? They said “early &amp; not necessary.” Corrupt Media!",45512,189934,China,china,0,0,Election_Political_Noise,Domestic 2020 election campaign attacks referencing China
2020-04-12 22:17:41+00:00,2020-04-12 18:17:41-04:00,"RT @ChuckRossDC: Scott Gottlieb says @WHO enabled China's obfuscation on coronavirus, and that it could have been containable had Beijing n…",7492,0,China,"beijing, china",0,0,COVID_Blame_Noise,COVID-19 / Virus blaming without economic policy specifics
2020-04-12 22:51:33+00:00,2020-04-12 18:51:33-04:00,"Sorry Fake News, it’s all on tape. I banned China long before people spoke up. Thank you @OANN https://t.co/d40JQkUZg5",33344,108128,China,china,0,0,Election_Political_Noise,Domestic 2020 election campaign attacks referencing China
2020-04-13 01:09:56+00:00,2020-04-12 21:09:56-04:00,"The @nytimes story is a Fake, just like the “paper” itself. I was criticized for moving too fast when I issued the China Ban, long before most others wanted to do so. @SecAzar told me nothing until later, and @PeterNavarroUSA memo was same as Ban (see his statements). Fake News!",9077,33854,China,china,0,0,Election_Political_Noise,Domestic 2020 election campaign attacks referencing China
2020-04-13 02:08:16+00:00,2020-04-12 22:08:16-04:00,"The @nytimes story is a Fake, just like the “paper” itself. I was criticized for moving too fast when I issued the China Ban, long before most others wanted to do so. @SecAzar told me nothing until later, and Peter Navarro memo was same as Ban (see his statements). Fake News!",26805,116895,China,china,0,0,Election_Political_Noise,Domestic 2020 election campaign attacks referencing China
2020-04-16 18:24:30+00:00,2020-04-16 14:24:30-04:00,"Crazy Nancy Pelosi deleted this from her Twitter account. She wanted everyone to pack into Chinatown long after I closed the BORDER TO CHINA. Based on her statement, she is responsible for many deaths. She’s an incompetent, third-rate politician! https://t.co/uWNI7DCG3o",95722,257516,China,china,0,0,Diplomatic_General_Noise,General foreign relations / courtesy talks without tariff specifics
2020-04-17 16:30:05+00:00,2020-04-17 12:30:05-04:00,"China has just announced a doubling in the number of their deaths from the Invisible Enemy. It is far higher than that and far higher than the U.S., not even close!",56631,254540,China,china,0,0,COVID_Blame_Noise,COVID-19 / Virus blaming without economic policy specifics
2020-04-18 01:01:34+00:00,2020-04-17 21:01:34-04:00,RT @SecretarySonny: Thank you @realDonaldTrump for all you do for America's farmers and ranchers.,9455,0,Agriculture_Retaliation,farmers,1,0,Agriculture_Farm_Aid,US farm aid packages and agricultural trade purchases
2020-04-18 03:42:51+00:00,2020-04-17 23:42:51-04:00,"RT @charliekirk11: In January, The WHO tweeted that China found no evidence of human-to-human transmission of COVID-19

This was a Chinese…",12258,0,China,china,0,0,COVID_Blame_Noise,COVID-19 / Virus blaming without economic policy specifics
2020-04-18 03:44:07+00:00,2020-04-17 23:44:07-04:00,RT @charliekirk11: Democrats care more about appeasing China than the American people.,12076,0,China,china,0,0,Election_Political_Noise,Domestic 2020 election campaign attacks referencing China
2020-04-18 03:45:29+00:00,2020-04-17 23:45:29-04:00,RT @charliekirk11: This is your daily reminder that Joe Biden flew his son to China on Air Force 2 to help him secure a $1.5 BILLION deal w…,30347,0,China,china,0,0,Election_Political_Noise,Domestic 2020 election campaign attacks referencing China
2020-04-18 19:13:28+00:00,2020-04-18 15:13:28-04:00,"China wants Sleepy Joe sooo badly. They want all of those billions of dollars that they have been paying to the U.S. back, and much more. Joe is an easy mark, their DREAM CANDIDATE! https://t.co/vmvCr4SkQq",30863,111382,China,china,0,0,Election_Political_Noise,Domestic 2020 election campaign attacks referencing China
2020-04-19 13:42:57+00:00,2020-04-19 09:42:57-04:00,RT @realDonaldTrump: China wants Sleepy Joe sooo badly. They want all of those billions of dollars that they have been paying to the U.S. b…,30863,0,China,china,0,0,Election_Political_Noise,Domestic 2020 election campaign attacks referencing China
2020-04-19 17:33:49+00:00,2020-04-19 13:33:49-04:00,RT @ArthurSchwartz: She calls it “the flu” and says that calling it the China Virus is racist towards Asian Americans. Just as Xi Jinping o…,12094,0,China,"china, xi jinping",0,0,COVID_Blame_Noise,COVID-19 / Virus blaming without economic policy specifics
2020-04-19 17:34:39+00:00,2020-04-19 13:34:39-04:00,RT @DonaldJTrumpJr: Germany’s largest newspaper comes out swinging against China. This is a must watch for US journalists who seem intent o…,21762,0,China,china,0,0,Diplomatic_General_Noise,General foreign relations / courtesy talks without tariff specifics
2020-04-21 01:57:09+00:00,2020-04-20 21:57:09-04:00,"Tom Tiffany (@TomTiffanyWI) is a Great Advocate for the incredible people of Wisconsin (WI07). We need Tom in Congress to help us Make America Great Again! He will Fight for Small Business, supports our Incredible Farmers, Loves our Military and our Vets....",13085,55865,Agriculture_Retaliation,farmers,1,0,Agriculture_Farm_Aid,US farm aid packages and agricultural trade purchases
2020-04-21 04:20:51+00:00,2020-04-21 00:20:51-04:00,RT @JimInhofe: Our farmers and ranchers are instrumental to Oklahoma’s economy and they’ve been hit hard by #COVID19. This funding will bri…,6192,0,Agriculture_Retaliation,farmers,1,0,Agriculture_Farm_Aid,US farm aid packages and agricultural trade purchases
2020-04-25 15:06:08+00:00,2020-04-25 11:06:08-04:00,"The Do Nothing Democrats are spending much of their money on Fake Ads. I never said that the CoronaVirus is a “Hoax”, I said that the Democrats, and the way they lied about it, are a Hoax. Also, it did start with “one person from China”, and then grew, &amp; will be a “Miracle” end!",30975,132750,China,china,0,0,COVID_Blame_Noise,COVID-19 / Virus blaming without economic policy specifics
2020-04-26 21:21:02+00:00,2020-04-26 17:21:02-04:00,".@FoxNews just doesn’t get what’s happening! They are being fed Democrat talking points, and they play them without hesitation or research. They forgot that Fake News @CNN &amp; MSDNC wouldn’t let @FoxNews participate, even a little bit, in the poor ratings Democrat Debates.....",21746,89703,Fed_Monetary,fed,1,0,Fed_Monetary_Policy,Federal Reserve interest rates and monetary policy pressure
2020-04-29 12:56:06+00:00,2020-04-29 08:56:06-04:00,"RT @TrumpWarRoom: Joe Biden spent 44 years in Washington standing up FOR China.

You can't teach an old dog new tricks. https://t.co/vTjhKP…",10872,0,China,china,0,0,Election_Political_Noise,Domestic 2020 election campaign attacks referencing China
2020-04-29 20:17:16+00:00,2020-04-29 16:17:16-04:00,RT @WhiteHouse: Our nation has ample supply of food—and President @realDonaldTrump is clearing the bottleneck and ensuring that our farmers…,11339,0,Agriculture_Retaliation,farmers,1,0,Agriculture_Farm_Aid,US farm aid packages and agricultural trade purchases
2020-04-30 12:05:08+00:00,2020-04-30 08:05:08-04:00,"RT @mitchellvii: Flynn Attorney Sidney Powell: The Documents That Are Yet to Be Released ""Are Even More Stunning"" (VIDEO) https://t.co/siEW…",5284,0,Fed_Monetary,powell,1,0,Fed_Monetary_Policy,Federal Reserve interest rates and monetary policy pressure
2020-05-01 00:11:06+00:00,2020-04-30 20:11:06-04:00,"Tom Tiffany (@TomTiffanyWI) is a Great Advocate for the incredible people of Wisconsin (WI07). We need Tom in Congress to help us Make America Great Again! He will Fight for Small Business, supports our Incredible Farmers, Loves our Military and our Vets....",12367,51924,Agriculture_Retaliation,farmers,1,0,Agriculture_Farm_Aid,US farm aid packages and agricultural trade purchases
2020-05-01 11:54:13+00:00,2020-05-01 07:54:13-04:00,"I have done more for farmers and ranchers than any President in history, and it has been my honor in doing so! https://t.co/YcCznszW7P",13998,63428,Agriculture_Retaliation,farmers,1,0,Agriculture_Farm_Aid,US farm aid packages and agricultural trade purchases
2020-05-01 15:27:29+00:00,2020-05-01 11:27:29-04:00,Concast (@NBCNews) and Fake News @CNN are going out of their way to say GREAT things about China. They are Chinese puppets who want to do business there. They use USA airwaves to help China. The Enemy of the People!,41210,151253,China,china,0,0,Election_Political_Noise,Domestic 2020 election campaign attacks referencing China
2020-05-02 23:00:39+00:00,2020-05-02 19:00:39-04:00,"The Democrats are just, as always, looking for trouble. They do nothing constructive, even in times of crisis. They don’t want to blame their cash cow, China, for the plague. China is blaming Europe. Dr. Fauci will be testifying before the Senate very soon! #DONOTHINGDEMOCRATS https://t.co/fgHuYeiOQY",15346,49499,China,china,0,0,COVID_Blame_Noise,COVID-19 / Virus blaming without economic policy specifics
2020-05-03 14:29:27+00:00,2020-05-03 10:29:27-04:00,RT @realDonaldTrump: Concast (@NBCNews) and Fake News @CNN are going out of their way to say GREAT things about China. They are Chinese pup…,41210,0,China,china,0,0,Election_Political_Noise,Domestic 2020 election campaign attacks referencing China
2020-05-03 20:18:19+00:00,2020-05-03 16:18:19-04:00,"Intelligence has just reported to me that I was correct, and that they did NOT bring up the CoronaVirus subject matter until late into January, just prior to my banning China from the U.S. Also, they only spoke of the Virus in a very non-threatening, or matter of fact, manner...",37418,155159,China,china,0,0,COVID_Blame_Noise,COVID-19 / Virus blaming without economic policy specifics
2020-05-03 20:18:19+00:00,2020-05-03 16:18:19-04:00,"....Fake News got it wrong again, as always, and tens of thousands of lives were saved by my EARLY BAN of China into our Country. The people that we’re allowed were heavily scrutinized and tested U.S. citizens, and as such, I welcome them with open arms!",20922,90094,China,china,0,0,Election_Political_Noise,Domestic 2020 election campaign attacks referencing China
2020-05-04 22:35:30+00:00,2020-05-04 18:35:30-04:00,MSDNC and FAKE NEWS CNN are going wild trying to protect China!,38131,163594,China,china,0,0,Election_Political_Noise,Domestic 2020 election campaign attacks referencing China
2020-05-05 12:22:39+00:00,2020-05-05 08:22:39-04:00,"RT @WhiteHouse: ""China’s economy has thrived through the manufacture of American products,"" Andy Puzder and Bill Hagerty write.

It's time…",7120,0,China,china,0,0,Diplomatic_General_Noise,General foreign relations / courtesy talks without tariff specifics
2020-05-08 21:50:15+00:00,2020-05-08 17:50:15-04:00,"Tom Tiffany (@TomTiffanyWI) is a Great Advocate for the incredible people of Wisconsin (WI07). We need Tom in Congress to help us Make America Great Again! He will Fight for Small Business, supports our Incredible Farmers, Loves our Military and our Vets....",12968,51318,Agriculture_Retaliation,farmers,1,0,Agriculture_Farm_Aid,US farm aid packages and agricultural trade purchases
2020-05-09 19:06:38+00:00,2020-05-09 15:06:38-04:00,"Starting early next week, at my order, the USA will be purchasing, from our Farmers, Ranchers &amp; Specialty Crop Growers, 3 Billion Dollars worth of Dairy, Meat &amp; Produce for Food Lines &amp; Kitchens. “FARMERS TO FAMILY FOOD BOX”  Great news for all!  @SecretarySonny @ZippyDuvall",29117,108789,Agriculture_Retaliation,farmers,1,0,Agriculture_Farm_Aid,US farm aid packages and agricultural trade purchases
2020-05-10 11:48:52+00:00,2020-05-10 07:48:52-04:00,"We are getting great marks for the handling of the CoronaVirus pandemic, especially the very early BAN of people from China, the infectious source, entering the USA. Compare that to the Obama/Sleepy Joe disaster known as H1N1 Swine Flu. Poor marks, bad polls - didn’t have a clue!",24646,119660,China,china,0,0,COVID_Blame_Noise,COVID-19 / Virus blaming without economic policy specifics
2020-05-10 19:22:23+00:00,2020-05-10 15:22:23-04:00,RT @GreggJarrett: Joe Biden asked about Hunter’s corruption in China — responds in garbled gibberish… https://t.co/xZLBFJTf6N,8786,0,China,china,0,0,Election_Political_Noise,Domestic 2020 election campaign attacks referencing China
2020-05-10 23:25:53+00:00,2020-05-10 19:25:53-04:00,".@CBS and their show, @60Minutes, are doing everything within their power, which is far less today than it was in the past, to defend China and the horrible Virus pandemic that was inflicted on the USA and the rest of the World. I guess they want to do business in China!",28261,107349,China,china,0,0,Diplomatic_General_Noise,General foreign relations / courtesy talks without tariff specifics
2020-05-11 02:11:47+00:00,2020-05-10 22:11:47-04:00,"RT @mikandynothem: Trump; first President in history with the courage to stand up to China, especially after Obama's disastrous foreign pol…",15417,0,China,china,0,0,Election_Political_Noise,Domestic 2020 election campaign attacks referencing China
2020-05-11 02:54:57+00:00,2020-05-10 22:54:57-04:00,"RT @DailyCaller: China Asked The WHO To Help Cover Up Coronavirus, German Intelligence Concludes
https://t.co/ilUVxPqklx",16598,0,China,china,0,0,COVID_Blame_Noise,COVID-19 / Virus blaming without economic policy specifics
2020-05-11 19:09:48+00:00,2020-05-11 15:09:48-04:00,"Congressman @DonJBacon is doing a tremendous job for Nebraska! He served our Country as an Air Force General, and now he serves our Vets, Farmers, and Small Businesses. Strongly supports the Second Amendment. Don has my Complete &amp; Total Endorsement! #NE02 https://t.co/gHYoWjRBrZ",7986,28427,Agriculture_Retaliation,farmers,1,0,Agriculture_Farm_Aid,US farm aid packages and agricultural trade purchases
2020-05-11 19:10:12+00:00,2020-05-11 15:10:12-04:00,"Congressman Jeff Fortenberry (@SupportFortNE) is a great advocate for Nebraska. He fights for Farmers, Small Businesses and our incredible Vets and Military. Jeff has my Complete and Total Endorsement! #NE01 https://t.co/avfdrBY1h0",7349,26198,Agriculture_Retaliation,farmers,1,0,Agriculture_Farm_Aid,US farm aid packages and agricultural trade purchases
2020-05-11 22:13:14+00:00,2020-05-11 18:13:14-04:00,"Tom Tiffany (@TomTiffanyWI) is a Great Advocate for the incredible people of Wisconsin (WI07). We need Tom in Congress to help us Make America Great Again! He will Fight for Small Business, supports our Incredible Farmers, Loves our Military and our Vets....",12303,47502,Agriculture_Retaliation,farmers,1,0,Agriculture_Farm_Aid,US farm aid packages and agricultural trade purchases
2020-05-12 02:50:48+00:00,2020-05-11 22:50:48-04:00,"RT @paulsperry_: BREAKING: After Hillary Clinton's campaign law firm fed Comey's top FBI counsel James Baker alleged Russia dirt on Trump,…",17403,0,Fed_Monetary,fed,1,0,Fed_Monetary_Policy,Federal Reserve interest rates and monetary policy pressure
2020-05-12 11:19:28+00:00,2020-05-12 07:19:28-04:00,"Asian Americans are VERY angry at what China has done to our Country, and the World. Chinese Americans are the most angry of all. I don’t blame them!",35773,181467,China,china,0,0,Diplomatic_General_Noise,General foreign relations / courtesy talks without tariff specifics
2020-05-13 14:33:15+00:00,2020-05-13 10:33:15-04:00,"As I have said for a long time, dealing with China is a very expensive thing to do. We just made a great Trade Deal, the ink was barely dry, and the World was hit by the Plague from China. 100 Trade Deals wouldn’t make up the difference - and all those innocent lives lost!",41505,171029,Trade_Tariff; China,"china, trade deal",1,1,Pure_Trade_Tariff,"Genuine trade deals, tariffs, deficits, or currency policy"
2020-05-14 15:42:19+00:00,2020-05-14 11:42:19-04:00,"RT @WhiteHouse: President @realDonaldTrump: ""Every other President let China do whatever they wanted."" https://t.co/jEffuEFUlv",10651,0,China,china,0,0,Diplomatic_General_Noise,General foreign relations / courtesy talks without tariff specifics
2020-05-16 04:18:19+00:00,2020-05-16 00:18:19-04:00,RT @DonaldJTrumpJr: Joe #BeijingBiden has spent the last half century in politics putting China first! Only @realDonaldTrump will always pu…,10264,0,China,china,0,0,Election_Political_Noise,Domestic 2020 election campaign attacks referencing China
2020-05-16 04:31:11+00:00,2020-05-16 00:31:11-04:00,"RT @GOPChairwoman: ""China and who can best rebuild our economy will be the dominant issues on Election Day and that’s bad news for Joe Bide…",6197,0,China,china,0,0,Election_Political_Noise,Domestic 2020 election campaign attacks referencing China
2020-05-16 10:42:28+00:00,2020-05-16 06:42:28-04:00,RT @pdkwalk: @brithume And Brit the media who are going to hate reading this will continue to go to the same exact people that fed them the…,3683,0,Fed_Monetary,fed,1,0,Fed_Monetary_Policy,Federal Reserve interest rates and monetary policy pressure
2020-05-16 12:51:05+00:00,2020-05-16 08:51:05-04:00,"Lou, this is just one of numerous concepts being considered under which we would pay 10% of what we have been paying over many years, matching much lower China payments. Have not made final decision. All funds are frozen. Thanks! https://t.co/xQUzHy4NDa",10175,33811,China,china,0,0,Diplomatic_General_Noise,General foreign relations / courtesy talks without tariff specifics
2020-05-16 22:58:20+00:00,2020-05-16 18:58:20-04:00,"Why is it that China, for decades, and with a population much bigger than ours, is paying a tiny fraction of $’s to The World Health Organization, The United Nations and, worst of all, The World Trade Organization, where they are considered a so-called “developing country” and...",37751,162925,China,china,0,0,Diplomatic_General_Noise,General foreign relations / courtesy talks without tariff specifics
2020-05-16 22:58:23+00:00,2020-05-16 18:58:23-04:00,".....are therefore given massive advantages over The United States, and everyone else? Prior to the Plague floating in from China, our Economy was blowing everybody away, the best of any country, EVER. We will be there again, and soon!",23897,114753,China,china,0,0,COVID_Blame_Noise,COVID-19 / Virus blaming without economic policy specifics
2020-05-19 18:29:16+00:00,2020-05-19 14:29:16-04:00,"RT @WhiteHouse: President @realDonaldTrump is announcing major action to support our Nation's farmers, ranchers, and growers! https://t.co/…",7487,0,Agriculture_Retaliation,farmers,1,0,Agriculture_Farm_Aid,US farm aid packages and agricultural trade purchases
2020-05-19 18:29:31+00:00,2020-05-19 14:29:31-04:00,"RT @WhiteHouse: ""Farmers across America are very appreciative, Mr. President, of what you've done,"" says @ZippyDuvall, president of @FarmBu…",5306,0,Agriculture_Retaliation,farmers,1,0,Agriculture_Farm_Aid,US farm aid packages and agricultural trade purchases
2020-05-19 18:29:42+00:00,2020-05-19 14:29:42-04:00,"RT @SecretarySonny: .@realDonaldTrump authorized @USDA to ensure our patriotic farmers, ranchers, and producers are supported. We are movin…",6354,0,Agriculture_Retaliation,farmers,1,0,Agriculture_Farm_Aid,US farm aid packages and agricultural trade purchases
2020-05-20 12:35:39+00:00,2020-05-20 08:35:39-04:00,"Some wacko in China just released a statement blaming everybody other than China for the Virus which has now killed hundreds of thousands of people. Please explain to this dope that it was the “incompetence of China”, and nothing else, that did this mass Worldwide killing!",60685,249372,China,china,0,0,Diplomatic_General_Noise,General foreign relations / courtesy talks without tariff specifics
2020-05-21 01:36:30+00:00,2020-05-20 21:36:30-04:00,"Spokesman speaks stupidly on behalf of China, trying desperately to deflect the pain and carnage that their country spread throughout the world. Its disinformation and propaganda attack on the United States and Europe is a disgrace....",28782,122172,China,china,0,0,Diplomatic_General_Noise,General foreign relations / courtesy talks without tariff specifics
2020-05-21 01:37:02+00:00,2020-05-20 21:37:02-04:00,"China is on a massive disinformation campaign because they are desperate to have Sleepy Joe Biden win the presidential race so they can continue to rip-off the United States, as they have done for decades, until I came along!",56626,240532,China,china,0,0,Election_Political_Noise,Domestic 2020 election campaign attacks referencing China
2020-05-21 13:35:14+00:00,2020-05-21 09:35:14-04:00,RT @realDonaldTrump: China is on a massive disinformation campaign because they are desperate to have Sleepy Joe Biden win the presidential…,56626,0,China,china,0,0,Election_Political_Noise,Domestic 2020 election campaign attacks referencing China
2020-05-22 23:11:59+00:00,2020-05-22 19:11:59-04:00,"Ashley Hinson (@hinsonashley) will be a tremendous advocate for the People of Iowa! She will fight for our Military, Vets, Small Businesses, &amp; our Incredible Farmers—a true supporter of our #MAGA Agenda! Ashley has my Complete and Total Endorsement! #IA01 https://t.co/CDBLsMEknS",6897,23634,Agriculture_Retaliation,farmers,1,0,Agriculture_Farm_Aid,US farm aid packages and agricultural trade purchases
2020-05-22 23:12:27+00:00,2020-05-22 19:12:27-04:00,"David Young (@YoungForIowa) is a champion for Iowa! He helped us pass the Trump Tax Cuts and he will always fight for our Small Businesses, Military, the Second Amendment and our Great Farmers! David has my Complete &amp; Total Endorsement! #IA03 https://t.co/uUjvZvLN8h",6673,22753,Agriculture_Retaliation,farmers,1,0,Agriculture_Farm_Aid,US farm aid packages and agricultural trade purchases
2020-05-22 23:34:22+00:00,2020-05-22 19:34:22-04:00,"Congressman Glenn “GT” Thompson (@GT_TeamGT) is a hard worker for Pennsylvania! The ""Dean of the Delegation"", he strongly supports our incredible Farmers, Vets and the Second Amendment. “GT” has my Complete and Total Endorsement! #PA15 https://t.co/MqR3PQVf66",6056,20830,Agriculture_Retaliation,farmers,1,0,Agriculture_Farm_Aid,US farm aid packages and agricultural trade purchases
2020-05-25 20:00:26+00:00,2020-05-25 16:00:26-04:00,"Sleepy Joe Biden (mostly his reps.) went crazy when I banned, in late January, people coming in from China. He called me “xenophobic” &amp; then went equally “nuts” when we let in 44,000 people - until he was told they were American citizens coming home. He later apologized!",22630,98319,China,china,0,0,Election_Political_Noise,Domestic 2020 election campaign attacks referencing China
2020-05-25 20:05:34+00:00,2020-05-25 16:05:34-04:00,"Nobody in 50 years has been WEAKER on China than Sleepy Joe Biden. He was asleep at the wheel. He gave them EVERYTHING they wanted, including rip-off Trade Deals. I am getting it all back!",32952,154087,China,china,1,1,Pure_Trade_Tariff,"Genuine trade deals, tariffs, deficits, or currency policy"
2020-05-25 20:16:06+00:00,2020-05-25 16:16:06-04:00,"Great reviews on our handling of Covid 19, sometimes referred to as the China Virus. Ventilators, Testing, Medical Supply Distribution, we made a lot of Governors look very good - And got no credit for so doing. Most importantly, we helped a lot of great people!",27981,153898,China,china,0,0,COVID_Blame_Noise,COVID-19 / Virus blaming without economic policy specifics
2020-05-26 15:18:20+00:00,2020-05-26 11:18:20-04:00,"For all of the political hacks out there, if I hadn’t done my job well, &amp; early, we would have lost 1 1/2 to 2 Million People, as opposed to the 100,000 plus that looks like will be the number. That’s 15 to 20 times more than we will lose. I shut down entry from China very early!",22811,105603,China,china,0,0,Diplomatic_General_Noise,General foreign relations / courtesy talks without tariff specifics
2020-05-26 15:18:23+00:00,2020-05-26 11:18:23-04:00,"....One person lost to this invisible virus is too much, it should have been stopped at its source, China, but I acted very quickly, and made the right decisions. Many of the current political complainers thought, at the time, that I was moving far to fast, like Crazy Nancy!",14121,64378,China,china,0,0,Diplomatic_General_Noise,General foreign relations / courtesy talks without tariff specifics
2020-05-26 15:48:33+00:00,2020-05-26 11:48:33-04:00,"How brilliant are our FARMERS? Thank you @lgutwein99_31, real talent! #MAGA https://t.co/mtzbqUFd1V",26135,95945,Agriculture_Retaliation,farmers,1,0,Agriculture_Farm_Aid,US farm aid packages and agricultural trade purchases
2020-05-27 11:21:28+00:00,2020-05-27 07:21:28-04:00,"We have informed both India and China that the United States is ready, willing and able to mediate or arbitrate their now raging border dispute. Thank you!",31844,172995,China,china,0,0,Diplomatic_General_Noise,General foreign relations / courtesy talks without tariff specifics
2020-05-27 13:19:37+00:00,2020-05-27 09:19:37-04:00,"The Radical Left Lamestream Media, together with their partner, the Do Nothing Democrats, are trying to spread a new narrative that President Trump was slow in reacting to Covid 19. Wrong, I was very fast, even doing the Ban on China long before anybody thought necessary!",26273,112361,China,china,0,0,COVID_Blame_Noise,COVID-19 / Virus blaming without economic policy specifics
2020-05-28 14:34:10+00:00,2020-05-28 10:34:10-04:00,"All over the World the CoronaVirus, a very bad “gift” from China, marches on. Not good!",58104,290063,China,china,0,0,COVID_Blame_Noise,COVID-19 / Virus blaming without economic policy specifics
2020-05-29 11:10:35+00:00,2020-05-29 07:10:35-04:00,"Twitter is doing nothing about all of the lies &amp; propaganda being put out by China or the Radical Left Democrat Party. They have targeted Republicans, Conservatives &amp; the President of the United States. Section 230 should be revoked by Congress. Until then, it will be regulated!",63196,253934,China,china,0,0,Election_Political_Noise,Domestic 2020 election campaign attacks referencing China
2020-05-29 12:33:36+00:00,2020-05-29 08:33:36-04:00,"“The President has been targeted by Twitter.” @MariaBartiromo  What about all of the lies and fraudulent statements made by Adam Schiff, and so many others, on the Russian Witch Hunt Plus, Plus, Plus? What about China’s propaganda? WHO’s mistakes? No flags?  @foxandfriends",36943,135498,China,china,0,0,Diplomatic_General_Noise,General foreign relations / courtesy talks without tariff specifics
2020-05-29 13:01:56+00:00,2020-05-29 09:01:56-04:00,CHINA!,143066,764501,China,china,0,0,Diplomatic_General_Noise,General foreign relations / courtesy talks without tariff specifics
2020-05-30 17:04:09+00:00,2020-05-30 13:04:09-04:00,"Here we go again. Fake News @CNN is blaming RUSSIA, RUSSIA, RUSSIA. They are sick losers with VERY bad ratings! P.S. Can’t blame China because they need the cash?",41030,183918,China,china,0,0,Election_Political_Noise,Domestic 2020 election campaign attacks referencing China
2020-06-02 03:46:35+00:00,2020-06-01 23:46:35-04:00,RT @FrancisBrennan: “Twitter Censors President Trump But Not Communist China? Something Doesn’t Add Up” https://t.co/PLWbEsIcHH,6570,0,China,china,0,0,Diplomatic_General_Noise,General foreign relations / courtesy talks without tariff specifics
2020-06-02 03:49:46+00:00,2020-06-01 23:49:46-04:00,"RT @FrancisBrennan: Apple doesn't fall far from the tree. 

""Son of Minnesota’s attorney general: 'I hereby declare, officially, my support…",5813,0,Target_Company_Tech,apple,1,0,Company_Tech_Target,Direct corporate target or 5G/tech supply chain restriction
2020-06-02 13:24:50+00:00,2020-06-02 09:24:50-04:00,"Congressman Andy Harris (@Harris4Congress) is a tremendous advocate for Maryland! A highly respected physician, Andy fights for the Second Amendment, Border Security and our incredible Farmers. Andy has my Complete and Total Endorsement! #MD01
https://t.co/E3tP4ta6Qf",7964,30958,Agriculture_Retaliation,farmers,1,0,Agriculture_Farm_Aid,US farm aid packages and agricultural trade purchases
2020-06-02 13:26:07+00:00,2020-06-02 09:26:07-04:00,"Congressman Mike Simpson (@MikeSimpson4ID) is a tremendous champion for Idaho! Mike is working hard for our incredible Farmers, and he strongly supports our Military, Vets and the Second Amendment. Mike has my Complete and Total Endorsement! #ID02
 https://t.co/vthaNF7s9f",8324,32679,Agriculture_Retaliation,farmers,1,0,Agriculture_Farm_Aid,US farm aid packages and agricultural trade purchases
2020-06-02 13:26:17+00:00,2020-06-02 09:26:17-04:00,"Senator Mike Rounds (@RoundsforSenate) continues to deliver for South Dakota! Mike is working hard for our incredible Farmers and he is strong on Trade, Military, our Vets, and the Second Amendment. Mike has my Complete and Total Endorsement! #SDSen
https://t.co/qM8LsXR9tN",8495,33553,Agriculture_Retaliation,farmers,1,0,Agriculture_Farm_Aid,US farm aid packages and agricultural trade purchases
2020-06-02 13:26:46+00:00,2020-06-02 09:26:46-04:00,"Congressman Dusty Johnson (@DustyJohnson) is a phenomenal advocate for the people of South Dakota! He helped us deliver USMCA for our Farmers, and he is strong on the Border and our Second Amendment. Dusty has my Complete and Total Endorsement! #SDAL
https://t.co/H413O6RvwN",9172,35626,Trade_Tariff; Agriculture_Retaliation,"farmers, usmca",1,1,Pure_Trade_Tariff,"Genuine trade deals, tariffs, deficits, or currency policy"
2020-06-03 11:07:53+00:00,2020-06-03 07:07:53-04:00,RT @SecretarySonny: The goodness of America was on display @athenafarms in Atlanta today. I saw @USDA’s Farmers to Families Food Box distri…,6813,0,Agriculture_Retaliation,farmers,1,0,Agriculture_Farm_Aid,US farm aid packages and agricultural trade purchases
2020-06-04 04:10:38+00:00,2020-06-04 00:10:38-04:00,"RT @TeamTrump: Before the plague from China, America had the BEST Black unemployment rate in American history.

President @realDonaldTrump…",4852,0,China,china,0,0,COVID_Blame_Noise,COVID-19 / Virus blaming without economic policy specifics
2020-06-04 10:57:36+00:00,2020-06-04 06:57:36-04:00,RT @DonaldJTrumpJr: Joe China. #BeijingBiden,13281,0,China,china,0,0,Election_Political_Noise,Domestic 2020 election campaign attacks referencing China
2020-06-05 11:50:50+00:00,2020-06-05 07:50:50-04:00,"RT @USDA: We're accepting applications now through Aug. 28, 2020 for our Coronavirus Food Assistance Program. Farmers &amp; ranchers can apply…",1634,0,Agriculture_Retaliation,farmers,1,0,Agriculture_Farm_Aid,US farm aid packages and agricultural trade purchases
2020-06-05 11:57:18+00:00,2020-06-05 07:57:18-04:00,"RT @SecretarySonny: Over 𝗳𝗶𝘃𝗲 𝗺𝗶𝗹𝗹𝗶𝗼𝗻 Farmers to Families food boxes have been delivered! This program is the best of America. 🇺🇸 
 
#Ameri…",1898,0,Agriculture_Retaliation,farmers,1,0,Agriculture_Farm_Aid,US farm aid packages and agricultural trade purchases
2020-06-05 12:00:33+00:00,2020-06-05 08:00:33-04:00,"RT @RoyBlunt: Fed government can play a critical role in addressing the failures of the local justice system, rebuilding trust in police de…",1480,0,Fed_Monetary,fed,1,0,Fed_Monetary_Policy,Federal Reserve interest rates and monetary policy pressure
2020-06-05 12:00:53+00:00,2020-06-05 08:00:53-04:00,"RT @JohnBoozman: I'm pleased AR farmers and ranchers are getting assistance as a result of the Coronavirus Food Assistance Program:

8,223…",1336,0,Agriculture_Retaliation,farmers,1,0,Agriculture_Farm_Aid,US farm aid packages and agricultural trade purchases
2020-06-05 12:23:52+00:00,2020-06-05 08:23:52-04:00,"RT @sendavidperdue: THANK YOU
 
Nurses
Doctors
Grocers
Farmers
Teachers
Custodians
Pharmacists
Truck Drivers
Utility Workers
Delivery Perso…",2580,0,Agriculture_Retaliation,farmers,1,0,Agriculture_Farm_Aid,US farm aid packages and agricultural trade purchases
2020-06-05 12:25:24+00:00,2020-06-05 08:25:24-04:00,RT @SenTomCotton: I applaud the U.K.’s decision to open its arms to Hong Kongers fleeing the tyrannical regime in Beijing. Hong Kongers sho…,4318,0,China,beijing,0,0,Diplomatic_General_Noise,General foreign relations / courtesy talks without tariff specifics
2020-06-07 14:19:03+00:00,2020-06-07 10:19:03-04:00,"Colin Powell, a real stiff who was very responsible for getting us into the disastrous Middle East Wars, just announced he will be voting for another stiff, Sleepy Joe Biden. Didn’t Powell say that Iraq had “weapons of mass destruction?” They didn’t, but off we went to WAR!",54112,213489,Fed_Monetary,powell,1,0,Fed_Monetary_Policy,Federal Reserve interest rates and monetary policy pressure
2020-06-07 15:10:22+00:00,2020-06-07 11:10:22-04:00,"Somebody please tell highly overrated Colin Powell that I will have gotten almost 300 Federal Judges approved (a record), Two Great Supreme Court Justices, rebuilt our once depleted Military, Choice for Vets, Biggest Ever Tax &amp; Regulation Cuts, Saved Healthcare &amp; 2A, &amp; much more!",37749,158885,Fed_Monetary,powell,1,0,Fed_Monetary_Policy,Federal Reserve interest rates and monetary policy pressure
2020-06-07 18:56:42+00:00,2020-06-07 14:56:42-04:00,"Congressman Austin Scott (@AustinScott4GA) is doing a phenomenal job for the GREAT State of Georgia. He works hard for our incredible Farmers, Military, Vets and the Second Amendment. Austin has my Complete and Total Endorsement! #GA08 https://t.co/t7nGad9s5L",8100,30723,Agriculture_Retaliation,farmers,1,0,Agriculture_Farm_Aid,US farm aid packages and agricultural trade purchases
2020-06-07 20:19:41+00:00,2020-06-07 16:19:41-04:00,"RT @realDonaldTrump: Colin Powell, a real stiff who was very responsible for getting us into the disastrous Middle East Wars, just announce…",54112,0,Fed_Monetary,powell,1,0,Fed_Monetary_Policy,Federal Reserve interest rates and monetary policy pressure
2020-06-07 20:19:57+00:00,2020-06-07 16:19:57-04:00,RT @realDonaldTrump: Somebody please tell highly overrated Colin Powell that I will have gotten almost 300 Federal Judges approved (a recor…,37749,0,Fed_Monetary,powell,1,0,Fed_Monetary_Policy,Federal Reserve interest rates and monetary policy pressure
2020-06-08 03:42:18+00:00,2020-06-07 23:42:18-04:00,"Colin Powell was a pathetic interview today on Fake News CNN. In his time, he was weak &amp; gave away everything to everybody - so bad for the USA. Also got the “weapons of mass destruction” totally wrong, and you know what that mistake cost us? Sad! Only negative questions asked.",28175,127934,Fed_Monetary,powell,1,0,Fed_Monetary_Policy,Federal Reserve interest rates and monetary policy pressure
2020-06-11 03:30:48+00:00,2020-06-10 23:30:48-04:00,"RT @MarshaBlackburn: Decades of failed engagement, Western investment and unfair trade tactics built China into an industrial behemoth, giv…",10783,0,China,china,0,0,Diplomatic_General_Noise,General foreign relations / courtesy talks without tariff specifics
2020-06-11 15:07:35+00:00,2020-06-11 11:07:35-04:00,"The Federal Reserve is wrong so often. I see the numbers also, and do MUCH better than they do. We will have a very good Third Quarter, a great Fourth Quarter, and one of our best ever years in 2021. We will also soon have a Vaccine &amp; Therapeutics/Cure. That’s my opinion. WATCH!",28191,124974,Fed_Monetary,federal reserve,1,0,Fed_Monetary_Policy,Federal Reserve interest rates and monetary policy pressure
2020-06-12 12:37:47+00:00,2020-06-12 08:37:47-04:00,"How do you think China, Russia, Japan or others would do with him in a negotiation? We would have no Country left!!! https://t.co/3YlD1ufODX",17522,70700,China,china,0,0,Diplomatic_General_Noise,General foreign relations / courtesy talks without tariff specifics
2020-06-13 11:22:21+00:00,2020-06-13 07:22:21-04:00,We are getting the Commercial Fishing Industry in Maine back on track (will be better than ever) after suffering years of stupidity and abuse from the previous administration. Already got 5000 square miles back and available to fish. China &amp; E.U. told to drop their Tariffs now!!! https://t.co/EcRxd2qWWW,10907,41731,Trade_Tariff; China,"china, tariffs",1,1,Pure_Trade_Tariff,"Genuine trade deals, tariffs, deficits, or currency policy"
2020-06-18 19:56:13+00:00,2020-06-18 15:56:13-04:00,"It was not Ambassador Lighthizer’s fault (yesterday in Committee) in that perhaps I didn’t make myself clear, but the U.S. certainly does maintain a policy option, under various conditions, of a complete decoupling from China. Thank you!",19539,79834,China,china,1,1,Pure_Trade_Tariff,"Genuine trade deals, tariffs, deficits, or currency policy"
2020-06-19 14:21:20+00:00,2020-06-19 10:21:20-04:00,"The Democrats are doing totally false advertising. They have done NOTHING for years, including when Sleepy Joe was V.P., and they now have a Fake ad that my China Deal is losing us jobs. Opposite, &amp; China is paying us $BILLIONS. Also, I LOVE Seniors &amp; protect Preexisting C’s.",20466,79168,China,china,0,0,Election_Political_Noise,Domestic 2020 election campaign attacks referencing China
2020-06-19 19:48:31+00:00,2020-06-19 15:48:31-04:00,"Congressman @JamesComer is working hard for the people of Kentucky! He fights for his fellow Farmers, and is Strong on Trade, Cutting Taxes, and the Second Amendment. Jamie has my Complete and Total Endorsement! #KY01
https://t.co/Nn1tjduETw",6673,25547,Agriculture_Retaliation,farmers,1,0,Agriculture_Farm_Aid,US farm aid packages and agricultural trade purchases
2020-06-22 18:16:40+00:00,2020-06-22 14:16:40-04:00,"Congressman @FrankDLucas is working hard for Oklahoma. He strongly supports our Great Farmers, Small Businesses and Vets, and he will always fight for Life and the Second Amendment. Frank has my Complete and Total Endorsement! #OK03 https://t.co/OxsgfW5OoD",7899,31591,Agriculture_Retaliation,farmers,1,0,Agriculture_Farm_Aid,US farm aid packages and agricultural trade purchases
2020-06-22 18:18:25+00:00,2020-06-22 14:18:25-04:00,"Senator Jim Inhofe (@InhofeForSenate) delivers for the State of Oklahoma! A U.S. Army veteran, he fights hard for our Military, Vets, Small Businesses, and our terrific Farmers. Jim has my Complete and Total Endorsement! #OKSEN https://t.co/PinDAlZGQF",12753,43432,Agriculture_Retaliation,farmers,1,0,Agriculture_Farm_Aid,US farm aid packages and agricultural trade purchases
2020-06-23 02:22:18+00:00,2020-06-22 22:22:18-04:00,The China Trade Deal is fully intact. Hopefully they will continue to live up to the terms of the Agreement!,21120,114711,Trade_Tariff; China,"china, trade deal",1,1,Pure_Trade_Tariff,"Genuine trade deals, tariffs, deficits, or currency policy"
2020-06-23 14:41:50+00:00,2020-06-23 10:41:50-04:00,"We did a great job on CoronaVirus, including the very early ban on China, Ventilator production, and Testing, which is by far the most, and best, in the World. We saved millions of U.S. lives.! Yet the Fake News refuses to acknowledge this in a positive way. But they do give....",23425,115335,China,china,0,0,COVID_Blame_Noise,COVID-19 / Virus blaming without economic policy specifics
2020-06-24 22:10:48+00:00,2020-06-24 18:10:48-04:00,"Biden failed with China. They took us to the cleaners! I got $Billions out of China, and gave much of it to our targeted farmers!",32229,155700,China; Agriculture_Retaliation,"china, farmers",1,0,Agriculture_Farm_Aid,US farm aid packages and agricultural trade purchases
2020-06-30 22:52:02+00:00,2020-06-30 18:52:02-04:00,"As I watch the Pandemic spread its ugly face all across the world, including the tremendous damage it has done to the USA, I become more and more angry at China. People can see it, and I can feel it!",59875,293498,China,china,0,0,Diplomatic_General_Noise,General foreign relations / courtesy talks without tariff specifics
2020-07-03 03:22:15+00:00,2020-07-02 23:22:15-04:00,RT @yalinunez: ”For Latino businesses USMCA increases the opportunities for their goods and services to access to international markets.” ⁦…,6932,0,Trade_Tariff,usmca,1,1,Pure_Trade_Tariff,"Genuine trade deals, tariffs, deficits, or currency policy"
2020-07-05 22:34:33+00:00,2020-07-05 18:34:33-04:00,"New China Virus Cases up (because of massive testing), deaths are down, “low and steady”. The Fake News Media should report this and also, that new job numbers are setting records!",56225,266005,China,china,0,0,COVID_Blame_Noise,COVID-19 / Virus blaming without economic policy specifics
2020-07-06 12:28:26+00:00,2020-07-06 08:28:26-04:00,China has caused great damage to the United States and the rest of the World!,107480,533428,China,china,0,0,Diplomatic_General_Noise,General foreign relations / courtesy talks without tariff specifics
2020-07-06 13:06:54+00:00,2020-07-06 09:06:54-04:00,"RT @realDonaldTrump: New China Virus Cases up (because of massive testing), deaths are down, “low and steady”. The Fake News Media should r…",56225,0,China,china,0,0,COVID_Blame_Noise,COVID-19 / Virus blaming without economic policy specifics
2020-07-06 18:24:06+00:00,2020-07-06 14:24:06-04:00,"Deaths from the China Virus are down 39%, while our great testing program continues to lead the World, by FAR! Why isn’t the Fake News reporting that Deaths are way down? It is only because they are, indeed, FAKE NEWS!",31749,138691,China,china,0,0,COVID_Blame_Noise,COVID-19 / Virus blaming without economic policy specifics
2020-07-06 18:36:50+00:00,2020-07-06 14:36:50-04:00,"BREAKING NEWS: The Mortality Rate for the China Virus in the U.S. is just about the LOWEST IN THE WORLD! Also, Deaths in the U.S. are way down, a tenfold decrease since the Pandemic height (and, our Economy is coming back strong!).",31408,133483,China,china,0,0,COVID_Blame_Noise,COVID-19 / Virus blaming without economic policy specifics
2020-07-06 18:44:09+00:00,2020-07-06 14:44:09-04:00,"The Democrats would not have BANNED travel from heavily infected China, especially so early, therefore, far more people would have died. Corrupt Joe Biden now admits this!!!",22496,98997,China,china,0,0,Election_Political_Noise,Domestic 2020 election campaign attacks referencing China
2020-07-06 20:16:01+00:00,2020-07-06 16:16:01-04:00,"Why does the a Lamestream Fake News Media REFUSE to say that China Virus deaths are down 39%, and that we now have the lowest Fatality (Mortality) Rate in the World. They just can’t stand that we are doing so well for our Country!",67,196,China,china,0,0,COVID_Blame_Noise,COVID-19 / Virus blaming without economic policy specifics
2020-07-06 20:17:46+00:00,2020-07-06 16:17:46-04:00,"Why does the Lamestream Fake News Media REFUSE to say that China Virus deaths are down 39%, and that we now have the lowest Fatality (Mortality) Rate in the World. They just can’t stand that we are doing so well for our Country!",37820,144460,China,china,0,0,COVID_Blame_Noise,COVID-19 / Virus blaming without economic policy specifics
2020-07-07 12:52:40+00:00,2020-07-07 08:52:40-04:00,"“COVID-19 (China Virus) Death Rate PLUNGES From Peak In U.S.” A Tenfold Decrease In Mortality. The Washington Times @WashTimes  Valerie Richardson.  We have the lowest Mortality Rate in the World. The Fake News should be reporting these most important of facts, but they don’t!",48428,185062,China,china,0,0,COVID_Blame_Noise,COVID-19 / Virus blaming without economic policy specifics
2020-07-08 13:50:41+00:00,2020-07-08 09:50:41-04:00,"Economy and Jobs are growing MUCH faster than anyone (except me!) expected. Job growth is biggest in history. China Virus Mortality Rate is among the LOWEST of any country. Shaping up for a good third quarter, and a great next year! NASDAQ at new record high, 401k’s way up!!!!",30545,137773,China,china,0,0,COVID_Blame_Noise,COVID-19 / Virus blaming without economic policy specifics
2020-07-09 03:45:14+00:00,2020-07-08 23:45:14-04:00,RT @realDonaldTrump: Economy and Jobs are growing MUCH faster than anyone (except me!) expected. Job growth is biggest in history. China Vi…,30546,0,China,china,0,0,Diplomatic_General_Noise,General foreign relations / courtesy talks without tariff specifics
2020-07-11 03:15:36+00:00,2020-07-10 23:15:36-04:00,RT @DailyCaller: ‘Offensive Nonsense’: Josh Hawley Demands Answers From NBA Over Relationship With China https://t.co/MrGC3ACwv6,5574,0,China,china,0,0,Diplomatic_General_Noise,General foreign relations / courtesy talks without tariff specifics
2020-07-14 23:05:24+00:00,2020-07-14 19:05:24-04:00,"RT @TeamTrump: President @realDonaldTrump: “Make no mistake, we hold China fully responsible for concealing the virus and unleashing it upo…",12149,0,China,china,0,0,Diplomatic_General_Noise,General foreign relations / courtesy talks without tariff specifics
2020-07-14 23:05:30+00:00,2020-07-14 19:05:30-04:00,RT @TeamTrump: President @realDonaldTrump on Joe Biden's deep love for China and Biden's many gifts to the Chinese Communist Party https://…,8222,0,China,china,0,0,Election_Political_Noise,Domestic 2020 election campaign attacks referencing China
2020-07-15 23:06:34+00:00,2020-07-15 19:06:34-04:00,"RT @gregsteube: Thanks to @realDonaldTrump, America is no longer leading from behind.

With the #USMCA we are now putting American workers…",6374,0,Trade_Tariff,usmca,1,1,Pure_Trade_Tariff,"Genuine trade deals, tariffs, deficits, or currency policy"
2020-07-17 13:22:15+00:00,2020-07-17 09:22:15-04:00,"RT @TheEconomist: Should Germany choose to ban Huawei in the autumn, a corner will have been turned. America will have used its might to hu…",4926,0,Target_Company_Tech,huawei,1,0,Company_Tech_Target,Direct corporate target or 5G/tech supply chain restriction
2020-07-18 04:39:30+00:00,2020-07-18 00:39:30-04:00,RT @ChuckRossDC: I know there's no connection between this op-ed and WaPo taking $4.6 million from Chinese foreign agent China Daily for pa…,5957,0,China,china,0,0,Diplomatic_General_Noise,General foreign relations / courtesy talks without tariff specifics
2020-07-20 19:43:46+00:00,2020-07-20 15:43:46-04:00,"We are United in our effort to defeat the Invisible China Virus, and many people say that it is Patriotic to wear a face mask when you can’t socially distance. There is nobody more Patriotic than me, your favorite President! https://t.co/iQOd1whktN",54412,312608,China,china,0,0,COVID_Blame_Noise,COVID-19 / Virus blaming without economic policy specifics
2020-07-21 10:39:47+00:00,2020-07-21 06:39:47-04:00,"You will never hear this on the Fake News concerning the China Virus, but by comparison to most other countries, who are suffering greatly, we are doing very well - and we have done things that few other countries could have done!",22288,113626,China,china,0,0,COVID_Blame_Noise,COVID-19 / Virus blaming without economic policy specifics
2020-07-26 12:57:03+00:00,2020-07-26 08:57:03-04:00,"Crazy Nancy Pelosi said I made a mistake when I banned people from infected China from entering the U.S. in January. Tens of thousands of lives were saved, as she danced in the Streets of Chinatown (SF) in late February. Biden agreed with her, but soon admitted that I was right!",41055,192277,China,china,0,0,Election_Political_Noise,Domestic 2020 election campaign attacks referencing China
2020-07-26 19:31:59+00:00,2020-07-26 15:31:59-04:00,"There is NO WAY a place like Pennsylvania can vote for the Radical Left and their puppet, Joe Biden, when they are against fracking, steel production, and just about everything else that Pennsylvania stands for. Likewise, Texas, and many other states!!!",27630,118850,Steel_Aluminum,steel,1,0,Steel_Aluminum_Industry,Domestic steel and aluminum industry protection/jobs
2020-07-26 19:44:11+00:00,2020-07-26 15:44:11-04:00,"Because of my strong focus on the China Virus, including scheduled meetings on Vaccines, our economy and much else, I won’t be able to be in New York to throw out the opening pitch for the @Yankees on August 15th. We will make it later in the season!",19678,109163,China,china,0,0,COVID_Blame_Noise,COVID-19 / Virus blaming without economic policy specifics
2020-07-27 14:08:38+00:00,2020-07-27 10:08:38-04:00,"RT @SenJohnBarrasso: #NDAA funds projects at F.E. Warren Air Force Base in WY, reinforces our deterrent against China &amp; Russia, expands san…",2010,0,China,china,0,0,Diplomatic_General_Noise,General foreign relations / courtesy talks without tariff specifics
2020-07-27 14:23:19+00:00,2020-07-27 10:23:19-04:00,RT @AndrewCMcCarthy: Trump critics wrongly mount political attack on his use of fed law officers to protect cities https://t.co/2bVOHMWlYf…,6484,0,Fed_Monetary,fed,1,0,Fed_Monetary_Policy,Federal Reserve interest rates and monetary policy pressure
2020-07-29 04:07:14+00:00,2020-07-29 00:07:14-04:00,RT @TeamTrump: White House Press Secretary @KayleighMcEnany on the @realDonaldTrump administration’s effort to develop a China Virus vaccin…,5339,0,China,china,0,0,COVID_Blame_Noise,COVID-19 / Virus blaming without economic policy specifics
2020-07-30 12:33:47+00:00,2020-07-30 08:33:47-04:00,"Major China Virus flare ups in many of the countries that the Fake News was touting as doing so well. Some of these countries are now a disaster. Lamestream Media doesn’t want to report this. Also, highly inaccurate numbers being reported by many other countries!!! @WSJ",21447,80389,China,china,0,0,COVID_Blame_Noise,COVID-19 / Virus blaming without economic policy specifics
2020-07-31 19:33:37+00:00,2020-07-31 15:33:37-04:00,"Pelosi &amp; Schumer blocked desperately needed unemployment payments, which is so terrible, especially since they fully understand that it was not the workers fault that they are unemployed, it’s the fault of China!",40036,138419,China,china,0,0,Diplomatic_General_Noise,General foreign relations / courtesy talks without tariff specifics
2020-08-02 01:27:44+00:00,2020-08-01 21:27:44-04:00,"Congresswoman Vicky Hartzler (@VickyH4Congress) works hard for the people of Missouri! She strongly supports our incredible Military and Vets, protects American Farmers, and fights for Life. Vicky has my Complete and Total Endorsement! #MO04 https://t.co/rLgW1I1dSp",3995,15544,Agriculture_Retaliation,farmers,1,0,Agriculture_Farm_Aid,US farm aid packages and agricultural trade purchases
2020-08-02 11:35:27+00:00,2020-08-02 07:35:27-04:00,"Big China Virus breakouts all over the World, including nations which were thought to have done a great job. The Fake News doesn’t report this. USA will be stronger than ever before, and soon! https://t.co/pZwjvgmVTO",19986,73779,China,china,0,0,COVID_Blame_Noise,COVID-19 / Virus blaming without economic policy specifics
2020-08-03 11:46:24+00:00,2020-08-03 07:46:24-04:00,"With the exception of New York &amp; a few other locations, we’ve done MUCH better than most other Countries in dealing with the China Virus. Many of these countries are now having a major second wave. The Fake News is working overtime to make the USA (&amp; me) look as bad as possible!",22649,100128,China,china,0,0,COVID_Blame_Noise,COVID-19 / Virus blaming without economic policy specifics
2020-08-03 13:44:56+00:00,2020-08-03 09:44:56-04:00,"So Crazy Nancy Pelosi said horrible things about Dr. Deborah Birx, going after her because she was too positive on the very good job we are doing on combatting the China Virus, including Vaccines &amp; Therapeutics. In order to counter Nancy, Deborah took the bait &amp; hit us. Pathetic!",24792,97891,China,china,0,0,COVID_Blame_Noise,COVID-19 / Virus blaming without economic policy specifics
2020-08-03 13:49:25+00:00,2020-08-03 09:49:25-04:00,"RECORD HIGH NASDAQ! It would all come crashing down, including your Jobs, Stocks, and 401k’s, if Sleepy Joe ever became President. China and others would own us!!!",33259,147247,China,china,0,0,Election_Political_Noise,Domestic 2020 election campaign attacks referencing China
2020-08-06 21:38:03+00:00,2020-08-06 17:38:03-04:00,"RT @GOP: “Joe Biden’s polices put China first, and America last.” -@realDonaldTrump",13563,0,China,china,0,0,Election_Political_Noise,Domestic 2020 election campaign attacks referencing China
2020-08-07 12:30:03+00:00,2020-08-07 08:30:03-04:00,"I called the politicization of the China Virus by the Radical Left Democrats a Hoax, not the China Virus itself. Everybody knows this except for the Fake and very Corrupt Media!",35577,146683,China,china,0,0,COVID_Blame_Noise,COVID-19 / Virus blaming without economic policy specifics
2020-08-07 12:46:50+00:00,2020-08-07 08:46:50-04:00,"RT @EdwardLawrence: The letter adds: “potentially allowing China to track the locations of Federal employees and contractors, build dossier…",5563,0,China,china,1,0,Fed_Monetary_Policy,Federal Reserve interest rates and monetary policy pressure
2020-08-07 21:03:57+00:00,2020-08-07 17:03:57-04:00,Pelosi and Schumer only interested in Bailout Money for poorly run Democrat cities and states. Nothing to do with China Virus! Want one trillion dollars. No interest. We are going a different way!,40384,165910,China,china,0,0,COVID_Blame_Noise,COVID-19 / Virus blaming without economic policy specifics
2020-08-10 17:45:45+00:00,2020-08-10 13:45:45-04:00,"Congressman Jim Hagedorn (@JimHagedornMN) is an incredible advocate for Minnesota! He fights for our Farmers, Vets and Small Businesses, and he strongly defends your Second Amendment! Jim has my Complete and Total Endorsement! #MN01 https://t.co/MeuHHh8KFc",6039,23174,Agriculture_Retaliation,farmers,1,0,Agriculture_Farm_Aid,US farm aid packages and agricultural trade purchases
2020-08-11 12:33:47+00:00,2020-08-11 08:33:47-04:00,"More Testing, which is a good thing (we have the most in the world), equals more Cases, which is Fake News Gold. They use Cases to demean the incredible job being done by the great men &amp; women of the U.S. fighting the China Plague!",24424,118829,China,china,0,0,COVID_Blame_Noise,COVID-19 / Virus blaming without economic policy specifics
2020-08-14 04:58:42+00:00,2020-08-14 00:58:42-04:00,"RT @buds1008: @KatiePavlich @LindaSuhler Let's get this straight right away Camel Laugh and China Joe will lie, lie, and lie and the media…",4134,0,China,china,0,0,Diplomatic_General_Noise,General foreign relations / courtesy talks without tariff specifics
2020-08-15 11:17:22+00:00,2020-08-15 07:17:22-04:00,"RT @LizRNC: Biden and Harris didn't mention China a single time in their announcement

Meanwhile, President Trump is holding China accounta…",4370,0,China,china,0,0,Election_Political_Noise,Domestic 2020 election campaign attacks referencing China
2020-08-18 03:02:23+00:00,2020-08-17 23:02:23-04:00,"RT @LindseyGrahamSC: I remember a slow-growth economy, a weakened military, ISIS raging, Iran emboldened, China eating our lunch, businesse…",8364,0,China,china,0,0,Diplomatic_General_Noise,General foreign relations / courtesy talks without tariff specifics
2020-08-18 03:03:03+00:00,2020-08-17 23:03:03-04:00,"RT @LindseyGrahamSC: ▶️ Negotiated peace agreement between UAE and Israel.

▶️ Stood up to China.

▶️ Stopped caravans from Central America…",6082,0,China,china,0,0,Diplomatic_General_Noise,General foreign relations / courtesy talks without tariff specifics
2020-08-19 00:16:08+00:00,2020-08-18 20:16:08-04:00,"RT @MarkDice: Colin Powell is a Neocon WMD hoaxer, so of course he's appearing at the #DemConvention to endorse Establishment's puppet and…",7194,0,Fed_Monetary,powell,1,0,Fed_Monetary_Policy,Federal Reserve interest rates and monetary policy pressure
2020-08-23 18:37:58+00:00,2020-08-23 14:37:58-04:00,"Chris Wallace “forgot” to ask a very weak and pathetic Schumer puppet, Senator Chrisie Coons, why Biden fought me when I put an extremely early BAN on people coming into our Country from heavily infected China. Biden later admitted I was right! But why no question?",29271,122138,China,china,0,0,Election_Political_Noise,Domestic 2020 election campaign attacks referencing China
2020-08-24 20:52:30+00:00,2020-08-24 16:52:30-04:00,RT @WhiteHouse: LIVE: POTUS delivers remarks on Farmers to Families Food Box Program https://t.co/PPdoQwC3K5,7934,0,Agriculture_Retaliation,farmers,1,0,Agriculture_Farm_Aid,US farm aid packages and agricultural trade purchases
2020-08-25 15:39:51+00:00,2020-08-25 11:39:51-04:00,Beautiful Maine Lobsters will now move tariff-free to Europe! For first time in many years. GREAT new deal by USTR levels playing field with Canada. Millions of $’s more in EXPORTS...,24624,116893,Trade_Tariff,tariff,1,1,Pure_Trade_Tariff,"Genuine trade deals, tariffs, deficits, or currency policy"
2020-08-26 15:05:08+00:00,2020-08-26 11:05:08-04:00,"Just In: Chinese State Media and Leaders of CHINA want Biden to win “the U.S. Election”.  If this happened (which it won’t), China would own our Country, and our Record Setting Stock Markets would literally CRASH!",51346,206714,China,china,0,0,Election_Political_Noise,Domestic 2020 election campaign attacks referencing China
2020-08-29 12:34:35+00:00,2020-08-29 08:34:35-04:00,"RT @GOP: “The experts tell us that the USMCA… could create up to 589,000 new jobs across this country.” -@Mike_Pence
https://t.co/ffwHPKoPd8",6118,0,Trade_Tariff,usmca,1,1,Pure_Trade_Tariff,"Genuine trade deals, tariffs, deficits, or currency policy"
2020-08-30 01:05:25+00:00,2020-08-29 21:05:25-04:00,"Probably Shifty Schiff, but others also, LEAK information to the Fake News. No matter what or who it is about, including China, these deranged lowlifes like the Russia, Russia, Russia narrative. Plays better for them. @DNI_Ratcliffe doing a great job! https://t.co/44bRm8NFbB",13968,44575,China,china,0,0,Election_Political_Noise,Domestic 2020 election campaign attacks referencing China
2020-09-01 03:43:59+00:00,2020-08-31 23:43:59-04:00,"RT @DNI_Ratcliffe: China's anti-Trump election meddling raises new alarm, as DNI calls country biggest threat | Fox News https://t.co/sjTFF…",7478,0,China,china,0,0,Election_Political_Noise,Domestic 2020 election campaign attacks referencing China
2020-09-03 12:38:03+00:00,2020-09-03 08:38:03-04:00,"Governors Andrew Cuomo of New York has the worst record on death and China Virus. 11,000 people alone died in Nursing Homes because of his incompetence!",42624,175839,China,china,0,0,COVID_Blame_Noise,COVID-19 / Virus blaming without economic policy specifics
2020-09-03 13:35:20+00:00,2020-09-03 09:35:20-04:00,"Sleepy Joe Hiden’ was acknowledged by his own people to have done a terrible job on a much easier situation, H1N1 Swine Flu. The OBiden Administration failed badly on this, &amp; now he sits back in his basement and criticizes every move we make on the China Virus. DOING GREAT JOB! https://t.co/p2H40mD7Sh",17982,64477,China,china,0,0,COVID_Blame_Noise,COVID-19 / Virus blaming without economic policy specifics
2020-09-03 13:46:36+00:00,2020-09-03 09:46:36-04:00,".@NYGovCuomo should get his puppet New York prosecutors, who have been illegally after me and my family for years, to investigate his incompetent handling of the China Virus, and all of the deaths caused by this incompetence. It is at minimum a Nursing Home Scandal - 11,000 DEAD!",32975,114203,China,china,0,0,COVID_Blame_Noise,COVID-19 / Virus blaming without economic policy specifics
2020-09-05 20:16:10+00:00,2020-09-05 16:16:10-04:00,"Nancy Pelosi said she got “set up” by the owner (a very good one) of a beauty parlor. If so, how will she do in negotiations against President Xi of China, President Putin of Russia, or Kim Jong Un of North Korea. Not so well, I suspect, but far better than Joe Hiden’ would do!",39535,183115,China,china,0,0,Diplomatic_General_Noise,General foreign relations / courtesy talks without tariff specifics
2020-09-07 13:26:39+00:00,2020-09-07 09:26:39-04:00,"Starting to get VERY high marks in our handling of the Coronavirus (China Virus), especially when compared to other countries and areas of the world. Now the Vaccines (Plus) are coming, and fast!",22531,117085,China,china,0,0,COVID_Blame_Noise,COVID-19 / Virus blaming without economic policy specifics
2020-09-07 13:53:38+00:00,2020-09-07 09:53:38-04:00,Gordon Chang: China Seems ‘to Be Favoring Joe Biden‘ in Presidential Election https://t.co/LmXVsqOJzP via @BreitbartNews. Of course they want Biden. I have taken $Billions from China and given it to our Farmers and U.S. Treasury. China would own the U.S. if Biden &amp; Hunter got in!,14608,42385,China; Agriculture_Retaliation,"china, farmers",1,0,Agriculture_Farm_Aid,US farm aid packages and agricultural trade purchases
2020-09-07 16:13:22+00:00,2020-09-07 12:13:22-04:00,"RT @realDonaldTrump: Starting to get VERY high marks in our handling of the Coronavirus (China Virus), especially when compared to other co…",22531,0,China,china,0,0,COVID_Blame_Noise,COVID-19 / Virus blaming without economic policy specifics
2020-09-08 13:21:40+00:00,2020-09-08 09:21:40-04:00,"My Campaign spent a lot of money up front in order to compensate for the false reporting and Fake News concerning our handling of the China Virus. Now they see the GREAT job we have done, and we have 3 times more than we had 4 years ago - &amp; are up in polls. Lots of $’s &amp; ENERGY!",18357,80734,China,china,0,0,COVID_Blame_Noise,COVID-19 / Virus blaming without economic policy specifics
2020-09-08 16:24:37+00:00,2020-09-08 12:24:37-04:00,"Because of the China Virus, my Campaign, which has raised a lot of money, was forced to spend in order to counter the Fake News reporting about the way we handled it (China Ban, etc.). We did, and are doing, a GREAT job, and have a lot of money left over, much more than 2016....",20942,96662,China,china,0,0,COVID_Blame_Noise,COVID-19 / Virus blaming without economic policy specifics
2020-09-09 04:58:59+00:00,2020-09-09 00:58:59-04:00,"Donald Trump: If Biden Wins, China Wins. It‘s as Simple as That https://t.co/xGxy87qJma via @BreitbartNews. Would be a disaster for the USA!",16761,63490,China,china,0,0,Election_Political_Noise,Domestic 2020 election campaign attacks referencing China
2020-09-09 05:15:48+00:00,2020-09-09 01:15:48-04:00,"RT @TVNewsHQ: President Trump attacks Biden at tonight’s NC rally: ""If Biden wins, China wins. It's as simple as that,"" and he slams @NC_Go…",4980,0,China,china,0,0,Election_Political_Noise,Domestic 2020 election campaign attacks referencing China
2020-09-11 02:15:09+00:00,2020-09-10 22:15:09-04:00,"I have taken the toughest-ever action to stand up to China’s rampant theft of Michigan jobs. Sleepy Joe Biden has vowed to remove those Tariffs and allow China to resume its pillaging. Joe Biden’s Agenda is Made in China, my agenda is Made in the USA! https://t.co/z8EuVOUYLE",17506,66350,Trade_Tariff; China,"china, tariffs",1,1,Pure_Trade_Tariff,"Genuine trade deals, tariffs, deficits, or currency policy"
2020-09-13 04:49:55+00:00,2020-09-13 00:49:55-04:00,"I am running for re-election to bring prosperity to Nevada, to put violent criminals behind bars, and to ensure the future belongs to AMERICA—NOT China. If we win, AMERICA WINS! If Biden wins, China wins. If Biden Wins, the rioters, anarchists, and arsonists win. VOTE! #MAGA",33665,132681,China,china,0,0,Election_Political_Noise,Domestic 2020 election campaign attacks referencing China
2020-09-16 00:25:59+00:00,2020-09-15 20:25:59-04:00,RT @LouDobbs: Fighting China’s Threat: @mikepillsbury touts @realDonaldTrump’s international accomplishments and his push for an arms contr…,5676,0,China,china,0,0,Diplomatic_General_Noise,General foreign relations / courtesy talks without tariff specifics
2020-09-16 13:14:46+00:00,2020-09-16 09:14:46-04:00,China is drooling. They can’t believe this! https://t.co/AAmBGgHhyR,28576,105794,China,china,0,0,Diplomatic_General_Noise,General foreign relations / courtesy talks without tariff specifics
2020-09-16 14:30:29+00:00,2020-09-16 10:30:29-04:00,"Democrats are “heartless”. They don’t want to give STIMULUS PAYMENTS to people who desperately need the money, and whose fault it was NOT that the plague came in from China. Go for the much higher numbers, Republicans, it all comes back to the USA anyway (one way or another!).",30950,115030,China,china,0,0,COVID_Blame_Noise,COVID-19 / Virus blaming without economic policy specifics
2020-09-18 00:20:34+00:00,2020-09-17 20:20:34-04:00,"But Chris, you don’t see any activity from China, even though it is a FAR greater threat than Russia, Russia, Russia. They will both, plus others, be able to interfere in our 2020 Election with our totally vulnerable Unsolicited (Counterfeit?) Ballot Scam. Check it out! https://t.co/mH3vrHWvS8",16493,46964,China,china,0,0,Election_Political_Noise,Domestic 2020 election campaign attacks referencing China
2020-09-18 03:24:33+00:00,2020-09-17 23:24:33-04:00,"If Biden Wins, CHINA WINS. If Biden Wins, the mob WINS. If Biden Wins, the rioters, anarchists, arsonists, and flag-burners WIN. I am running for re-election to bring jobs and factories back to Wisconsin, to put violent criminals behind bars, and to ensure the future belongs... https://t.co/T6uifBSCKg",18749,68587,China,china,0,0,Election_Political_Noise,Domestic 2020 election campaign attacks referencing China
2020-09-18 03:24:34+00:00,2020-09-17 23:24:34-04:00,"...to America – NOT CHINA. Because if we win, AMERICA WINS. We built the greatest economy in the history of the world, and now we are doing it again! https://t.co/WwzdPhlJcp",8442,33815,China,china,0,0,Diplomatic_General_Noise,General foreign relations / courtesy talks without tariff specifics
2020-09-18 03:43:49+00:00,2020-09-17 23:43:49-04:00,"...China as a “positive development” for America and the world. If it were up to Joe, bin Laden and Soleimani would still be alive, ISIS would be still on the rampage, and China would now be the dominant power in the world – not America.",17518,70463,China,china,0,0,Diplomatic_General_Noise,General foreign relations / courtesy talks without tariff specifics
2020-09-18 13:42:37+00:00,2020-09-18 09:42:37-04:00,Pelosi wants to take 30 Billion Dollars away from our great Farmers. Can’t let that happen!,37576,172162,Agriculture_Retaliation,farmers,1,0,Agriculture_Farm_Aid,US farm aid packages and agricultural trade purchases
2020-09-18 15:26:41+00:00,2020-09-18 11:26:41-04:00,Biden FAILED BADLY with the Swine Flu. It was the Gang That Couldn’t Shoot Straight”.  He didn’t have a clue. We have done an incredible job with the much tougher China Virus!,24304,115660,China,china,0,0,COVID_Blame_Noise,COVID-19 / Virus blaming without economic policy specifics
2020-09-18 20:20:58+00:00,2020-09-18 16:20:58-04:00,"Michelle @FischbachMN7 is running for Congress in Minnesota. Michelle will protect the unborn, is Strong on Crime &amp; Borders, Cutting Taxes, your #2A, Loves our Military, Vets, &amp; will stand w/ our Great Farmers. Michelle has my Complete &amp; Total Endorsement! https://t.co/6FH77P2VEB",6385,22401,Agriculture_Retaliation,farmers,1,0,Agriculture_Farm_Aid,US farm aid packages and agricultural trade purchases
2020-09-18 20:21:59+00:00,2020-09-18 16:21:59-04:00,"Congressman Jim Hagedorn (@JimHagedornMN) is an incredible advocate for Minnesota! He fights for our Farmers, Vets and Small Businesses, and he strongly defends your Second Amendment! Jim has my Complete and Total Endorsement! #MN01 https://t.co/MeuHHh8KFc",6655,24138,Agriculture_Retaliation,farmers,1,0,Agriculture_Farm_Aid,US farm aid packages and agricultural trade purchases
2020-09-18 20:54:55+00:00,2020-09-18 16:54:55-04:00,"Sleepy Joe Biden just said that he wished I closed up one week earlier — but when I banned China from coming in, it took him TWO MONTHS to finally realize that was a good thing...",24119,110217,China,china,0,0,Election_Political_Noise,Domestic 2020 election campaign attacks referencing China
2020-09-18 22:56:18+00:00,2020-09-18 18:56:18-04:00,"Joe Biden says this is a race between Scranton and Park Avenue. This is a race between Scranton and China. Joe Biden betrayed Scranton, and America, to China and foreign countries. I will always put America First!",38737,157908,China,china,0,0,Election_Political_Noise,Domestic 2020 election campaign attacks referencing China
2020-09-18 22:58:15+00:00,2020-09-18 18:58:15-04:00,Joe Biden delivered remarks to union members after spending 47 years giving their jobs to China and foreign countries in exchange for campaign cash...,26568,105412,China,china,0,0,Election_Political_Noise,Domestic 2020 election campaign attacks referencing China
2020-09-18 22:58:17+00:00,2020-09-18 18:58:17-04:00,"...Biden is a corrupt globalist sellout who never missed a chance to stab American workers in the back. If Biden wins, China wins – it’s just that simple!",19915,76890,China,china,0,0,Election_Political_Noise,Domestic 2020 election campaign attacks referencing China
2020-09-18 23:01:34+00:00,2020-09-18 19:01:34-04:00,...Obama killed the pharmaceutical manufacturing business in Puerto Rico. We are bringing it back from China and other faraway lands.,17961,79864,China,china,0,0,Election_Political_Noise,Domestic 2020 election campaign attacks referencing China
2020-09-20 13:43:32+00:00,2020-09-20 09:43:32-04:00,RT @realDonaldTrump: Joe Biden says this is a race between Scranton and Park Avenue. This is a race between Scranton and China. Joe Biden b…,38737,0,China,china,0,0,Election_Political_Noise,Domestic 2020 election campaign attacks referencing China
2020-09-22 12:07:04+00:00,2020-09-22 08:07:04-04:00,"RT @SecPompeo: We welcome the UK, Germany, and France's rejection of China's unlawful maritime claims in the South China Sea at the United…",14133,0,China,china,0,0,Diplomatic_General_Noise,General foreign relations / courtesy talks without tariff specifics
2020-09-23 01:20:26+00:00,2020-09-22 21:20:26-04:00,"I was honored to be back in the Commonwealth of Pennsylvania with thousands of loyal, hardworking American Patriots. This election is a choice between Pennsylvania &amp; China. If Biden wins, China wins. When we win, Pennsylvania Wins, and AMERICA WINS! #MAGA https://t.co/GTSNoUDpHf",14343,59965,China,china,0,0,Election_Political_Noise,Domestic 2020 election campaign attacks referencing China
2020-09-23 20:46:25+00:00,2020-09-23 16:46:25-04:00,"Tracey Mann (@TraceyMannKS) will be an incredible Congressman for the State of Kansas! He is a Champion for Farmers and Ranchers, and he is Strong on the Border, Law &amp; Order and the Second Amendment! Tracey has my Complete and Total Endorsement! #KS01 https://t.co/W4FxWYFApI",6261,22171,Agriculture_Retaliation,farmers,1,0,Agriculture_Farm_Aid,US farm aid packages and agricultural trade purchases
2020-09-23 20:47:24+00:00,2020-09-23 16:47:24-04:00,".@RandyFeenstra will be an outstanding Congressman for the State of Iowa! He will Fight for our Farmers, help us Build the Wall, and Defend your Second Amendment. Randy has my Complete and Total Endorsement! #IA04 https://t.co/5yMqinfqpg",6463,23294,Agriculture_Retaliation,farmers,1,0,Agriculture_Farm_Aid,US farm aid packages and agricultural trade purchases
2020-09-30 18:01:48+00:00,2020-09-30 14:01:48-04:00,"Many more people would have died from the China Virus if Sleepy Joe were your President. He didn’t even want me to close our Country to Infected China until TWO MONTHS  later, when he said I was right. Now he likes to say I didn’t close up “fast enough”. Just another politician!",24812,110495,China,china,0,0,COVID_Blame_Noise,COVID-19 / Virus blaming without economic policy specifics
2020-10-01 02:47:30+00:00,2020-09-30 22:47:30-04:00,"As VP, Biden wiped out the Iron Range – seven plants were idled and more than 2K workers were laid off. After I put Tariffs on foreign steel, the Iron Range came roaring back to life! If Joe gets in, the Radical Left will shut down the Iron Range FOREVER! https://t.co/2Gk2uOjaCW",13212,44676,Trade_Tariff; Steel_Aluminum,"steel, tariffs",1,1,Pure_Trade_Tariff,"Genuine trade deals, tariffs, deficits, or currency policy"
2020-10-05 21:54:05+00:00,2020-10-05 17:54:05-04:00,"....invincible hero, who not only survived every dirty trick the Democrats threw at him, but the Chinese virus as well. He will show America we no longer have to be afraid.” mdevine@nypost.com  Thank you Miranda. Was over until the Plague came in from China. Will win anyway!",13579,59645,China,china,0,0,COVID_Blame_Noise,COVID-19 / Virus blaming without economic policy specifics
2020-10-05 23:56:25+00:00,2020-10-05 19:56:25-04:00,"....invincible hero, who not only survived every dirty trick the Democrats threw at him, but the Chinese virus as well. He will show America we no longer have to be afraid.” @MirandaDevine @NYPost  Thank you Miranda. Was over until the Plague came in from China. Will win anyway!",21660,103965,China,china,0,0,COVID_Blame_Noise,COVID-19 / Virus blaming without economic policy specifics
2020-10-07 12:47:09+00:00,2020-10-07 08:47:09-04:00,RT @stclairashley: The only thing Trump has called a lid on is China virus 🔥,6090,0,China,china,0,0,COVID_Blame_Noise,COVID-19 / Virus blaming without economic policy specifics
2020-10-07 21:47:35+00:00,2020-10-07 17:47:35-04:00,"Just spoke with Prime Minister @BorisJohnson of the United Kingdom. Very thankful for his friendship and support as I recovered from the China Virus. I am looking forward to working with him for many years to come, a great guy!",33846,194194,China,china,0,0,COVID_Blame_Noise,COVID-19 / Virus blaming without economic policy specifics
2020-10-11 00:46:48+00:00,2020-10-10 20:46:48-04:00,"Ashley Hinson (@hinsonashley) will be a tremendous advocate for the People of Iowa! She will fight for our Military, Vets, Small Businesses &amp; our Incredible Farmers—a true supporter of our #MAGA Agenda! Ashley has my Complete and Total Endorsement! #IA01 https://t.co/CDBLsMEknS",9286,32658,Agriculture_Retaliation,farmers,1,0,Agriculture_Farm_Aid,US farm aid packages and agricultural trade purchases
2020-10-11 00:47:01+00:00,2020-10-10 20:47:01-04:00,"We need Tiffany Shedd (@Tiffany_Shedd) in Congress to fight for the people of Arizona! She will be a tremendous ally and advocate for Arizona’s Farmers, the Second Amendment and the Border. Tiffany has my Complete and Total Endorsement! #AZ01 https://t.co/qnpbEdPz8O",11128,38363,Agriculture_Retaliation,farmers,1,0,Agriculture_Farm_Aid,US farm aid packages and agricultural trade purchases
2020-10-12 02:31:33+00:00,2020-10-11 22:31:33-04:00,"Record 96% Approval Rating in the Republican Party. 53% Approval Rating Overall. Record 56% “Better Off Now” than 4 Years Ago (Gallup) during the Obama/Sleepy Joe Biden Administration, even as we round the turn on the China Plague. Thank you. Next year will be the BEST EVER!!!",41640,183317,China,china,0,0,COVID_Blame_Noise,COVID-19 / Virus blaming without economic policy specifics
2020-10-12 11:52:53+00:00,2020-10-12 07:52:53-04:00,"Big spike in the China Plague in Europe and other places that the Fake News used to hold up as examples of places that are doing well, in order to make the U.S look bad. Be strong and vigilant, it will run its course. Vaccines and cures are coming fast!",22865,100234,China,china,0,0,COVID_Blame_Noise,COVID-19 / Virus blaming without economic policy specifics
2020-10-12 19:12:55+00:00,2020-10-12 15:12:55-04:00,"RT @TeamTrump: Vice President @Mike_Pence: Joe Biden has been a cheerleader for China, President @realDonaldTrump put China on notice on da…",5988,0,China,china,0,0,Election_Political_Noise,Domestic 2020 election campaign attacks referencing China
2020-10-12 20:14:19+00:00,2020-10-12 16:14:19-04:00,"Viewership for NBA Finals Finale Crash Nearly 70%, Beaten by Random Sunday Night Football Game https://t.co/RaDVRSE4ww via @BreitbartNews Maybe they were watching in China, but I doubt it. Zero interest!",13487,56928,China,china,0,0,Diplomatic_General_Noise,General foreign relations / courtesy talks without tariff specifics
2020-10-12 22:04:48+00:00,2020-10-12 18:04:48-04:00,Happy National Farmers Day! https://t.co/2Q8dbu5UyO,12172,57012,Agriculture_Retaliation,farmers,1,0,Agriculture_Farm_Aid,US farm aid packages and agricultural trade purchases
2020-10-12 22:22:39+00:00,2020-10-12 18:22:39-04:00,"“I’m running as a proud Democrat, for the Senate”. Sleepy Joe Biden today. It’s only going to get worse. It is not sustainable for our County - China will own us!!!!",32953,142084,China,china,0,0,Election_Political_Noise,Domestic 2020 election campaign attacks referencing China
2020-10-13 10:42:03+00:00,2020-10-13 06:42:03-04:00,"RT @thesamsorbo: Sen Ron Johnson just released his report on Biden’s corruption with China, Ukraine, and Russia. Fox doesn’t report about i…",7730,0,China,china,0,0,Election_Political_Noise,Domestic 2020 election campaign attacks referencing China
2020-10-13 22:40:13+00:00,2020-10-13 18:40:13-04:00,Totally Negative China Virus Reports. Hit it early and hard. Fake News is devastated. They are very bad (and sick!) people!,30048,154228,China,china,0,0,COVID_Blame_Noise,COVID-19 / Virus blaming without economic policy specifics
2020-10-14 01:19:03+00:00,2020-10-13 21:19:03-04:00,"This election is a simple choice: If Biden Wins, China Wins. When WE Win, YOU WIN, Pennsylvania WINS, and America WINS! https://t.co/dgx92ZxsBO",18186,73206,China,china,0,0,Election_Political_Noise,Domestic 2020 election campaign attacks referencing China
2020-10-15 01:56:34+00:00,2020-10-14 21:56:34-04:00,"Joe Biden must immediately release all emails, meetings, phone calls, transcripts, and records related to his involvement in his family’s business dealings and influence peddling around the world—including in CHINA!
https://t.co/H8RSR1tljV",39546,115568,China,china,0,0,Election_Political_Noise,Domestic 2020 election campaign attacks referencing China
2020-10-15 12:06:18+00:00,2020-10-15 08:06:18-04:00,"RT @RudyGiuliani: Biden can’t stand up to China.

They own him.

His son,brother and sister-in-law are,and have been, partners with busines…",22571,0,China,china,0,0,Election_Political_Noise,Domestic 2020 election campaign attacks referencing China
2020-10-15 15:38:22+00:00,2020-10-15 11:38:22-04:00,If Biden wins—China will OWN the United States... https://t.co/lFGOlCf82y,25879,83356,China,china,0,0,Election_Political_Noise,Domestic 2020 election campaign attacks referencing China
2020-10-15 19:20:21+00:00,2020-10-15 15:20:21-04:00,"It was great to be back in North Carolina with thousands of loyal, hardworking American Patriots! This election is a simple choice: If Biden Wins, China Wins. When WE Win, YOU WIN, North Carolina WINS, and America WINS! https://t.co/jWYVYZdT3E",10955,46024,China,china,0,0,Election_Political_Noise,Domestic 2020 election campaign attacks referencing China
2020-10-16 04:23:33+00:00,2020-10-16 00:23:33-04:00,RT @TheCreation: @MZHemingway @davereaboi Biden is like China stealing intellectual property. He steals every one of Trump's strong talking…,6430,0,China,china,0,0,Election_Political_Noise,Domestic 2020 election campaign attacks referencing China
2020-10-18 04:12:07+00:00,2020-10-18 00:12:07-04:00,"RT @DineshDSouza: My new film TRUMP CARD is out October 9. My best one yet! 

On Apple iTunes, Google, Amazon Prime, Dish and other platfor…",13580,0,Target_Company_Tech,apple,1,0,Company_Tech_Target,Direct corporate target or 5G/tech supply chain restriction
2020-10-19 18:08:38+00:00,2020-10-19 14:08:38-04:00,"Dr.Tony Fauci says we don’t allow him to do television, and yet I saw him last night on @60Minutes, and he seems to get more airtime than anybody since the late, great, Bob Hope. All I ask of Tony is that he make better decisions. He said “no masks &amp; let China in”. Also, Bad arm!",32557,129485,China,china,0,0,Diplomatic_General_Noise,General foreign relations / courtesy talks without tariff specifics
2020-10-21 12:06:28+00:00,2020-10-21 08:06:28-04:00,"WSJ Editorial Board: Joe Biden Must Answer Questions About Hunter Biden and China https://t.co/pF2M9i9OSu via @BreitbartNews Joe Biden is a totally corrupt politician, and got caught. At least now he won’t be able to raise your Taxes - Biggest increase in U.S. history!",20849,63486,China,china,0,0,Election_Political_Noise,Domestic 2020 election campaign attacks referencing China
2020-10-21 20:49:18+00:00,2020-10-21 16:49:18-04:00,"Congressman Darin LaHood (@ElectLaHood) is a fighter for Illinois! A strong supporter of our #MAGA agenda, he is helping us Drain the Swamp, Deliver for our Farmers, and Defend your Second Amendment. Darin has my Complete and Total Endorsement! #IL18 https://t.co/IDHISoPgSX",6035,26204,Agriculture_Retaliation,farmers,1,0,Agriculture_Farm_Aid,US farm aid packages and agricultural trade purchases
2020-10-21 20:52:20+00:00,2020-10-21 16:52:20-04:00,"Michelle Fischbach (@FischbachMN7) is running for Congress in Minnesota. She Strongly Supports our Brave Law Enforcement, the Second Amendment, your Families and our incredible Farmers. Michelle has my Complete and Total Endorsement! #MN07 https://t.co/6FH77P2VEB",7781,31592,Agriculture_Retaliation,farmers,1,0,Agriculture_Farm_Aid,US farm aid packages and agricultural trade purchases
2020-10-21 21:31:32+00:00,2020-10-21 17:31:32-04:00,....Should take care of our people. It wasn’t their fault that the Plague came in from China!,18397,104031,China,china,0,0,COVID_Blame_Noise,COVID-19 / Virus blaming without economic policy specifics
2020-10-21 22:31:37+00:00,2020-10-21 18:31:37-04:00,WSJ Editorial Board: Joe Biden Must Answer Questions About Hunter Biden and China https://t.co/pF2M9i9OSu via @BreitbartNews,19324,63340,China,china,0,0,Election_Political_Noise,Domestic 2020 election campaign attacks referencing China
2020-10-24 02:06:09+00:00,2020-10-23 22:06:09-04:00,"Joe Biden is a corrupt politician and he’s COMPROMISED. China is desperate for Biden to win because if Biden Wins, CHINA WINS – and China will OWN AMERICA. This corruption is EXACTLY why I decided to run for President in the first place...",60148,264880,China,china,0,0,Election_Political_Noise,Domestic 2020 election campaign attacks referencing China
2020-10-25 19:18:16+00:00,2020-10-25 15:18:16-04:00,RT @TeamTrump: President @realDonaldTrump: How can Biden make a deal with China when he’s taken money from them for himself? His son walked…,6211,0,China,china,0,0,Election_Political_Noise,Domestic 2020 election campaign attacks referencing China
2020-10-26 11:36:35+00:00,2020-10-26 07:36:35-04:00,"We have made tremendous progress with the China Virus, but the Fake News refuses to talk about it this close to the Election. COVID, COVID, COVID is being used by them, in total coordination, in order to change our great early election numbers.Should be an election law violation!",20439,104989,China,china,0,0,COVID_Blame_Noise,COVID-19 / Virus blaming without economic policy specifics
2020-10-27 00:11:29+00:00,2020-10-26 20:11:29-04:00,"RT @KimStrassel: 1) On this question of Joe Biden being somehow exonerated on the China deal, how so? WSJ news story correctly notes that h…",12648,0,China,china,0,0,Election_Political_Noise,Domestic 2020 election campaign attacks referencing China
2020-10-27 14:57:09+00:00,2020-10-27 10:57:09-04:00,"Death rate of people going into hospitals is MUCH LOWER now than it was. @MSNBC  Wow, MSDNC has come a long way! The fact is that we have learned and done a lot about this Virus. Much different now than when it first arrived on our shores, and the World’s, from China!",13690,67785,China,china,0,0,Diplomatic_General_Noise,General foreign relations / courtesy talks without tariff specifics
2020-10-27 23:33:46+00:00,2020-10-27 19:33:46-04:00,"Joe Biden is a corrupt politician. He wants to send YOUR jobs to China, while his family rakes in millions from the Chinese Communist Party. If Biden wins, China will OWN the USA. When we win, YOU win, Wisconsin wins, and AMERICA wins! #VOTE",45792,206253,China,china,0,0,Election_Political_Noise,Domestic 2020 election campaign attacks referencing China
2020-10-28 14:51:48+00:00,2020-10-28 10:51:48-04:00,"Incredible evening, incredible people. Love Nebraska, and there were plenty of great people from Iowa there also! $28 Billion for Farmers!!! https://t.co/S7tn3krGdz",18046,94557,Agriculture_Retaliation,farmers,1,0,Agriculture_Farm_Aid,US farm aid packages and agricultural trade purchases
2020-10-29 20:05:56+00:00,2020-10-29 16:05:56-04:00,"For half a century, Joe Biden has been outsourcing your jobs, opening your borders, and sacrificing American blood and treasure in endless foreign wars. Joe Biden is a corrupt politician—If Biden Wins, China Wins. When We Win, Florida Wins—and America Wins! https://t.co/UdqQqmxvL7",18153,74695,China,china,0,0,Election_Political_Noise,Domestic 2020 election campaign attacks referencing China
2020-10-30 16:52:57+00:00,2020-10-30 12:52:57-04:00,RT @GOPChairwoman: The media’s silence and lack of reporting about Biden’s pay-for-play scheme with China is ridiculous. https://t.co/cX1ck…,9202,0,China,china,0,0,Election_Political_Noise,Domestic 2020 election campaign attacks referencing China
2020-10-30 19:03:33+00:00,2020-10-30 15:03:33-04:00,...a cheerleader for NAFTA – sending your auto Jobs to Mexico. He voted for China’s entry into the World Trade Organization – gutting your industries to finance China’s rise. HALF of all Michigan auto manufacturing jobs were ELIMINATED after the Biden-Backed NAFTA and China...,9563,44842,Trade_Tariff; China,"china, nafta",1,1,Pure_Trade_Tariff,"Genuine trade deals, tariffs, deficits, or currency policy"
2020-10-30 19:10:02+00:00,2020-10-30 15:10:02-04:00,"Joe Biden is a corrupt politician—the Biden family is looking more &amp; more like a crime family. They took millions of $$ from the Chinese Communists, while Vice President Biden shipped Michigan jobs to China. If Biden wins, China Wins. When we win, Michigan wins, and AMERICA wins! https://t.co/YpnjH8838X",14605,61273,China,china,0,0,Election_Political_Noise,Domestic 2020 election campaign attacks referencing China
2020-10-31 00:29:19+00:00,2020-10-30 20:29:19-04:00,"Joe Biden is a corrupt politician who has done nothing but betray you for 47 long years - selling out to lobbyists, China, big pharma &amp; foreign countries. He will stab you in the back. He only cares about political power &amp; he will use that power to hurt you &amp; enrich his cronies! https://t.co/8B9kZ5sdEJ",21598,87283,China,china,0,0,Election_Political_Noise,Domestic 2020 election campaign attacks referencing China
2020-10-31 15:08:47+00:00,2020-10-31 11:08:47-04:00,".@Victoria_Spartz will be a terrific Congresswoman for Indiana. Working with me, she will Create Jobs, Lower Taxes, Deliver for our Farmers, and Protect and Defend your Second Amendment. Victoria has my Complete and Total Endorsement! #IN05 https://t.co/ka2L9jBKyq",6001,27315,Agriculture_Retaliation,farmers,1,0,Agriculture_Farm_Aid,US farm aid packages and agricultural trade purchases
2020-10-31 20:56:43+00:00,2020-10-31 16:56:43-04:00,"3 days from now, we are going to win Pennsylvania! With your support, we will continue to bring back your jobs, and cut your taxes &amp; regulations. Biden would wipe out your factories, ship your jobs to China, raise your taxes, &amp; eliminate private healthcare!https://t.co/IjvKseSiTI",12758,54151,China,china,0,0,Election_Political_Noise,Domestic 2020 election campaign attacks referencing China
2020-10-31 23:52:33+00:00,2020-10-31 19:52:33-04:00,"Over the next 4 years, we will make America into the Manufacturing Superpower of the World &amp; end our reliance on China. We will end surprise medical billing, require price transparency, lower drug prices even more, and we will always protect patients with pre-existing conditions! https://t.co/rXDakq3lp1",18799,85814,China,china,0,0,Diplomatic_General_Noise,General foreign relations / courtesy talks without tariff specifics
2020-11-01 22:35:31+00:00,2020-11-01 17:35:31-05:00,"Joe Biden is the candidate of rioters, looters, arsonists, gun-grabbers, flag-burners, Marxists, lobbyists, and special interests. I am the candidate of farmers, factory workers, police officers, and hard-working, law-abiding patriots of every race, religion and creed! #MAGA",47213,199132,Agriculture_Retaliation,farmers,1,0,Agriculture_Farm_Aid,US farm aid packages and agricultural trade purchases
2020-11-02 04:15:17+00:00,2020-11-01 23:15:17-05:00,"Joe Biden is a corrupt politician who is bought and paid for by China! In 2016, Georgia voted to FIRE this corrupt political establishment and you elected an outsider as President who is finally putting AMERICA FIRST!
https://t.co/vPCsZmKSOX",9354,45578,China,china,0,0,Election_Political_Noise,Domestic 2020 election campaign attacks referencing China
2020-11-02 16:20:09+00:00,2020-11-02 11:20:09-05:00,"RT @realDonaldTrump: .@RandyFeenstra will be an outstanding Congressman for the State of Iowa! He will Fight for our Farmers, help us Build…",9962,0,Agriculture_Retaliation,farmers,1,0,Agriculture_Farm_Aid,US farm aid packages and agricultural trade purchases
2020-11-02 18:26:56+00:00,2020-11-02 13:26:56-05:00,Biden can never negotiate with China. They would own the U.S. if he were ever President!,26281,163580,China,china,0,0,Election_Political_Noise,Domestic 2020 election campaign attacks referencing China
2020-11-02 19:29:20+00:00,2020-11-02 14:29:20-05:00,"I gave Maine everything that Obama/Biden took away from it. 5000 square miles, Lobster, Fishing, ended tariffs from China and E.U. and much more. Vote Trump Maine!",19218,101768,Trade_Tariff; China,"china, tariffs",1,1,Pure_Trade_Tariff,"Genuine trade deals, tariffs, deficits, or currency policy"
2020-11-02 21:24:02+00:00,2020-11-02 16:24:02-05:00,"Joe Biden is a globalist who spent 47 years outsourcing your jobs, opening your borders, and sacrificing American blood and treasure in endless foreign wars. He shuttered your steel mills, annihilated your coal jobs, and supported every disastrous trade deal for half a century...",24245,109152,Trade_Tariff; Steel_Aluminum,"steel, trade deal",1,1,Pure_Trade_Tariff,"Genuine trade deals, tariffs, deficits, or currency policy"
2020-11-02 21:24:03+00:00,2020-11-02 16:24:03-05:00,...He was a cheerleader for NAFTA and China’s entry into the WTO. Pennsylvania lost half of its manufacturing jobs after those Biden Calamities. Joe Biden is a corrupt politician who SOLD OUT Pennsylvania to CHINA!,10584,51146,Trade_Tariff; China,"china, nafta",1,1,Pure_Trade_Tariff,"Genuine trade deals, tariffs, deficits, or currency policy"
2020-11-03 00:40:16+00:00,2020-11-02 19:40:16-05:00,A vote for Joe Biden is a vote to extinguish and eradicate your state’s auto industry. Biden is a corrupt politician who SOLD OUT Michigan to CHINA. Biden is the living embodiment of the decrepit and depraved political class that got rich bleeding America Dry!,22863,111115,China,china,0,0,Election_Political_Noise,Domestic 2020 election campaign attacks referencing China
2020-11-03 03:37:14+00:00,2020-11-02 22:37:14-05:00,"A vote for me and the Republican Party is a vote for the American Dream! Over the next four years, we will make America into the Manufacturing Superpower of the World, and we will end our reliance on China once and for all. https://t.co/gsFSghkmdM https://t.co/S7PAIqWd0y",18701,97051,China,china,0,0,Diplomatic_General_Noise,General foreign relations / courtesy talks without tariff specifics
2020-11-15 03:11:52+00:00,2020-11-14 22:11:52-05:00,"I look forward to Mayor Giuliani spearheading the legal effort to defend OUR RIGHT to FREE and FAIR ELECTIONS! Rudy Giuliani, Joseph diGenova, Victoria Toensing, Sidney Powell, and Jenna Ellis, a truly great team, added to our other wonderful lawyers and representatives!",67982,331128,Fed_Monetary,powell,1,0,Fed_Monetary_Policy,Federal Reserve interest rates and monetary policy pressure
2020-11-16 13:22:13+00:00,2020-11-16 08:22:13-05:00,"RT @1776Stonewall: Sidney Powell: 'Dominion machines engineered by China, Venezuela, Cuba'",9609,0,China; Fed_Monetary,"china, powell",1,0,Fed_Monetary_Policy,Federal Reserve interest rates and monetary policy pressure
2020-11-16 14:19:29+00:00,2020-11-16 09:19:29-05:00,"Another Vaccine just announced. This time by Moderna, 95% effective. For those great “historians”, please remember that these great discoveries, which will end the China Plague, all took place on my watch!",51556,318583,China,china,0,0,COVID_Blame_Noise,COVID-19 / Virus blaming without economic policy specifics
2020-11-16 16:11:09+00:00,2020-11-16 11:11:09-05:00,European Countries are sadly getting clobbered by the China Virus. The Fake News does not like reporting this!,48303,306845,China,china,0,0,COVID_Blame_Noise,COVID-19 / Virus blaming without economic policy specifics
2020-11-22 04:04:31+00:00,2020-11-21 23:04:31-05:00,"Thanks Mark. It’s all a continuation of the never ending Witch Hunt. Judge Brann, who would not even allow us to present our case or evidence, is an appointment of Senator Pat “No Tariffs” Toomey of Pennsylvania, no friend of mine, &amp; Obama - No wonder. 900,000 Fraudulent Votes! https://t.co/17rk2KsUPs",9458,39385,Trade_Tariff,tariffs,1,1,Pure_Trade_Tariff,"Genuine trade deals, tariffs, deficits, or currency policy"
2020-11-22 04:54:18+00:00,2020-11-21 23:54:18-05:00,"Thanks Mark. It’s all a continuation of the never ending Witch Hunt. Judge Brann, who would not even allow us to present our case or evidence, is a product of Senator Pat “No Tariffs” Toomey of Pennsylvania, no friend of mine, &amp; Obama - No wonder. 900,000 Fraudulent Votes! https://t.co/17rk2KsUPs",30473,144982,Trade_Tariff,tariffs,1,1,Pure_Trade_Tariff,"Genuine trade deals, tariffs, deficits, or currency policy"
2020-11-26 00:09:20+00:00,2020-11-25 19:09:20-05:00,"RT @RaheemKassam: “We need to strike a middle course – one that encourages China’s rise..."" said Biden's pick for National Security Advisor…",9959,0,China,china,0,0,Election_Political_Noise,Domestic 2020 election campaign attacks referencing China
2020-11-26 20:39:45+00:00,2020-11-26 15:39:45-05:00,"RT @DavidJHarrisJr: Sidney Powell and Lin Wood hit Georgia with 104-page lawsuit.
https://t.co/cDsbK1s2MG",17536,0,Fed_Monetary,powell,1,0,Fed_Monetary_Policy,Federal Reserve interest rates and monetary policy pressure
2020-12-01 03:27:39+00:00,2020-11-30 22:27:39-05:00,"RT @thebradfordfile: Even CNN is now admitting China lied about Covid cases and deaths.

Trump was right--again.",20191,0,China,china,0,0,COVID_Blame_Noise,COVID-19 / Virus blaming without economic policy specifics
2020-12-06 20:16:05+00:00,2020-12-06 15:16:05-05:00,".@RudyGiuliani, by far the greatest mayor in the history of NYC, and who has been working tirelessly exposing the most corrupt election (by far!) in the history of the USA, has tested positive for the China Virus. Get better soon Rudy, we will carry on!!!",57053,328966,China,china,0,0,COVID_Blame_Noise,COVID-19 / Virus blaming without economic policy specifics
2020-12-09 14:27:56+00:00,2020-12-09 09:27:56-05:00,Germany has consistently been used by my obnoxious critics as the country that we should follow on the way to handle the China Virus. So much for that argument. I love Germany - Vaccines on the way!!! https://t.co/hEeKIqDMQn,15430,82039,China,china,0,0,COVID_Blame_Noise,COVID-19 / Virus blaming without economic policy specifics
2020-12-10 14:34:21+00:00,2020-12-10 09:34:21-05:00,"RT @NealMowery: @MichaelCoudrey @realDonaldTrump Huawei cell phones cannot be distributed in this US because of imbedded security threats,…",10486,0,Target_Company_Tech,huawei,1,0,Company_Tech_Target,Direct corporate target or 5G/tech supply chain restriction
2020-12-13 15:49:51+00:00,2020-12-13 10:49:51-05:00,THE BIGGEST WINNER OF OUR NEW DEFENSE BILL IS CHINA!. I WILL VETO!,52701,311866,China,china,0,0,Diplomatic_General_Noise,General foreign relations / courtesy talks without tariff specifics
2020-12-17 15:34:20+00:00,2020-12-17 10:34:20-05:00,"I will Veto the Defense Bill, which will make China very unhappy. They love it. Must have Section 230 termination, protect our National Monuments and allow for removal of military from far away, and very unappreciative, lands. Thank you! https://t.co/9rI08S5ofO",45320,191834,China,china,0,0,Diplomatic_General_Noise,General foreign relations / courtesy talks without tariff specifics
2020-12-18 12:43:47+00:00,2020-12-18 07:43:47-05:00,"Europe and other parts of the World being hit hard by the China Virus - Germany, France, Spain and Italy, in particular. The vaccines are on their way!!!",26660,163031,China,china,0,0,COVID_Blame_Noise,COVID-19 / Virus blaming without economic policy specifics
2020-12-18 12:59:58+00:00,2020-12-18 07:59:58-05:00,"RT @realDonaldTrump: I will Veto the Defense Bill, which will make China very unhappy. They love it. Must have Section 230 termination, pro…",45180,0,China,china,0,0,Diplomatic_General_Noise,General foreign relations / courtesy talks without tariff specifics
2020-12-19 16:30:11+00:00,2020-12-19 11:30:11-05:00,"....discussing the possibility that it may be China (it may!). There could also have been a hit on our ridiculous voting machines during the election, which is now obvious that I won big, making it an even more corrupted embarrassment for the USA. @DNI_Ratcliffe @SecPompeo",43970,180086,China,china,0,0,Election_Political_Noise,Domestic 2020 election campaign attacks referencing China
2020-12-19 19:19:18+00:00,2020-12-19 14:19:18-05:00,"The entire WORLD is being badly hurt by the China Virus, but if you listen to the Fake News Lamestream Media, and Big Tech, you would think that we are the only one. No, but we are the Country that developed vaccines, and years ahead of schedule! https://t.co/z1UoJ8lbTm",20622,90004,China,china,0,0,COVID_Blame_Noise,COVID-19 / Virus blaming without economic policy specifics
2020-12-20 05:18:50+00:00,2020-12-20 00:18:50-05:00,"Why isn’t Congress giving our people a Stimulus Bill? It wasn’t their fault, it was the fault of China. GET IT DONE, and give them more money in direct payments.",49138,249400,China,china,0,0,Diplomatic_General_Noise,General foreign relations / courtesy talks without tariff specifics
2020-12-20 16:53:00+00:00,2020-12-20 11:53:00-05:00,RT @KanekoaTheGreat: Can you imagine a president taking on the Federal Reserve System today? That's what Andrew Jackson did in 1832 and it…,8832,0,Fed_Monetary,federal reserve,1,0,Fed_Monetary_Policy,Federal Reserve interest rates and monetary policy pressure
2020-12-24 00:40:30+00:00,2020-12-23 19:40:30-05:00,"RT @Raiklin: America, @VP @Mike_Pence MUST do this, tomorrow! 

To defend our Constitution from our enemies:

Foreign: China, Russia, Iran…",23890,0,China,china,0,0,Diplomatic_General_Noise,General foreign relations / courtesy talks without tariff specifics
2020-12-24 20:30:57+00:00,2020-12-24 15:30:57-05:00,"More than one million Americans have already received the China Virus Vaccine, a record pace!",30151,205301,China,china,0,0,COVID_Blame_Noise,COVID-19 / Virus blaming without economic policy specifics
2020-12-25 19:36:28+00:00,2020-12-25 14:36:28-05:00,"Made many calls and had meetings at Trump International in Palm Beach, Florida. Why would politicians not want to give people $2000, rather than only $600? It wasn’t their fault, it was China. Give our people the money!",56841,301625,China,china,0,0,Diplomatic_General_Noise,General foreign relations / courtesy talks without tariff specifics
2020-12-26 12:19:12+00:00,2020-12-26 07:19:12-05:00,"Our $740 defense bill is a gift to China, Russia &amp; Big Tech. It fails to terminate the internationally dangerous Section 230, won’t allow us to bring our troops back home (where they belong), renames &amp; destroys our forts &amp; National Monuments, &amp; makes 5G almost impossible! https://t.co/txJle9Ezlg",31799,128592,China,china,0,0,Diplomatic_General_Noise,General foreign relations / courtesy talks without tariff specifics
2020-12-26 19:02:58+00:00,2020-12-26 14:02:58-05:00,"The lockdowns in Democrat run states are absolutely ruining the lives of so many people - Far more than the damage that would be caused by the China Virus. Cases in California have risen despite the lockdown, yet Florida &amp; others are open &amp; doing well. Common sense please!",83037,358537,China,china,0,0,COVID_Blame_Noise,COVID-19 / Virus blaming without economic policy specifics
2020-12-27 02:56:18+00:00,2020-12-26 21:56:18-05:00,"$2000 + $2000 plus other family members. Not $600. Remember, it was China’s fault!",69888,400575,China,china,0,0,Diplomatic_General_Noise,General foreign relations / courtesy talks without tariff specifics
2020-12-29 13:46:57+00:00,2020-12-29 08:46:57-05:00,"$2000 for our great people, not $600! They have suffered enough from the China Virus!!!",59983,374411,China,china,0,0,COVID_Blame_Noise,COVID-19 / Virus blaming without economic policy specifics
2020-12-30 04:44:52+00:00,2020-12-29 23:44:52-05:00,"...The consent decree signed by the “Secretary”, with the consent of Kemp, is perhaps even more poorly negotiated than the deal that John Kerry made with Iran. Now it turns out that Brad R’s brother works for China, and they definitely don’t want “Trump”. So disgusting! #MAGA",30219,127151,China,china,0,0,Diplomatic_General_Noise,General foreign relations / courtesy talks without tariff specifics
2021-01-01 20:56:16+00:00,2021-01-01 15:56:16-05:00,"Our Republican Senate just missed the opportunity to get rid of Section 230, which gives unlimited power to Big Tech companies. Pathetic!!! Now they want to give people ravaged by the China Virus $600, rather than the $2000 which they so desperately need. Not fair, or smart!",54251,219128,China,china,0,0,COVID_Blame_Noise,COVID-19 / Virus blaming without economic policy specifics
2021-01-03 13:14:10+00:00,2021-01-03 08:14:10-05:00,"The number of cases and deaths of the China Virus is far exaggerated in the United States because of @CDCgov’s ridiculous method of determination compared to other countries, many of whom report, purposely, very inaccurately and low. “When in doubt, call it Covid.” Fake News!",53172,209950,China,china,0,0,COVID_Blame_Noise,COVID-19 / Virus blaming without economic policy specifics
