Date,SP500_Open,SP500_High,SP500_Low,SP500_Close,SP500_Return,DXY_Open,DXY_High,DXY_Low,DXY_Close,DXY_Return,UUP_Open,UUP_High,UUP_Low,UUP_Close,UUP_Return,VIX_Open,VIX_High,VIX_Low,VIX_Close,VIX_Return,Total_Tweet_Count,Trade_Tweet_Count,Fed_Tweet_Count,Trade_Retweet_Sum,Trade_Favorite_Sum,Fed_Retweet_Sum,Fed_Favorite_Sum,Trade_Tweet_Dummy,Fed_Tweet_Dummy
2017-01-20,2269.959961,2276.959961,2265.010009765625,2271.310059,0.003366237,101.1500015258789,101.5,100.69999694824219,100.73999786376953,-0.004053422,26.12999916,26.170000076293945,26.020000457763672,26.030000686645508,-0.003445641,12.579999923706055,12.59000015258789,11.529999732971191,11.539999961853027,-0.097026588,13,0,0,0,0,0,0,0,0
2017-01-23,2267.780029296875,2271.780029296875,2257.02002,2265.199951171875,-0.002690125,100.72000122070312,100.72000122070312,99.93000030517578,100.16000366210938,-0.005757338,25.950000762939453,25.989999771118164,25.860000610351562,25.889999389648438,-0.005378459,12.300000190734863,12.619999885559082,11.59000015258789,11.770000457763672,0.019930719,8,0,0,0,0,0,0,0,0
2017-01-24,2267.879883,2284.629883,2266.679931640625,2280.070068359375,0.006564594,100.06999969482422,100.43000030517578,99.91999816894531,100.3499984741211,0.001896913,25.889999389648438,25.93000030517578,25.81999969482422,25.899999618530273,0.000386258,11.819999694824219,11.890000343322754,11.039999961853027,11.069999694824219,-0.0594733,4,0,0,0,0,0,0,0,0
2017-01-25,2288.879883,2299.550048828125,2288.879883,2298.370117,0.008026091,100.30999755859375,100.41000366210938,99.83999633789062,100.02999877929688,-0.003188836,25.889999389648438,25.90999984741211,25.809999465942383,25.809999465942383,-0.003474909,10.789999961853027,11.050000190734863,10.510000228881836,10.81000042,-0.023486837,7,0,0,0,0,0,0,0,0
2017-01-26,2298.629883,2300.989990234375,2294.080078,2296.679931640625,-0.000735384,99.91000366210938,100.7300033569336,99.79000091552734,100.37999725341797,0.003498935,25.959999084472656,26.030000686645508,25.93000030517578,25.979999542236328,0.006586597,10.609999656677246,11.010000228881836,10.600000381469727,10.630000114440918,-0.016651276,10,0,0,0,0,0,0,0,0
2017-01-27,2299.02002,2299.02002,2291.620117,2294.689941,-0.000866464,100.47000122070312,100.81999969482422,100.31999969482422,100.52999877929688,0.001494337,25.950000762939453,26.010000228881836,25.93000030517578,25.989999771118164,0.00038492,10.569999694824219,10.819999694824219,10.300000190734863,10.579999923706055,-0.004703687,7,0,0,0,0,0,0,0,0
2017-01-30,2286.010009765625,2286.010009765625,2268.040039,2280.899902,-0.006009544,100.3499984741211,101.0199966430664,100.16999816894531,100.43000030517578,-0.000994713,26.049999237060547,26.059999465942383,25.90999984741211,25.940000534057617,-0.001923788,11.100000381469727,12.899999618530273,11.100000381469727,11.880000114440918,0.12287336484965561,20,0,0,0,0,0,0,0,0
2017-01-31,2274.02002,2279.090087890625,2267.209961,2278.870117,-0.000889905,100.33000183105469,100.51000213623047,99.43000030517578,99.51000213623047,-0.009160591,25.770000457763672,25.780000686645508,25.68000030517578,25.729999542236328,-0.008095643,12.289999961853027,12.989999771118164,11.789999961853027,11.989999771118164,0.00925923,4,0,0,0,0,0,0,0,0
2017-02-01,2285.590087890625,2289.139892578125,2272.439941,2279.550048828125,0.000298363,99.55999755859375,100.04000091552734,99.5,99.63999938964844,0.001306374,25.81999969482422,25.850000381469727,25.709999084472656,25.75,0.000777321,11.789999961853027,12.050000190734863,9.970000267028809,11.81000042,-0.015012457,4,0,0,0,0,0,0,0,0
2017-02-02,2276.689941,2283.969970703125,2271.649902,2280.850098,0.000570309,99.73999786376953,99.84999847,99.23000336,99.84999847,0.002107578,25.690000534057617,25.799999237060547,25.649999618530273,25.790000915527344,0.001553434,12.369999885559082,12.470000267028809,11.619999885559082,11.930000305175781,0.010160870558459933,8,0,0,0,0,0,0,0,0
2017-02-03,2288.540039,2298.310059,2287.879883,2297.419922,0.007264758,99.80000305175781,100.26000213623047,99.55999755859375,99.87000274658203,0.000200343,25.81999969482422,25.81999969482422,25.709999084472656,25.780000686645508,-0.000387756,11.84000015258789,11.84000015258789,10.720000267028809,10.970000267028809,-0.080469406,6,0,0,0,0,0,0,0,0
2017-02-06,2294.280029296875,2296.179931640625,2288.570068359375,2292.560059,-0.002115357,99.62000274658203,100.25,99.62000274658203,99.91000366210938,0.00040053,25.860000610351562,25.889999389648438,25.780000686645508,25.799999237060547,0.000775739,11.369999885559082,11.84000015258789,11.09000015258789,11.369999885559082,0.036463045,21,1,0,21891,132817,0,0,1,0
2017-02-07,2295.870117,2299.399902,2290.159912109375,2293.080078,0.000226829,99.93000030517578,100.72000122070312,99.91000366210938,100.26000213623047,0.003503137,25.959999084472656,26.010000228881836,25.860000610351562,25.93000030517578,0.005038801,11.390000343322754,11.670000076293945,11.06000042,11.289999961853027,-0.007036053,6,0,0,0,0,0,0,0,0
2017-02-08,2289.550048828125,2295.909912109375,2285.379883,2294.669922,0.000693322,100.44000244140625,100.63999938964844,100.05999755859375,100.27999877929688,0.000199448,25.899999618530273,25.920000076293945,25.84000015258789,25.899999618530273,-0.001156988,11.18999958,11.819999694824219,11.149999618530273,11.449999809265137,0.014171820013527237,9,0,0,0,0,0,0,0,0
2017-02-09,2296.699951171875,2311.080078,2296.610107421875,2307.870117,0.005752546,100.2300033569336,100.66999816894531,100.08000183105469,100.6500015258789,0.003689696,25.899999618530273,26.010000228881836,25.889999389648438,26,0.003861019,11.43999958,11.529999732971191,10.739999771118164,10.880000114440918,-0.049781634,9,0,0,0,0,0,0,0,0
2017-02-10,2312.27002,2319.22998,2311.100098,2316.100098,0.00356605,100.66000366210938,101.01000213623047,100.58000183105469,100.80000305175781,0.001490328,26.09000015258789,26.100000381469727,25.989999771118164,26.030000686645508,0.001153873,10.850000381469727,10.949999809265137,10.550000190734863,10.850000381469727,-0.002757328,3,1,0,18944,90061,0,0,1,0
2017-02-13,2321.719970703125,2331.580078,2321.419922,2328.25,0.005245845,100.8499984741211,101.11000061035156,100.58000183105469,100.95999908447266,0.001587262,26.079999923706055,26.12000084,26.06999969482422,26.09000015258789,0.002305012,11.359999656677246,11.399999618530273,11.069999694824219,11.069999694824219,0.020276434,22,0,0,0,0,0,0,0,0
2017-02-14,2326.120117,2337.580078,2322.169922,2337.580078,0.004007335,100.97000122070312,101.37999725341797,100.69999694824219,101.25,0.002872434,26.059999465942383,26.190000534057617,26.059999465942383,26.149999618530273,0.002299711,11.170000076293945,11.34000015258789,10.729999542236328,10.739999771118164,-0.029810292,4,0,0,0,0,0,0,0,0
2017-02-15,2335.580078,2351.300048828125,2334.810059,2349.25,0.004992309,101.20999908447266,101.76000213623047,101,101.18000030517578,-0.000691355,26.239999771118164,26.260000228881836,26.09000015258789,26.100000381469727,-0.001912017,10.84000015258789,12.010000228881836,10.800000190734863,11.970000267028809,0.11452518827964431,11,0,0,0,0,0,0,0,0
2017-02-16,2349.639892578125,2351.310059,2338.870117,2347.219970703125,-0.000864118,101.05000305175781,101.06999969482422,100.41000366210938,100.44000244140625,-0.007313677,26,26.010000228881836,25.93000030517578,25.950000762939453,-0.005747112,12.020000457763672,12.859999656677246,11.68999958,11.760000228881836,-0.017543862,7,0,0,0,0,0,0,0,0
2017-02-17,2343.010009765625,2351.159912109375,2339.580078,2351.159912109375,0.001678557,100.54000091552734,100.95999908447266,100.44999694824219,100.94999694824219,0.005077603,25.959999084472656,26.079999923706055,25.959999084472656,26.079999923706055,0.005009601,11.84000015258789,12.260000228881836,11.369999885559082,11.489999771118164,-0.022959222,7,0,0,0,0,0,0,0,0
2017-02-21,2354.909912109375,2366.709961,2354.909912109375,2365.379883,0.006048066,100.94000244140625,101.5999984741211,100.91000366210938,101.37000274658203,0.004160533,26.209999084472656,26.25,26.170000076293945,26.200000762939453,0.004601259,12.050000190734863,12.09000015258789,11.5,11.569999694824219,0.00696257,13,0,0,0,0,0,0,0,0
2017-02-22,2361.110107421875,2365.129883,2358.340087890625,2362.820068359375,-0.0010822,101.38999938964844,101.72000122070312,101.16999816894531,101.33000183105469,-0.000394603,26.229999542236328,26.270000457763672,26.12999916,26.139999389648438,-0.002290129,11.479999542236328,12.069999694824219,11.43999958,11.739999771118164,0.014693178978214982,3,0,0,0,0,0,0,0,0
2017-02-23,2367.5,2368.260009765625,2355.090087890625,2363.810059,0.000418987,101.37000274658203,101.44000244140625,100.87000274658203,101.05000305175781,-0.002763237,26.110000610351562,26.12999916,26.059999465942383,26.079999923706055,-0.002295312,11.65999984741211,12.460000038146973,11.539999961853027,11.710000038146973,-0.002555344,0,0,0,0,0,0,0,0,0
2017-02-24,2355.72998,2367.340087890625,2352.870117,2367.340087890625,0.001493364,100.95999908447266,101.16999816894531,100.66000366210938,101.08999633789062,0.000395777,26.079999923706055,26.12999916,26.059999465942383,26.12999916,0.001917149,11.81000042,12.59000015258789,11.34000015258789,11.470000267028809,-0.020495284,7,0,0,0,0,0,0,0,0
2017-02-27,2365.22998,2371.540039,2361.870117,2369.75,0.001017983,101.08000183105469,101.2699966430664,100.69000244140625,101.12999725341797,0.000395696,26.06999969482422,26.139999389648438,26.010000228881836,26.12999916,0,11.779999732971191,12.140000343322754,11.529999732971191,12.09000015258789,0.054054042818229675,12,0,0,0,0,0,0,0,0
2017-02-28,2366.080078,2367.790039,2358.959961,2363.639892578125,-0.002578376,101.20999908447266,101.38999938964844,100.77999877929688,101.12000274658203,-9.88E-05,26.079999923706055,26.149999618530273,26.030000686645508,26.110000610351562,-0.000765348,12.18999958,12.960000038146973,12.130000114440918,12.920000076293945,0.068651771,2,0,0,0,0,0,0,0,0
2017-03-01,2380.129883,2400.97998,2380.129883,2395.959961,0.013673854659866258,101.44000244140625,101.97000122070312,101.2300033569336,101.77999877929688,0.006526859,26.31999969482422,26.34000015258789,26.229999542236328,26.290000915527344,0.006893922,12.31000042,12.579999923706055,11.779999732971191,12.539999961853027,-0.029411773,3,0,0,0,0,0,0,0,0
2017-03-02,2394.75,2394.75,2380.169922,2381.919922,-0.005859881,101.91000366210938,102.26000213623047,101.77999877929688,102.19999694824219,0.00412653,26.389999389648438,26.420000076293945,26.350000381469727,26.399999618530273,0.004184051,12.430000305175781,12.710000038146973,11.319999694824219,11.81000042,-0.05821368,1,0,0,0,0,0,0,0,0
2017-03-03,2380.919922,2383.889892578125,2375.389892578125,2383.120117,0.000503877,102.12000274658203,102.16999816894531,101.33999633789062,101.54000091552734,-0.006457887,26.309999465942383,26.360000610351562,26.170000076293945,26.170000076293945,-0.008712104,11.960000038146973,11.970000267028809,10.93999958,10.960000038146973,-0.071972934,11,0,0,0,0,0,0,0,0
2017-03-06,2375.22998,2378.800048828125,2367.97998,2375.310059,-0.003277241,101.44000244140625,101.75,101.22000122070312,101.63999938964844,0.000984819,26.200000762939453,26.280000686645508,26.200000762939453,26.260000228881836,0.003439058,11.59000015258789,11.720000267028809,11.06000042,11.239999771118164,0.025547421,13,0,0,0,0,0,0,0,0
2017-03-07,2370.739990234375,2375.120117,2365.510009765625,2368.389892578125,-0.002913374,101.68000030517578,101.91000366210938,101.52999877929688,101.80999755859375,0.001672552,26.309999465942383,26.31999969482422,26.260000228881836,26.290000915527344,0.001142448,11.270000457763672,11.579999923706055,11.039999961853027,11.449999809265137,0.018683278,11,0,0,0,0,0,0,0,0
2017-03-08,2369.810059,2373.090087890625,2361.010009765625,2362.97998,-0.002284215,101.79000091552734,102.19000244140625,101.70999908447266,102.06999969482422,0.002553798,26.34000015258789,26.389999389648438,26.329999923706055,26.37999916,0.003423288,11.489999771118164,11.859999656677246,11.09000015258789,11.859999656677246,0.035807848,4,0,0,0,0,0,0,0,0
2017-03-09,2363.489990234375,2369.080078,2354.540039,2364.870117,0.000799895,102.11000061035156,102.25,101.69999694824219,101.8499984741211,-0.002155396,26.309999465942383,26.360000610351562,26.290000915527344,26.329999923706055,-0.001895346,11.75,12.430000305175781,11.619999885559082,12.300000190734863,0.03709954,4,0,0,0,0,0,0,0,0
2017-03-10,2372.52002,2376.860107421875,2363.040039,2372.600098,0.00326867,102,102,101.16999816894531,101.25,-0.005891001,26.260000228881836,26.280000686645508,26.12000084,26.149999618530273,-0.00683632,11.970000267028809,12.09000015258789,11.460000038146973,11.65999984741211,-0.052032547,5,0,0,0,0,0,0,0,0
2017-03-13,2371.560059,2374.419922,2368.52002,2373.469970703125,0.000366633,101.27999877929688,101.38999938964844,101.01000213623047,101.37999725341797,0.001283923,26.15999984741211,26.190000534057617,26.12999916,26.190000534057617,0.001529672,12.15999984741211,12.229999542236328,11.289999961853027,11.350000381469727,-0.026586575,5,0,0,0,0,0,0,0,0
2017-03-14,2368.550048828125,2368.550048828125,2358.179931640625,2365.449951171875,-0.003379027,101.41000366210938,101.79000091552734,101.33999633789062,101.69999694824219,0.003156438,26.25,26.280000686645508,26.200000762939453,26.280000686645508,0.003436432,11.390000343322754,12.539999961853027,11.279999732971191,12.300000190734863,0.083700421,4,0,0,0,0,0,0,0,0
2017-03-15,2370.340087890625,2390.010009765625,2368.939941,2385.260009765625,0.008374753,101.72000122070312,101.72000122070312,100.48999786376953,100.73999786376953,-0.009439519,26.25,26.25,25.969999313354492,25.969999313354492,-0.011796095,12.119999885559082,12.25,10.600000381469727,11.630000114440918,-0.05447155,5,0,0,0,0,0,0,0,0
2017-03-16,2387.709961,2388.100098,2377.179931640625,2381.379883,-0.00162671,100.55999755859375,100.75,100.2300033569336,100.2699966430664,-0.004665488,25.920000076293945,25.969999313354492,25.87999916,25.87999916,-0.003465543,11.289999961853027,11.550000190734863,11.15999984741211,11.210000038146973,-0.036113506,5,0,0,0,0,0,0,0,0
2017-03-17,2383.709961,2385.709961,2377.639892578125,2378.25,-0.001314315,100.25,100.47000122070312,100.13999938964844,100.30000305175781,0.000299256,25.90999984741211,25.920000076293945,25.860000610351562,25.889999389648438,0.000386408,11.380000114440918,11.380000114440918,10.779999732971191,11.279999732971191,0.006244397,13,1,0,16820,74741,0,0,1,0
2017-03-20,2378.239990234375,2379.550048828125,2369.659912109375,2373.469970703125,-0.002009894,100.33999633789062,100.44999694824219,100.0199966430664,100.41000366210938,0.001096716,25.87000084,25.93000030517578,25.860000610351562,25.899999618530273,0.000386258,11.710000038146973,11.720000267028809,11.029999732971191,11.34000015258789,0.005319186,9,0,0,0,0,0,0,0,0
2017-03-21,2379.320068359375,2381.929931640625,2341.899902,2344.02002,-0.012407973,100.37999725341797,100.37999725341797,99.66000366210938,99.80999755859375,-0.005975561,25.770000457763672,25.770000457763672,25.719999313354492,25.739999771118164,-0.0061776,11.149999618530273,12.850000381469727,10.920000076293945,12.470000267028809,0.099647275,5,0,0,0,0,0,0,0,0
2017-03-22,2343,2351.810059,2336.449951171875,2348.449951171875,0.001889886,99.69000244140625,99.93000030517578,99.55000305175781,99.68000030517578,-0.001302447,25.729999542236328,25.760000228881836,25.700000762939453,25.719999313354492,-0.000777019,12.949999809265137,13.15999984741211,11.989999771118164,12.81000042,0.027265449,1,0,0,0,0,0,0,0,0
2017-03-23,2345.969970703125,2358.919922,2342.129883,2345.959961,-0.00106027,99.73999786376953,99.87000274658203,99.62999725341797,99.76000213623047,0.000802587,25.729999542236328,25.770000457763672,25.719999313354492,25.75,0.001166434,12.649999618530273,13.170000076293945,12.180000305175781,13.119999885559082,0.024199801388582465,6,0,0,0,0,0,0,0,0
2017-03-24,2350.419922,2356.219970703125,2335.739990234375,2343.97998,-0.000843996,99.76999664,100,99.52999877929688,99.62999725341797,-0.001303176,25.739999771118164,25.760000228881836,25.690000534057617,25.739999771118164,-0.000388358,12.859999656677246,14.15999984741211,12.270000457763672,12.960000038146973,-0.01219511,5,0,0,0,0,0,0,0,0
2017-03-27,2329.110107421875,2344.899902,2322.25,2341.590087890625,-0.001019587,99.43000030517578,99.43000030517578,98.86000061035156,99.16999816894531,-0.004617074,25.530000686645508,25.610000610351562,25.520000457763672,25.600000381469727,-0.005438982,14.779999732971191,15.109999656677246,12.479999542236328,12.5,-0.03549383,6,0,0,0,0,0,0,0,0
2017-03-28,2339.790039,2363.780029296875,2337.629883,2358.570068359375,0.007251474,99.22000122070312,99.79000091552734,99.12000274658203,99.70999908447266,0.005445204,25.600000381469727,25.760000228881836,25.579999923706055,25.739999771118164,0.005468726,12.43999958,12.670000076293945,11.34000015258789,11.529999732971191,-0.077600021,7,0,0,0,0,0,0,0,0
2017-03-29,2356.540039,2363.360107421875,2352.939941,2361.129883,0.001085325,99.70999908447266,100.12999725341797,99.66999816894531,100,0.002908444,25.84000015258789,25.850000381469727,25.790000915527344,25.790000915527344,0.001942546,11.539999961853027,11.699999809265137,11.029999732971191,11.420000076293945,-0.0095403,5,0,0,0,0,0,0,0,0
2017-03-30,2361.310059,2370.419922,2358.580078,2368.060059,0.00293511,99.95999908447266,100.58999633789062,99.93000030517578,100.41000366210938,0.004100037,25.829999923706055,25.959999084472656,25.809999465942383,25.959999084472656,0.006591631,11.369999885559082,11.640000343322754,11.119999885559082,11.539999961853027,0.010507870819386644,6,0,0,0,0,0,0,0,0
2017-03-31,2364.820068359375,2370.350098,2362.600098,2362.719970703125,-0.002255047,100.48999786376953,100.6500015258789,100.25,100.3499984741211,-0.000597602,25.920000076293945,25.969999313354492,25.889999389648438,25.950000762939453,-0.000385143,11.609999656677246,12.539999961853027,11.5,12.369999885559082,0.071923737,12,1,0,9688,48486,0,0,1,0
2017-04-03,2362.340087890625,2365.870117,2344.72998,2358.840087890625,-0.001642126,100.5,100.69000244140625,100.37000274658203,100.54000091552734,0.001893398,25.969999313354492,26,25.940000534057617,25.950000762939453,0,12.59000015258789,13.59000015258789,12.270000457763672,12.380000114440918,0.000808426,20,0,0,0,0,0,0,0,0
2017-04-04,2354.760009765625,2360.530029296875,2350.719970703125,2360.159912109375,0.000559523,100.5,100.7300033569336,100.41999816894531,100.54000091552734,0,25.989999771118164,26.010000228881836,25.959999084472656,25.979999542236328,0.001156022,12.710000038146973,13.069999694824219,11.699999809265137,11.789999961853027,-0.047657524,3,0,0,0,0,0,0,0,0
2017-04-05,2366.590087890625,2378.360107421875,2350.52002,2352.949951171875,-0.003054861,100.52999877929688,100.8499984741211,100.41000366210938,100.55999755859375,0.000198892,25.989999771118164,26.110000610351562,25.940000534057617,25.969999313354492,-0.00038492,11.890000343322754,12.890000343322754,10.899999618530273,12.890000343322754,0.093299439,1,0,0,0,0,0,0,0,0
2017-04-06,2353.790039,2364.159912109375,2348.899902,2357.489990234375,0.001929509,100.5199966430664,100.7699966430664,100.37999725341797,100.66999816894531,0.00109388,25.979999542236328,26.030000686645508,25.969999313354492,26.030000686645508,0.002310411,13.109999656677246,13.220000267028809,11.699999809265137,12.390000343322754,-0.038789758,3,0,0,0,0,0,0,0,0
2017-04-07,2356.590087890625,2363.760009765625,2350.739990234375,2355.540039,-0.00082713,100.73999786376953,101.26000213623047,100.5199966430664,101.18000030517578,0.005066079,26.06999969482422,26.15999984741211,26.040000915527344,26.149999618530273,0.004610024,13.170000076293945,13.430000305175781,12.229999542236328,12.869999885559082,0.038740882077134886,0,0,0,0,0,0,0,0,0
2017-04-10,2357.159912109375,2366.370117,2351.5,2357.159912109375,0.000687686,101.12999725341797,101.33999633789062,100.94000244140625,101.0199966430664,-0.001581376,26.12000084,26.12999916,26.079999923706055,26.100000381469727,-0.001912017,13.239999771118164,14.109999656677246,12.93999958,14.050000190734863,0.091686116,9,2,0,21055,57064,0,0,1,0
2017-04-11,2353.919922,2355.219970703125,2337.25,2353.780029296875,-0.001433879,100.95999908447266,101.08000183105469,100.58000183105469,100.70999908447266,-0.003068675,26.049999237060547,26.049999237060547,25.989999771118164,26.020000457763672,-0.003065131,14.319999694824219,15.880000114440918,14.170000076293945,15.069999694824219,0.072597828,6,2,0,58305,183034,0,0,1,0
2017-04-12,2352.149902,2352.719970703125,2341.179931640625,2344.929931640625,-0.003759951,100.73999786376953,100.81999969482422,100.08999633789062,100.77999877929688,0.000695062,26.020000457763672,26.059999465942383,25.87000084,25.889999389648438,-0.004996198,15.15999984741211,16.15999984741211,14.84000015258789,15.770000457763672,0.046449952,4,1,0,15529,78032,0,0,1,0
2017-04-13,2341.97998,2348.260009765625,2328.949951171875,2328.949951171875,-0.006814694,100.16000366210938,100.5999984741211,100.01000213623047,100.55999755859375,-0.002182985,25.90999984741211,25.989999771118164,25.90999984741211,25.979999542236328,0.003476252,15.890000343322754,16.219999313354492,14.970000267028809,15.960000038146973,0.012048165812814648,7,1,0,22643,95637,0,0,1,0
2017-04-17,2332.620117,2349.139892578125,2332.510009765625,2349.010009765625,0.008613349,100.47000122070312,100.47000122070312,100,100.30000305175781,-0.002585467,25.889999389648438,25.93000030517578,25.829999923706055,25.90999984741211,-0.002694369,16.190000534057617,16.280000686645508,14.600000381469727,14.65999984741211,-0.081453646,14,1,0,12002,61022,0,0,1,0
2017-04-18,2342.530029296875,2348.350098,2334.540039,2342.189941,-0.00290338,100.3499984741211,100.4000015258789,99.47000122070312,99.5,-0.007976102,25.780000686645508,25.81999969482422,25.690000534057617,25.690000534057617,-0.008490904,14.5,15.5,14.289999961853027,14.420000076293945,-0.016371062,7,0,0,0,0,0,0,0,0
2017-04-19,2346.790039,2352.629883,2335.050048828125,2338.169922,-0.001716351,99.51000213623047,99.88999938964844,99.51000213623047,99.73999786376953,0.002412039,25.760000228881836,25.799999237060547,25.75,25.780000686645508,0.003503315,14,15.149999618530273,13.460000038146973,14.930000305175781,0.035367561,5,0,0,0,0,0,0,0,0
2017-04-20,2342.689941,2361.370117,2340.909912109375,2355.840087890625,0.007557263,99.77999877929688,99.84999847,99.37000274658203,99.77999877929688,0.000401052,25.709999084472656,25.790000915527344,25.68000030517578,25.790000915527344,0.000387906,14.59000015258789,14.81000042,13.829999923706055,14.149999618530273,-0.052243849,4,0,0,0,0,0,0,0,0
2017-04-21,2354.739990234375,2356.179931640625,2344.510009765625,2348.689941,-0.003035073,99.83999633789062,100.02999877929688,99.65000153,99.98000336,0.002004456,25.799999237060547,25.84000015258789,25.790000915527344,25.809999465942383,0.000775438,13.850000381469727,15.329999923706055,13.850000381469727,14.630000114440918,0.033922297,5,1,0,11538,55537,0,0,1,0
2017-04-24,2370.330078,2376.97998,2369.189941,2374.149902,0.010840069,98.79000091552734,99.33000183105469,98.79000091552734,99.08999633789062,-0.00890185,25.56999969482422,25.62000084,25.56999969482422,25.56999969482422,-0.009298713,11.56000042,12.010000228881836,10.819999694824219,10.84000015258789,-0.259056728,24,0,1,0,0,3944,0,0,1
2017-04-25,2381.510009765625,2392.47998,2381.149902,2388.610107421875,0.006090687,99.05000305175781,99.22000122070312,98.69999694824219,98.81999969482422,-0.002724762,25.59000015258789,25.59000015258789,25.479999542236328,25.5,-0.002737571,10.81000042,11.149999618530273,10.220000267028809,10.760000228881836,-0.007380067,5,0,0,0,0,0,0,0,0
2017-04-26,2388.97998,2398.159912109375,2386.780029296875,2387.449951171875,-0.000485703,98.84999847,99.33000183105469,98.73000336,98.95999908447266,0.001416711,25.600000381469727,25.649999618530273,25.540000915527344,25.559999465942383,0.00235292,10.609999656677246,10.890000343322754,10.390000343322754,10.850000381469727,0.008364326,7,0,0,0,0,0,0,0,0
2017-04-27,2389.699951171875,2392.100098,2382.679931640625,2388.77002,0.00055292,98.94999694824219,99.33000183105469,98.80999755859375,99.08000183105469,0.001212639,25.610000610351562,25.65999984741211,25.579999923706055,25.600000381469727,0.001564981,10.720000267028809,11.079999923706055,10.329999923706055,10.359999656677246,-0.045161356,13,0,0,0,0,0,0,0,0
2017-04-28,2393.679931640625,2393.679931640625,2382.360107421875,2384.199951171875,-0.001913147,99.16999816894531,99.25,98.72000122070312,99.05000305175781,-0.000302773,25.559999465942383,25.600000381469727,25.540000915527344,25.56999969482422,-0.001171902,10.390000343322754,11.15999984741211,10.289999961853027,10.819999694824219,0.04440155,4,0,0,0,0,0,0,0,0
2017-05-01,2388.5,2394.489990234375,2384.830078,2388.330078,0.001732291,98.93000030517578,99.20999908447266,98.88999938964844,99.13999938964844,0.000908595,25.559999465942383,25.600000381469727,25.530000686645508,25.59000015258789,0.000782185,10.920000076293945,11.039999961853027,9.899999618530273,10.109999656677246,-0.065619229,13,1,0,18484,71298,0,0,1,0
2017-05-02,2391.050048828125,2392.929931640625,2385.820068359375,2391.169922,0.00118905,99.06999969482422,99.22000122070312,98.91999816894531,98.98000336,-0.001613839,25.59000015258789,25.62000084,25.549999237060547,25.549999237060547,-0.001563146,10.149999618530273,10.59000015258789,10.039999961853027,10.59000015258789,0.047477795,4,0,0,0,0,0,0,0,0
2017-05-03,2386.5,2389.820068359375,2379.75,2388.129883,-0.001271361,98.93000030517578,99.38999938964844,98.88999938964844,99.20999908447266,0.002323659,25.579999923706055,25.65999984741211,25.549999237060547,25.649999618530273,0.003913909,10.56000042,11.149999618530273,10.399999618530273,10.680000305175781,0.008498598,4,0,0,0,0,0,0,0,0
2017-05-04,2389.790039,2391.429931640625,2380.350098,2389.52002,0.000582103,99.34999847,99.45999908447266,98.70999908447266,98.76000213623047,-0.004535802,25.610000610351562,25.610000610351562,25.489999771118164,25.489999771118164,-0.006237811,10.710000038146973,11.239999771118164,10.270000457763672,10.460000038146973,-0.020599275,11,0,0,0,0,0,0,0,0
2017-05-05,2392.370117,2399.290039,2389.379883,2399.290039,0.004088695,98.76999664,98.98000336,98.54000091552734,98.65000153,-0.001113817,25.510000228881836,25.520000457763672,25.440000534057617,25.450000762939453,-0.001569204,10.510000228881836,10.979999542236328,9.989999771118164,10.569999694824219,0.010516219529262294,7,0,0,0,0,0,0,0,0
2017-05-08,2399.939941,2401.360107421875,2393.919922,2399.379883,3.744597299082386e-05,98.5,99.18000030517578,98.5,99.15000153,0.005068424,25.549999237060547,25.610000610351562,25.549999237060547,25.59000015258789,0.005500958,10.529999732971191,10.550000190734863,9.670000076293945,9.770000457763672,-0.075685834,16,0,0,0,0,0,0,0,0
2017-05-09,2401.580078,2403.870117,2392.439941,2396.919922,-0.001025249,99.13999938964844,99.69000244140625,99.08000183105469,99.58999633789062,0.004437668,25.700000762939453,25.75,25.670000076293945,25.719999313354492,0.005080077,9.869999885559082,10.140000343322754,9.56000042,9.960000038146973,0.019447243754458388,5,0,0,0,0,0,0,0,0
2017-05-10,2396.790039,2399.739990234375,2392.790039,2399.629883,0.001130601,99.47000122070312,99.72000122070312,99.37000274658203,99.66999816894531,0.000803312,25.700000762939453,25.760000228881836,25.700000762939453,25.729999542236328,0.000388811,9.75,10.239999771118164,9.619999885559082,10.210000038146973,0.025100401510290693,12,0,0,0,0,0,0,0,0
2017-05-11,2394.840087890625,2395.719970703125,2381.739990234375,2394.439941,-0.002162809,99.66000366210938,99.88999938964844,99.48999786376953,99.62000274658203,-0.00050161,25.760000228881836,25.760000228881836,25.709999084472656,25.739999771118164,0.00038866,10.34000015258789,11.229999542236328,10.319999694824219,10.600000381469727,0.038197879,4,0,0,0,0,0,0,0,0
2017-05-12,2392.439941,2392.439941,2387.189941,2390.899902,-0.001478441,99.62999725341797,99.69999694824219,99.16000366210938,99.25,-0.003714141,25.649999618530273,25.649999618530273,25.610000610351562,25.610000610351562,-0.005050472,10.720000267028809,10.869999885559082,10.279999732971191,10.399999618530273,-0.018867996,9,1,0,24593,104661,0,0,1,0
2017-05-15,2393.97998,2404.050048828125,2393.939941,2402.320068359375,0.004776514,99.16000366210938,99.26000213623047,98.79000091552734,98.91000366210938,-0.003425656,25.520000457763672,25.56999969482422,25.520000457763672,25.540000915527344,-0.002733295,10.539999961853027,10.880000114440918,10.25,10.420000076293945,0.001923121,8,0,0,0,0,0,0,0,0
2017-05-16,2404.550048828125,2405.77002,2396.050048828125,2400.669922,-0.000686897,98.87000274658203,98.88999938964844,98.08000183105469,98.11000061035156,-0.008088192,25.389999389648438,25.40999984741211,25.329999923706055,25.350000381469727,-0.007439332,10.460000038146973,10.670000076293945,10.180000305175781,10.649999618530273,0.022072892567399194,6,0,0,0,0,0,0,0,0
2017-05-17,2382.949951171875,2384.870117,2356.209961,2357.030029296875,-0.018178214,98.08999633789062,98.12999725341797,97.41999816894531,97.41999816894531,-0.007032947,25.280000686645508,25.290000915527344,25.18000030517578,25.18000030517578,-0.006706117,11.890000343322754,15.59000015258789,11.529999732971191,15.59000015258789,0.4638498320189939,0,0,0,0,0,0,0,0,0
2017-05-18,2354.689941,2375.739990234375,2352.719970703125,2365.719970703125,0.003686818,97.43000030517578,98.06999969482422,97.37000274658203,97.87999725341797,0.004721814,25.209999084472656,25.329999923706055,25.190000534057617,25.270000457763672,0.003574271,14.06000042,16.299999237060547,14.029999732971191,14.65999984741211,-0.059653643,4,0,0,0,0,0,0,0,0
2017-05-19,2371.370117,2389.060059,2370.429931640625,2381.72998,0.0067675,97.84999847,97.84999847,97.08000183105469,97.15000153,-0.007458069,25.12000084,25.139999389648438,25.06999969482422,25.09000015258789,-0.007123083,14.229999542236328,14.229999542236328,11.720000267028809,12.039999961853027,-0.178717593,3,0,0,0,0,0,0,0,0
2017-05-22,2387.209961,2395.459961,2386.919922,2394.02002,0.005160131,97.16000366210938,97.44000244140625,96.80000305175781,96.98000336,-0.001749852,25.040000915527344,25.059999465942383,25,25.049999237060547,-0.001594297,12.289999961853027,12.520000457763672,10.890000343322754,10.930000305175781,-0.092192663,7,0,0,0,0,0,0,0,0
2017-05-23,2397.040039,2400.850098,2393.879883,2398.419922,0.001837872,96.94999694824219,97.41999816894531,96.80000305175781,97.34999847,0.003815169,25.030000686645508,25.170000076293945,25.020000457763672,25.15999984741211,0.004391242,11,11,10.56000042,10.720000267028809,-0.019213178,5,0,0,0,0,0,0,0,0
2017-05-24,2401.409912109375,2405.580078,2397.989990234375,2404.389892578125,0.002489127,97.33999633789062,97.47000122070312,97.02999877929688,97.23999786376953,-0.00112995,25.15999984741211,25.18000030517578,25.079999923706055,25.079999923706055,-0.003179647,10.609999656677246,10.899999618530273,9.880000114440918,10.020000457763672,-0.065298488,1,0,0,0,0,0,0,0,0
2017-05-25,2409.540039,2418.709961,2408.010009765625,2415.070068359375,0.004441948,97.08000183105469,97.27999877929688,96.87999725341797,97.25,0.00010286,25.09000015258789,25.12999916,25.079999923706055,25.110000610351562,0.0011962,9.819999694824219,10.289999961853027,9.720000267028809,9.989999771118164,-0.00299408,3,0,0,0,0,0,0,0,0
2017-05-26,2414.5,2416.679931640625,2412.199951171875,2415.820068359375,0.00031055,97.23000336,97.55000305175781,97.04000091552734,97.40000153,0.001542432,25.18000030517578,25.200000762939453,25.149999618530273,25.170000076293945,0.002389465,9.930000305175781,10.479999542236328,9.649999618530273,9.81000042,-0.018017954,4,0,0,0,0,0,0,0,0
2017-05-30,2411.669922,2415.260009765625,2409.429931640625,2412.909912109375,-0.001204625,97.63999938964844,97.77999877929688,97.22000122070312,97.27999877929688,-0.001232061,25.15999984741211,25.18000030517578,25.12000084,25.139999389648438,-0.001191922,10.609999656677246,10.84000015258789,10.140000343322754,10.380000114440918,0.058103942,32,1,0,9966,55012,0,0,1,0
2017-05-31,2415.629883,2415.989990234375,2403.590087890625,2411.800048828125,-0.000459969,97.43000030517578,97.5,96.86000061035156,96.91999816894531,-0.003700664,25.100000381469727,25.100000381469727,25.020000457763672,25.079999923706055,-0.002386614,10.100000381469727,11.300000190734863,9.930000305175781,10.40999984741211,0.002890148,7,0,0,0,0,0,0,0,0
2017-06-01,2415.649902,2430.060059,2413.540039,2430.060059,0.007571113,96.98999786376953,97.31999969482422,96.90000153,97.19999694824219,0.002888968,25.12999916,25.139999389648438,25.09000015258789,25.110000610351562,0.0011962,10.420000076293945,10.539999961853027,9.68999958,9.890000343322754,-0.049951922,6,0,0,0,0,0,0,0,0
2017-06-02,2431.280029296875,2440.22998,2427.709961,2439.070068359375,0.003707731,97.19000244140625,97.30999755859375,96.65000153,96.72000122070312,-0.004938228,25.020000457763672,25.030000686645508,24.969999313354492,24.989999771118164,-0.004779006,10.079999923706055,10.300000190734863,9.579999923706055,9.75,-0.014155747,11,0,0,0,0,0,0,0,0
2017-06-05,2437.830078,2439.550048828125,2434.320068359375,2436.100098,-0.001217665,96.68000030517578,96.97000122070312,96.68000030517578,96.80000305175781,0.000827149,25.020000457763672,25.040000915527344,25,25.010000228881836,0.000800338,10.079999923706055,10.279999732971191,9.600000381469727,10.069999694824219,0.032820482,13,0,0,0,0,0,0,0,0
2017-06-06,2431.919922,2436.209961,2428.120117,2429.330078,-0.00277904,96.79000091552734,96.80000305175781,96.51999664,96.63999938964844,-0.00165293,24.959999084472656,24.989999771118164,24.940000534057617,24.950000762939453,-0.002399019,10.18999958,10.770000457763672,9.859999656677246,10.449999809265137,0.037735862,12,0,0,0,0,0,0,0,0
2017-06-07,2432.030029296875,2435.280029296875,2424.75,2433.139892578125,0.001568257,96.54000091552734,96.98000336,96.51000213623047,96.75,0.001138251,25.010000228881836,25.049999237060547,24.940000534057617,24.979999542236328,0.001202356,10.479999542236328,10.930000305175781,10.119999885559082,10.390000343322754,-0.005741576,5,0,0,0,0,0,0,0,0
2017-06-08,2434.27002,2439.27002,2427.939941,2433.790039,0.000267205,96.69999694824219,97.16000366210938,96.58999633789062,96.91999816894531,0.001757087,25.049999237060547,25.110000610351562,25.049999237060547,25.06999969482422,0.003602888,10.270000457763672,10.529999732971191,9.729999542236328,10.15999984741211,-0.022136717,0,0,0,0,0,0,0,0,0
2017-06-09,2436.389892578125,2446.199951171875,2415.699951171875,2431.77002,-0.000829989,97.19000244140625,97.5,97.15000153,97.26999664,0.00361121,25.200000762939453,25.200000762939453,25.12999916,25.149999618530273,0.003191062,9.930000305175781,12.109999656677246,9.369999885559082,10.699999809265137,0.053149603342816265,6,0,0,0,0,0,0,0,0
2017-06-12,2425.879883,2430.379883,2419.969970703125,2429.389892578125,-0.000978763,97.26999664,97.31999969482422,97.04000091552734,97.13999938964844,-0.001336458,25.12000084,25.15999984741211,25.100000381469727,25.110000610351562,-0.001590418,11.18999958,12.369999885559082,11.18999958,11.460000038146973,0.07102806,14,0,0,0,0,0,0,0,0
2017-06-13,2434.149902,2441.489990234375,2431.280029296875,2440.350098,0.004511505,97.16999816894531,97.27999877929688,96.94999694824219,96.98000336,-0.001647066,25.09000015258789,25.100000381469727,25.059999465942383,25.079999923706055,-0.00119477,11.119999885559082,11.140000343322754,10.260000228881836,10.420000076293945,-0.090750433,9,0,0,0,0,0,0,0,0
2017-06-14,2443.75,2443.75,2428.340087890625,2437.919922,-0.000995831,97,97.12999725341797,96.31999969482422,96.94000244140625,-0.000412466,24.950000762939453,25.110000610351562,24.90999984741211,25.059999465942383,-0.000797466,10.329999923706055,11.260000228881836,10.010000228881836,10.640000343322754,0.021113269,6,0,0,0,0,0,0,0,0
2017-06-15,2424.139892578125,2433.949951171875,2418.530029296875,2432.459961,-0.002239598,96.93000030517578,97.55999755859375,96.83999633789062,97.43000030517578,0.005054651,25.18000030517578,25.229999542236328,25.18000030517578,25.209999084472656,0.005985619,11.06000042,12.010000228881836,10.739999771118164,10.899999618530273,0.024436021317488565,5,0,0,0,0,0,0,0,0
2017-06-16,2431.239990234375,2433.149902,2422.879883,2433.149902,0.000283639,97.48000336,97.55999755859375,97.09999847,97.16000366210938,-0.002771186,25.170000076293945,25.18000030517578,25.100000381469727,25.12000084,-0.003569942,10.630000114440918,11.350000381469727,10.260000228881836,10.380000114440918,-0.047706378,7,0,0,0,0,0,0,0,0
2017-06-19,2442.550048828125,2453.820068359375,2441.790039,2453.459961,0.008347229,97.11000061035156,97.58000183105469,97.05000305175781,97.52999877929688,0.003808101,25.15999984741211,25.229999542236328,25.149999618530273,25.229999542236328,0.004378929,10.569999694824219,10.600000381469727,10.010000228881836,10.369999885559082,-0.000963413,16,0,0,0,0,0,0,0,0
2017-06-20,2450.659912109375,2450.659912109375,2436.600098,2437.030029296875,-0.006696637,97.54000091552734,97.87000274658203,97.43000030517578,97.75,0.002255729,25.229999542236328,25.290000915527344,25.229999542236328,25.270000457763672,0.001585451,10.279999732971191,11.149999618530273,10.239999771118164,10.859999656677246,0.047251666,15,1,0,14295,68572,0,0,1,0
2017-06-21,2439.310059,2442.22998,2430.739990234375,2435.610107421875,-0.000582644,97.73000336,97.80000305175781,97.51999664,97.55999755859375,-0.001943759,25.260000228881836,25.270000457763672,25.200000762939453,25.219999313354492,-0.001978676,11.029999732971191,11.399999618530273,10.399999618530273,10.75,-0.010128882,7,0,0,0,0,0,0,0,0
2017-06-22,2437.399902,2441.620117,2433.27002,2434.5,-0.000455782,97.54000091552734,97.65000153,97.43000030517578,97.54000091552734,-0.000204968,25.219999313354492,25.25,25.200000762939453,25.229999542236328,0.00039652,10.81000042,11.010000228881836,10.239999771118164,10.479999542236328,-0.025116322,10,0,0,0,0,0,0,0,0
2017-06-23,2434.649902,2441.399902,2431.110107421875,2438.300048828125,0.001560916,97.55999755859375,97.58000183105469,97.18000030517578,97.30000305175781,-0.002460507,25.18000030517578,25.18000030517578,25.12000084,25.149999618530273,-0.003170825,10.25,10.68999958,9.850000381469727,10.020000457763672,-0.043893044,11,0,0,0,0,0,0,0,0
2017-06-26,2443.320068359375,2450.419922,2437.030029296875,2439.070068359375,0.000315802,97.30000305175781,97.47000122070312,97.11000061035156,97.43000030517578,0.001336046,25.12000084,25.200000762939453,25.110000610351562,25.190000534057617,0.001590494,10.130000114440918,10.43999958,9.680000305175781,9.899999618530273,-0.011976131,18,0,0,0,0,0,0,0,0
2017-06-27,2436.340087890625,2440.149902,2419.379883,2419.379883,-0.008072825,97.43000030517578,97.44999694824219,96.33999633789062,96.47000122070312,-0.009853219,25.020000457763672,25.040000915527344,24.90999984741211,24.90999984741211,-0.011115549,10.039999961853027,11.31000042,9.800000190734863,11.06000042,0.1171718026044366,12,0,0,0,0,0,0,0,0
2017-06-28,2428.699951171875,2442.969970703125,2428.02002,2440.689941,0.008808066,96.43000030517578,96.62000274658203,95.97000122070312,96.05000305175781,-0.004353666,24.920000076293945,24.920000076293945,24.809999465942383,24.829999923706055,-0.003211559,11.170000076293945,11.489999771118164,9.760000228881836,10.029999732971191,-0.093128449,6,0,0,0,0,0,0,0,0
2017-06-29,2442.379883,2442.72998,2405.699951171875,2419.699951171875,-0.008600023,96.04000091552734,96.05000305175781,95.52999877929688,95.62999725341797,-0.004372783,24.809999465942383,24.809999465942383,24.709999084472656,24.709999084472656,-0.004832897,9.789999961853027,15.15999984741211,9.729999542236328,11.43999958,0.1405782537338538,12,0,0,0,0,0,0,0,0
2017-06-30,2429.199951171875,2432.709961,2421.649902,2423.409912109375,0.001533232,95.54000091552734,95.83000183105469,95.47000122070312,95.66000366210938,0.000313776,24.760000228881836,24.790000915527344,24.729999542236328,24.75,0.001618815,11.739999771118164,11.850000381469727,10.399999618530273,11.180000305175781,-0.02272721,11,0,0,0,0,0,0,0,0
2017-07-03,2431.389892578125,2439.169922,2428.689941,2429.010009765625,0.002310834,95.62000274658203,96.23999786376953,95.62000274658203,96.19999694824219,0.005644922,24.87000084,24.899999618530273,24.850000381469727,24.899999618530273,0.006060591,11.069999694824219,11.449999809265137,10.279999732971191,11.220000267028809,0.003577814,24,0,0,0,0,0,0,0,0
2017-07-05,2430.780029296875,2434.899902,2422.050048828125,2432.540039,0.001453279,96.19000244140625,96.51000213623047,96.06999969482422,96.29000091552734,0.000935592,24.959999084472656,24.959999084472656,24.899999618530273,24.90999984741211,0.000401616,11.199999809265137,12.029999732971191,10.789999961853027,11.069999694824219,-0.013369035,13,2,0,42887,180223,0,0,1,0
2017-07-06,2423.439941,2424.280029296875,2407.699951171875,2409.75,-0.009368824,96.19000244140625,96.33999633789062,95.79000091552734,95.81999969482422,-0.004881101,24.829999923706055,24.850000381469727,24.790000915527344,24.799999237060547,-0.004415922,11.199999809265137,13.050000190734863,11.180000305175781,12.539999961853027,0.13279135569589107,4,0,0,0,0,0,0,0,0
2017-07-07,2413.52002,2426.919922,2413.52002,2425.179931640625,0.006403125,95.80999755859375,96.15000153,95.75,96.01000213623047,0.00198291,24.850000381469727,24.889999389648438,24.829999923706055,24.84000015258789,0.00161294,12.479999542236328,12.569999694824219,10.979999542236328,11.18999958,-0.107655533,6,0,0,0,0,0,0,0,0
2017-07-10,2424.510009765625,2432,2422.27002,2427.429931640625,0.000927766,96.04000091552734,96.19999694824219,95.94999694824219,96.05000305175781,0.000416633,24.87000084,24.87999916,24.84000015258789,24.850000381469727,0.000402586,11.260000228881836,11.729999542236328,10.609999656677246,11.109999656677246,-0.007149234,28,1,0,14408,82384,0,0,1,0
2017-07-11,2427.350098,2429.300048828125,2412.790039,2425.530029296875,-0.000782681,96.06999969482422,96.20999908447266,95.65000153,95.73999786376953,-0.00322754,24.87000084,24.87999916,24.75,24.760000228881836,-0.003621736,10.789999961853027,12.140000343322754,10.680000305175781,10.890000343322754,-0.019801919,7,0,0,0,0,0,0,0,0
2017-07-12,2435.75,2445.760009765625,2435.75,2443.25,0.007305608,95.77999877929688,95.98000336,95.51000213623047,95.79000091552734,0.00052228,24.790000915527344,24.829999923706055,24.75,24.760000228881836,0,10.850000381469727,10.850000381469727,10.079999923706055,10.300000190734863,-0.054178157,9,0,0,0,0,0,0,0,0
2017-07-13,2444.989990234375,2449.320068359375,2441.689941,2447.830078,0.001874584,95.77999877929688,95.91999816894531,95.45999908447266,95.73000336,-0.000626345,24.770000457763672,24.81999969482422,24.760000228881836,24.770000457763672,0.000403886,10.069999694824219,10.399999618530273,9.899999618530273,9.899999618530273,-0.038835006,9,0,0,0,0,0,0,0,0
2017-07-14,2449.159912109375,2463.540039,2446.689941,2459.27002,0.004673503,95.80000305175781,95.83000183105469,95.08999633789062,95.11000061035156,-0.006476577,24.670000076293945,24.68000030517578,24.610000610351562,24.62000084,-0.006055697,10.09000015258789,10.140000343322754,9.5,9.510000228881836,-0.039393879,9,0,0,0,0,0,0,0,0
2017-07-17,2459.5,2462.820068359375,2457.159912109375,2459.139892578125,-5.29E-05,95.09999847,95.34999847,95.01999664,95.12999725341797,0.000210248,24.62000084,24.639999389648438,24.59000015258789,24.62000084,0,9.770000457763672,10.029999732971191,9.710000038146973,9.819999694824219,0.032597209,21,0,0,0,0,0,0,0,0
2017-07-18,2455.879883,2460.919922,2450.340087890625,2460.610107421875,0.000597857,95.16000366210938,95.19000244140625,94.48000336,94.66000366210938,-0.00494054,24.479999542236328,24.510000228881836,24.450000762939453,24.489999771118164,-0.005280303,9.859999656677246,10.350000381469727,9.659999847,9.890000343322754,0.007128376,5,0,0,0,0,0,0,0,0
2017-07-19,2463.850098,2473.830078,2463.850098,2473.830078,0.005372639,94.69000244140625,94.88999938964844,94.63999938964844,94.80000305175781,0.001478971,24.5,24.549999237060547,24.5,24.549999237060547,0.002449958,9.68999958,9.93999958,9.579999923706055,9.789999961853027,-0.010111262,5,0,0,0,0,0,0,0,0
2017-07-20,2475.560059,2477.620117,2468.429931640625,2473.449951171875,-0.000153659,94.76999664,95.16999816894531,94.08999633789062,94.26999664,-0.005590785,24.510000228881836,24.520000457763672,24.350000381469727,24.399999618530273,-0.006109964,9.659999847,10.279999732971191,9.5,9.579999923706055,-0.021450464,2,0,0,0,0,0,0,0,0
2017-07-21,2467.399902,2472.540039,2465.060059,2472.540039,-0.000367872,94.29000091552734,94.36000061035156,93.84999847,93.94000244140625,-0.003500522,24.37000084,24.37999916,24.299999237060547,24.31999969482422,-0.003278685,9.520000457763672,9.979999542236328,9.300000190734863,9.359999656677246,-0.022964537,7,0,0,0,0,0,0,0,0
2017-07-24,2472.040039,2473.100098,2466.320068359375,2469.909912109375,-0.001063735,93.94999694824219,94.12000274658203,93.81999969482422,93.98000336,0.000425813,24.329999923706055,24.37000084,24.31999969482422,24.329999923706055,0.000411194,9.93999958,9.970000267028809,9.260000228881836,9.430000305175781,0.007478702,27,0,0,0,0,0,0,0,0
2017-07-25,2477.879883,2481.239990234375,2474.909912109375,2477.129883,0.002923172,94.02999877929688,94.12000274658203,93.63999938964844,94.05000305175781,0.000744836,24.299999237060547,24.37000084,24.260000228881836,24.37000084,0.001644098,9.399999618530273,9.520000457763672,9.039999961853027,9.430000305175781,0,20,0,0,0,0,0,0,0,0
2017-07-26,2479.969970703125,2481.689941,2474.939941,2477.830078,0.000282664,94.08999633789062,94.29000091552734,93.40000153,93.66999816894531,-0.004040456,24.37999916,24.40999984741211,24.18000030517578,24.229999542236328,-0.005744821,9.25,9.659999847,8.840000153,9.600000381469727,0.018027579087207313,12,0,0,0,0,0,0,0,0
2017-07-27,2482.760009765625,2484.040039,2459.929931640625,2475.419922,-0.000972688,93.45999908447266,94.09999847,93.15000153,93.86000061035156,0.002028424,24.280000686645508,24.37999916,24.260000228881836,24.31999969482422,0.00371441,9.329999923706055,11.5,9.159999847,10.109999656677246,0.053124922,9,0,0,0,0,0,0,0,0
2017-07-28,2469.120117,2473.530029296875,2464.659912109375,2472.100098,-0.001341116,93.87000274658203,93.94999694824219,93.26000213623047,93.26000213623047,-0.006392483,24.239999771118164,24.25,24.15999984741211,24.170000076293945,-0.006167748,10.619999885559082,11.300000190734863,10.260000228881836,10.289999961853027,0.017804185,8,0,0,0,0,0,0,0,0
2017-07-31,2475.939941,2477.959961,2468.530029296875,2470.300048828125,-0.000728146,93.36000061035156,93.54000091552734,92.77999877929688,92.86000061035156,-0.004289101,24.209999084472656,24.219999313354492,24.040000915527344,24.06999969482422,-0.004137376,10.529999732971191,10.84000015258789,10.229999542236328,10.260000228881836,-0.002915426,21,2,0,39974,165909,0,0,1,0
2017-08-01,2477.100098,2478.510009765625,2471.139892578125,2476.350098,0.002449115,92.88999938964844,93.12000274658203,92.77999877929688,93.02999877929688,0.001830693,24.079999923706055,24.12999916,24.040000915527344,24.110000610351562,0.001661858,10.18999958,10.56000042,9.949999809265137,10.09000015258789,-0.016569208,4,0,0,0,0,0,0,0,0
2017-08-02,2480.379883,2480.379883,2466.47998,2477.570068359375,0.000492649,93.05999755859375,93.16000366210938,92.55000305175781,92.83000183105469,-0.002149811,24.100000381469727,24.110000610351562,23.979999542236328,24.079999923706055,-0.001244325,10.079999923706055,10.81000042,9.800000190734863,10.279999732971191,0.018830483,4,0,0,0,0,0,0,0,0
2017-08-03,2476.030029296875,2476.030029296875,2468.850098,2472.159912109375,-0.002183654,92.90000153,93.04000091552734,92.68000030517578,92.80999755859375,-0.000215494,24.100000381469727,24.110000610351562,24.020000457763672,24.020000457763672,-0.002491672,10.470000267028809,10.600000381469727,9.899999618530273,10.43999958,0.015564187895738879,9,0,0,0,0,0,0,0,0
2017-08-04,2476.879883,2480,2472.080078,2476.830078,0.001889104,92.75,93.76999664,92.69999694824219,93.54000091552734,0.007865568,24.12000084,24.299999237060547,24.110000610351562,24.229999542236328,0.008742676,10.479999542236328,10.5,9.680000305175781,10.029999732971191,-0.039272018,14,0,0,0,0,0,0,0,0
2017-08-07,2477.139892578125,2480.949951171875,2475.879883,2480.909912109375,0.0016472,93.5,93.54000091552734,93.30000305175781,93.43000030517578,-0.001175974,24.270000457763672,24.270000457763672,24.209999084472656,24.219999313354492,-0.000412721,10.18999958,10.319999694824219,9.760000228881836,9.930000305175781,-0.009970033,27,1,0,20469,92600,0,0,1,0
2017-08-08,2478.350098,2490.870117,2470.320068359375,2474.919922,-0.002414433,93.44999694824219,93.87999725341797,93.23999786376953,93.63999938964844,0.002247662,24.190000534057617,24.329999923706055,24.170000076293945,24.260000228881836,0.001651566,10.039999961853027,11.520000457763672,9.520000457763672,10.960000038146973,0.10372605249914524,11,0,0,0,0,0,0,0,0
2017-08-09,2465.350098,2474.409912109375,2462.080078,2474.02002,-0.000363609,93.55999755859375,93.88999938964844,93.48999786376953,93.51999664,-0.001281533,24.299999237060547,24.329999923706055,24.229999542236328,24.239999771118164,-0.000824421,11.489999771118164,12.630000114440918,11.109999656677246,11.109999656677246,0.013686096533594094,10,0,0,0,0,0,0,0,0
2017-08-10,2465.379883,2465.379883,2437.75,2438.209961,-0.014474442,93.5,93.80999755859375,93.31999969482422,93.40000153,-0.001283096,24.260000228881836,24.280000686645508,24.190000534057617,24.200000762939453,-0.001650124,11.569999694824219,16.170000076293945,11.56000042,16.040000915527344,0.4437445014579371,8,0,0,0,0,0,0,0,0
2017-08-11,2441.040039,2448.090087890625,2437.850098,2441.320068359375,0.00127557,93.43000030517578,93.51000213623047,92.93000030517578,93.06999969482422,-0.00353321,24.15999984741211,24.209999084472656,24.09000015258789,24.110000610351562,-0.003719014,16.170000076293945,17.280000686645508,14.5,15.510000228881836,-0.033042435,8,0,0,0,0,0,0,0,0
2017-08-14,2454.959961,2468.219970703125,2454.959961,2465.840087890625,0.010043754544535322,93.08999633789062,93.5,93.05000305175781,93.45999908447266,0.004190388,24.200000762939453,24.229999542236328,24.18000030517578,24.209999084472656,0.004147593,14.050000190734863,14.050000190734863,12.06000042,12.329999923706055,-0.20502903,20,0,0,0,0,0,0,0,0
2017-08-15,2468.659912109375,2468.899902,2461.610107421875,2464.610107421875,-0.000498808,93.47000122070312,94.13999938964844,93.44000244140625,93.84999847,0.004172902,24.360000610351562,24.37999916,24.299999237060547,24.31999969482422,0.004543602,11.779999732971191,12.369999885559082,11.449999809265137,12.039999961853027,-0.023519867,14,0,0,0,0,0,0,0,0
2017-08-16,2468.629883,2474.929931640625,2463.860107421875,2468.110107421875,0.001420103,93.83999633789062,94.15000153,93.48000336,93.48999786376953,-0.003835915,24.389999389648438,24.389999389648438,24.219999313354492,24.239999771118164,-0.003289471,11.59000015258789,12.539999961853027,11.25,11.739999771118164,-0.024916959,14,0,0,0,0,0,0,0,0
2017-08-17,2462.949951171875,2465.02002,2430.010009765625,2430.010009765625,-0.015436952,93.44000244140625,94.08000183105469,93.30999755859375,93.62000274658203,0.001390575,24.31999969482422,24.31999969482422,24.25,24.290000915527344,0.002062754,11.81000042,15.770000457763672,11.539999961853027,15.550000190734863,0.3245315582534989,13,0,0,0,0,0,0,0,0
2017-08-18,2427.639892578125,2440.27002,2420.689941,2425.550048828125,-0.001835367,93.68000030517578,93.76000213623047,93.33000183105469,93.43000030517578,-0.002029507,24.209999084472656,24.270000457763672,24.200000762939453,24.209999084472656,-0.003293612,15.380000114440918,16.040000915527344,13.319999694824219,14.260000228881836,-0.082958196,7,0,0,0,0,0,0,0,0
2017-08-21,2425.5,2430.580078,2417.350098,2428.370117,0.001162651,93.43000030517578,93.58000183105469,93,93.09999847,-0.003532076,24.18000030517578,24.190000534057617,24.110000610351562,24.139999389648438,-0.002891355,14.59000015258789,14.739999771118164,13.069999694824219,13.18999958,-0.075035107,15,0,0,0,0,0,0,0,0
2017-08-22,2433.75,2454.77002,2433.669922,2452.510009765625,0.00994078,93.13999938964844,93.58000183105469,93.05999755859375,93.55000305175781,0.004833562,24.209999084472656,24.260000228881836,24.209999084472656,24.239999771118164,0.004142518,12.600000381469727,12.93999958,11.350000381469727,11.350000381469727,-0.139499565,6,0,0,0,0,0,0,0,0
2017-08-23,2444.879883,2448.909912109375,2441.419922,2444.040039,-0.003453593,93.51000213623047,93.62999725341797,93.12999725341797,93.15000153,-0.004275805,24.200000762939453,24.209999084472656,24.139999389648438,24.139999389648438,-0.004125428,11.510000228881836,12.59000015258789,11.390000343322754,12.25,0.079295118,11,0,0,0,0,0,0,0,0
2017-08-24,2447.909912109375,2450.389892578125,2436.189941,2438.969970703125,-0.002074462,93.16000366210938,93.37999725341797,93.13999938964844,93.27999877929688,0.001395569,24.18000030517578,24.200000762939453,24.15999984741211,24.190000534057617,0.002071298,12.06000042,12.829999923706055,11.550000190734863,12.229999542236328,-0.00163269,16,0,0,0,0,0,0,0,0
2017-08-25,2444.719970703125,2453.959961,2442.219970703125,2443.050048828125,0.001672869,93.26999664,93.44000244140625,92.41999816894531,92.73999786376953,-0.005789032,24.15999984741211,24.209999084472656,23.969999313354492,23.989999771118164,-0.008267911,12.199999809265137,12.449999809265137,11.100000381469727,11.279999732971191,-0.077677829,11,0,0,0,0,0,0,0,0
2017-08-28,2447.350098,2449.120117,2439.030029296875,2444.239990234375,0.000487072,92.36000061035156,92.55000305175781,92.18000030517578,92.20999908447266,-0.005714889,23.979999542236328,23.979999542236328,23.899999618530273,23.920000076293945,-0.00291787,12.09000015258789,12.109999656677246,11.229999542236328,11.319999694824219,0.003546096,30,0,0,0,0,0,0,0,0
2017-08-29,2431.939941,2449.189941,2428.199951171875,2446.300048828125,0.000842822,92.22000122070312,92.48000336,91.62000274658203,92.34999847,0.001518267,23.809999465942383,23.950000762939453,23.809999465942383,23.950000762939453,0.001254209,13.329999923706055,14.34000015258789,11.479999542236328,11.699999809265137,0.033568915608245486,6,0,0,0,0,0,0,0,0
2017-08-30,2446.060059,2460.310059,2443.77002,2457.590087890625,0.004615149,92.30000305175781,92.94999694824219,92.25,92.87999725341797,0.005739023,24.030000686645508,24.110000610351562,24.010000228881836,24.100000381469727,0.006263032,11.399999618530273,11.979999542236328,10.960000038146973,11.220000267028809,-0.041025603,5,0,0,0,0,0,0,0,0
2017-08-31,2462.649902,2475.010009765625,2462.649902,2471.649902,0.005720976,92.84999847,93.34999847,92.58000183105469,92.66999816894531,-0.002260972,24.139999389648438,24.149999618530273,24.030000686645508,24.030000686645508,-0.002904552,11.069999694824219,11.220000267028809,10.34000015258789,10.59000015258789,-0.056149741,4,0,0,0,0,0,0,0,0
2017-09-01,2474.419922,2480.379883,2473.850098,2476.550048828125,0.001982541,92.61000061035156,92.93000030517578,92.09999847,92.80999755859375,0.00151073,24.020000457763672,24.110000610351562,24,24.079999923706055,0.002080701,10.329999923706055,10.460000038146973,10.020000457763672,10.130000114440918,-0.043437208,7,0,0,0,0,0,0,0,0
2017-09-05,2470.350098,2471.969970703125,2446.550048828125,2457.850098,-0.007550807,92.59999847,92.73000336,92.18000030517578,92.30999755859375,-0.005387351,24.010000228881836,24.010000228881836,23.920000076293945,23.950000762939453,-0.005398636,11.75,14.06000042,11.40999984741211,12.229999542236328,0.20730497572272832,24,1,0,19033,77751,0,0,1,0
2017-09-06,2463.830078,2469.639892578125,2459.199951171875,2465.540039,0.003128727,92.23999786376953,92.37999725341797,91.98999786376953,92.29000091552734,-0.000216625,23.940000534057617,23.959999084472656,23.87000084,23.93000030517578,-0.000835092,12.270000457763672,12.59000015258789,11.350000381469727,11.630000114440918,-0.049059644,8,0,0,0,0,0,0,0,0
2017-09-07,2468.060059,2468.620117,2460.290039,2465.100098,-0.000178436,92.19999694824219,92.25,91.41000366210938,91.52999877929688,-0.008234935,23.770000457763672,23.829999923706055,23.729999542236328,23.760000228881836,-0.007104057,11.930000305175781,12.069999694824219,11.319999694824219,11.550000190734863,-0.006878755,12,0,0,0,0,0,0,0,0
2017-09-08,2462.25,2467.110107421875,2459.399902,2461.429931640625,-0.001488851,91.48999786376953,91.51000213623047,91.01000213623047,91.33000183105469,-0.002185043,23.670000076293945,23.729999542236328,23.65999984741211,23.700000762939453,-0.00252523,11.869999885559082,12.600000381469727,11.84000015258789,12.119999885559082,0.049350622,9,0,0,0,0,0,0,0,0
2017-09-11,2474.52002,2488.949951171875,2474.52002,2488.110107421875,0.010839299,91.86000061035156,91.98999786376953,91.41999816894531,91.86000061035156,0.005803118,23.809999465942383,23.87000084,23.780000686645508,23.860000610351562,0.006751048,11.380000114440918,11.390000343322754,10.510000228881836,10.729999542236328,-0.114686498,16,0,1,0,0,4987,0,0,1
2017-09-12,2491.939941,2496.77002,2490.370117,2496.47998,0.003363948,91.86000061035156,92.08000183105469,91.76999664,91.91000366210938,0.00054434,23.87000084,23.889999389648438,23.81999969482422,23.850000381469727,-0.000419121,10.65999984741211,10.949999809265137,10.289999961853027,10.579999923706055,-0.013979462,4,0,0,0,0,0,0,0,0
2017-09-13,2493.889892578125,2498.370117,2492.139892578125,2498.370117,0.000757121,91.87999725341797,92.52999877929688,91.70999908447266,92.51999664,0.006636851,23.87000084,24.020000457763672,23.87000084,23.989999771118164,0.005869995,10.720000267028809,10.859999656677246,10.329999923706055,10.5,-0.00756143,4,0,0,0,0,0,0,0,0
2017-09-14,2494.560059,2498.429931640625,2491.350098,2495.620117,-0.001100718,92.34999847,92.66000366210938,92.02999877929688,92.12000274658203,-0.004323324,23.989999771118164,23.989999771118164,23.899999618530273,23.920000076293945,-0.00291787,10.569999694824219,11.039999961853027,10.279999732971191,10.43999958,-0.005714326,12,1,0,14046,64356,0,0,1,0
2017-09-15,2495.669922,2500.22998,2493.159912109375,2500.22998,0.001847181,92,92.16999816894531,91.58000183105469,91.87000274658203,-0.002713851,23.84000015258789,23.87000084,23.780000686645508,23.84000015258789,-0.003344478,10.510000228881836,10.739999771118164,10,10.170000076293945,-0.025862023,12,0,0,0,0,0,0,0,0
2017-09-18,2502.510009765625,2508.320068359375,2499.919922,2503.870117,0.001455921,91.93000030517578,92.20999908447266,91.80000305175781,92.05000305175781,0.001959294,23.87000084,23.940000534057617,23.829999923706055,23.899999618530273,0.002516756,10.180000305175781,10.420000076293945,9.880000114440918,10.149999618530273,-0.001966613,25,0,0,0,0,0,0,0,0
2017-09-19,2506.290039,2507.840087890625,2503.189941,2506.649902,0.001110195,91.98000336,92.05000305175781,91.75,91.79000091552734,-0.002824575,23.84000015258789,23.899999618530273,23.809999465942383,23.829999923706055,-0.002928858,10.15999984741211,10.300000190734863,9.850000381469727,10.180000305175781,0.002955733,8,0,0,0,0,0,0,0,0
2017-09-20,2506.840087890625,2508.850098,2496.669922,2508.239990234375,0.000634348,91.83000183105469,92.69999694824219,91.52999877929688,92.51000213623047,0.007844005,23.81999969482422,24.06999969482422,23.739999771118164,24.020000457763672,0.007973166,10.039999961853027,10.670000076293945,9.670000076293945,9.779999732971191,-0.039292786,25,0,0,0,0,0,0,0,0
2017-09-21,2507.159912109375,2507.159912109375,2499,2500.600098,-0.003045918,92.47000122070312,92.66000366210938,92.09999847,92.26000213623047,-0.00270241,24,24,23.90999984741211,23.950000762939453,-0.002914225,9.739999771118164,10.210000038146973,9.539999961853027,9.670000076293945,-0.011247409,10,0,0,0,0,0,0,0,0
2017-09-22,2497.260009765625,2503.469970703125,2496.540039,2502.219970703125,0.000647794,92.18000030517578,92.22000122070312,91.77999877929688,92.16999816894531,-0.000975547,23.899999618530273,23.940000534057617,23.860000610351562,23.93000030517578,-0.000835092,9.899999618530273,10.199999809265137,9.5,9.590000153,-0.008273001,12,0,0,0,0,0,0,0,0
2017-09-25,2499.389892578125,2502.540039,2488.030029296875,2496.659912109375,-0.00222205,92.31999969482422,92.72000122070312,92.20999908447266,92.65000153,0.005207805,24.020000457763672,24.079999923706055,24,24.06999969482422,0.005850371,10.079999923706055,11.210000038146973,9.789999961853027,10.210000038146973,0.064650665,31,0,0,0,0,0,0,0,0
2017-09-26,2501.040039,2503.510009765625,2495.120117,2496.840087890625,7.216672978804795e-05,92.59999847,93.29000091552734,92.55000305175781,92.97000122070312,0.003453855,24.15999984741211,24.229999542236328,24.12000084,24.149999618530273,0.003323636,10.420000076293945,10.680000305175781,9.93999958,10.170000076293945,-0.003917724,18,0,0,0,0,0,0,0,0
2017-09-27,2503.300048828125,2511.75,2495.909912109375,2507.040039,0.004085144,93.04000091552734,93.61000061035156,93.01000213623047,93.36000061035156,0.004194895,24.290000915527344,24.299999237060547,24.200000762939453,24.270000457763672,0.004968979,9.899999618530273,10.420000076293945,9.630000114440918,9.869999885559082,-0.029498544,17,0,0,0,0,0,0,0,0
2017-09-28,2503.409912109375,2510.810059,2502.929931640625,2510.060059,0.001204616,93.47000122070312,93.66999816894531,93.06999969482422,93.08999633789062,-0.002892077,24.229999542236328,24.229999542236328,24.18000030517578,24.200000762939453,-0.002884207,9.739999771118164,10.130000114440918,9.550000190734863,9.550000190734863,-0.032421449,5,0,0,0,0,0,0,0,0
2017-09-29,2509.959961,2519.439941,2507.989990234375,2519.360107421875,0.00370511,93.16999816894531,93.26999664,92.94999694824219,93.08000183105469,-0.000107364,24.170000076293945,24.229999542236328,24.149999618530273,24.18000030517578,-0.000826465,9.590000153,9.829999923706055,9.359999656677246,9.510000228881836,-0.004188478,12,0,0,0,0,0,0,0,0
2017-10-02,2521.199951171875,2529.22998,2520.399902,2529.120117,0.003874003,93.29000091552734,93.66000366210938,93.12000274658203,93.55999755859375,0.005156808,24.299999237060547,24.360000610351562,24.270000457763672,24.31999969482422,0.005789884,9.590000153,10.039999961853027,9.369999885559082,9.449999809265137,-0.006309192,46,0,0,0,0,0,0,0,0
2017-10-03,2530.340087890625,2535.129883,2528.850098,2534.580078,0.002158838,93.59999847,93.91999816894531,93.43000030517578,93.56999969482422,0.000106906,24.31999969482422,24.329999923706055,24.270000457763672,24.309999465942383,-0.000411194,9.300000190734863,9.75,9.300000190734863,9.510000228881836,0.006349251,1,0,0,0,0,0,0,0,0
2017-10-04,2533.47998,2540.530029296875,2531.800048828125,2537.739990234375,0.00124672,93.58999633789062,93.58999633789062,93.26000213623047,93.45999908447266,-0.001175597,24.280000686645508,24.299999237060547,24.260000228881836,24.280000686645508,-0.00123401,9.529999732971191,9.880000114440918,9.529999732971191,9.630000114440918,0.012618284192532636,15,0,0,0,0,0,0,0,0
2017-10-05,2540.860107421875,2552.510009765625,2540.02002,2552.070068359375,0.005646787,93.48000336,93.98999786376953,93.41000366210938,93.95999908447266,0.005349882,24.360000610351562,24.420000076293945,24.34000015258789,24.40999984741211,0.005354166,9.479999542236328,9.619999885559082,9.130000114440918,9.18999958,-0.045690605,11,0,0,0,0,0,0,0,0
2017-10-06,2547.439941,2549.409912109375,2543.790039,2549.330078,-0.001073634,93.91999816894531,94.26999664,93.76999664,93.80000305175781,-0.00170281,24.450000762939453,24.469999313354492,24.350000381469727,24.37000084,-0.001638632,9.229999542236328,10.270000457763672,9.109999656677246,9.649999618530273,0.050054413,3,0,0,0,0,0,0,0,0
2017-10-09,2551.389892578125,2551.820068359375,2541.600098,2544.72998,-0.001804434,93.76999664,93.83999633789062,93.62000274658203,93.73999786376953,-0.000639714,24.360000610351562,24.37000084,24.309999465942383,24.329999923706055,-0.0016414,9.920000076293945,10.529999732971191,9.880000114440918,10.329999923706055,0.070466356,26,0,0,0,0,0,0,0,0
2017-10-10,2549.989990234375,2555.22998,2544.860107421875,2550.639892578125,0.002322412,93.73000336,93.73999786376953,93.13999938964844,93.29000091552734,-0.00480048,24.25,24.25,24.18000030517578,24.200000762939453,-0.005343163,10.149999618530273,10.65999984741211,9.93999958,10.079999923706055,-0.024201355,10,0,0,0,0,0,0,0,0
2017-10-11,2550.620117,2555.239990234375,2547.949951171875,2555.239990234375,0.001803507,93.26000213623047,93.37000274658203,92.90000153,92.95999908447266,-0.003537376,24.15999984741211,24.190000534057617,24.12000084,24.12999916,-0.002892628,9.949999809265137,10.380000114440918,9.720000267028809,9.850000381469727,-0.022817415,12,0,0,0,0,0,0,0,0
2017-10-12,2552.879883,2555.330078,2548.310059,2550.929931640625,-0.001686753,92.94999694824219,93.23000336,92.80000305175781,93.12000274658203,0.00172121,24.18000030517578,24.219999313354492,24.139999389648438,24.18000030517578,0.002072157,9.93999958,10.329999923706055,9.649999618530273,9.909999847,0.006091316,15,0,0,0,0,0,0,0,0
2017-10-13,2555.659912109375,2557.649902,2552.090087890625,2553.169922,0.000878107,93.08999633789062,93.23999786376953,92.75,93.08999633789062,-0.000322234,24.100000381469727,24.190000534057617,24.09000015258789,24.18000030517578,0,9.949999809265137,9.979999542236328,9.43999958,9.609999656677246,-0.030272472,13,0,0,0,0,0,0,0,0
2017-10-16,2555.570068359375,2559.469970703125,2552.639892578125,2557.639892578125,0.001750753,93.06999969482422,93.36000061035156,93.06999969482422,93.27999877929688,0.002041062,24.219999313354492,24.25,24.18000030517578,24.239999771118164,0.002481367,9.949999809265137,10.020000457763672,9.75,9.909999847,0.031217503,25,0,0,0,0,0,0,0,0
2017-10-17,2557.169922,2559.709961,2554.689941,2559.360107421875,0.000672579,93.31999969482422,93.73000336,93.27999877929688,93.48999786376953,0.002251277,24.31999969482422,24.360000610351562,24.280000686645508,24.299999237060547,0.002475226,9.850000381469727,10.460000038146973,9.779999732971191,10.31000042,0.040363328,6,0,0,0,0,0,0,0,0
2017-10-18,2562.870117,2564.110107421875,2559.669922,2561.260009765625,0.000742335,93.48000336,93.80000305175781,93.36000061035156,93.36000061035156,-0.001390494,24.329999923706055,24.34000015258789,24.260000228881836,24.270000457763672,-0.001234518,10.34000015258789,10.40999984741211,9.869999885559082,10.069999694824219,-0.02327844,17,0,0,0,0,0,0,0,0
2017-10-19,2553.389892578125,2562.360107421875,2547.919922,2562.100098,0.000327998,93.41999816894531,93.55000305175781,93.05999755859375,93.26999664,-0.000964053,24.219999313354492,24.239999771118164,24.18000030517578,24.209999084472656,-0.002472244,10.220000267028809,11.770000457763672,9.989999771118164,10.050000190734863,-0.001986048,10,0,0,0,0,0,0,0,0
2017-10-20,2567.560059,2575.439941,2567.560059,2575.209961,0.005116843,93.16000366210938,93.77999877929688,93.12000274658203,93.69999694824219,0.004610275,24.309999465942383,24.37000084,24.299999237060547,24.350000381469727,0.005782788,9.920000076293945,10.039999961853027,9.289999961853027,9.970000267028809,-0.007960191,10,0,0,0,0,0,0,0,0
2017-10-23,2578.080078,2578.290039,2564.330078,2564.97998,-0.003972484,93.83999633789062,94.01999664,93.68000030517578,93.94000244140625,0.002561425,24.43000030517578,24.440000534057617,24.37000084,24.37999916,0.001231983,10.25,11.079999923706055,9.93999958,11.069999694824219,0.11033093263128113,22,0,0,0,0,0,0,0,0
2017-10-24,2568.659912109375,2572.179931640625,2565.580078,2569.129883,0.001617908,93.83000183105469,93.98999786376953,93.68000030517578,93.95999908447266,0.000212866,24.40999984741211,24.43000030517578,24.360000610351562,24.420000076293945,0.001640727,10.890000343322754,11.15999984741211,10.390000343322754,11.15999984741211,0.008130095,8,0,0,0,0,0,0,0,0
2017-10-25,2566.52002,2567.399902,2544,2557.149902,-0.00466305,93.94000244140625,94.01000213623047,93.61000061035156,93.70999908447266,-0.002660707,24.360000610351562,24.389999389648438,24.329999923706055,24.360000610351562,-0.002456981,11.34000015258789,13.199999809265137,10.989999771118164,11.229999542236328,0.006272374,12,2,0,14831,86456,0,0,1,0
2017-10-26,2560.080078,2567.070068359375,2559.800048828125,2560.399902,0.001270946,93.62999725341797,94.72000122070312,93.48000336,94.61000061035156,0.009604114,24.440000534057617,24.62999916,24.440000534057617,24.62000084,0.010673243939548716,11.170000076293945,11.81000042,10.600000381469727,11.300000190734863,0.006233362,12,0,0,0,0,0,0,0,0
2017-10-27,2570.260009765625,2582.97998,2565.939941,2581.070068359375,0.008073022,94.72000122070312,95.15000153,94.72000122070312,94.91999816894531,0.003276583,24.709999084472656,24.75,24.649999618530273,24.68000030517578,0.002437021,11.119999885559082,11.119999885559082,9.739999771118164,9.800000190734863,-0.132743361,13,0,0,0,0,0,0,0,0
2017-10-30,2577.75,2580.030029296875,2568.25,2572.830078,-0.003192471,94.79000091552734,94.90000153,94.44000244140625,94.48999786376953,-0.004530134,24.709999084472656,24.709999084472656,24.549999237060547,24.559999465942383,-0.004862271,10.279999732971191,10.890000343322754,10.100000381469727,10.5,0.071428551,24,0,1,0,0,6943,38129,0,1
2017-10-31,2575.989990234375,2578.290039,2572.149902,2575.260009765625,0.000944459,94.54000091552734,94.69999694824219,94.44999694824219,94.55000305175781,0.000635043,24.600000381469727,24.610000610351562,24.559999465942383,24.579999923706055,0.000814351,10.34000015258789,10.369999885559082,9.899999618530273,10.180000305175781,-0.030476161,12,0,0,0,0,0,0,0,0
2017-11-01,2583.209961,2588.399902,2574.919922,2579.360107421875,0.00159211,94.55000305175781,94.84999847,94.51000213623047,94.81999969482422,0.002855596,24.649999618530273,24.65999984741211,24.579999923706055,24.62999916,0.002034143,9.789999961853027,10.489999771118164,9.739999771118164,10.199999809265137,0.001964588,12,0,0,0,0,0,0,0,0
2017-11-02,2579.459961,2581.110107421875,2566.169922,2579.850098,0.000189966,94.80000305175781,94.80000305175781,94.41000366210938,94.69000244140625,-0.00137099,24.639999389648438,24.649999618530273,24.549999237060547,24.62999916,0,10.43999958,10.890000343322754,9.670000076293945,9.930000305175781,-0.02647054,18,0,1,0,0,6356,33805,0,1
2017-11-03,2581.929931640625,2588.419922,2576.77002,2587.840087890625,0.003097075,94.73000336,95.01999664,94.41000366210938,94.94000244140625,0.002640194,24.600000381469727,24.709999084472656,24.600000381469727,24.690000534057617,0.002436109,9.829999923706055,9.909999847,8.989999771118164,9.140000343322754,-0.079556892,21,1,1,10817,62592,7384,36219,1,1
2017-11-06,2587.469970703125,2593.379883,2585.659912109375,2591.129883,0.001271251,94.87000274658203,95.08000183105469,94.70999908447266,94.72000122070312,-0.002317266,24.719999313354492,24.719999313354492,24.62999916,24.62999916,-0.002430189,9.630000114440918,9.739999771118164,9.380000114440918,9.399999618530273,0.028446309129240177,14,0,0,0,0,0,0,0,0
2017-11-07,2592.110107421875,2597.02002,2584.350098,2590.639892578125,-0.000189103,94.72000122070312,95.15000153,94.69999694824219,94.91000366210938,0.002005938,24.700000762939453,24.739999771118164,24.65999984741211,24.670000076293945,0.001624073,9.31000042,10.31000042,9.289999961853027,9.890000343322754,0.052127739,15,0,0,0,0,0,0,0,0
2017-11-08,2588.709961,2595.469970703125,2585.02002,2594.379883,0.001443655,94.80000305175781,94.97000122070312,94.77999877929688,94.87000274658203,-0.000421462,24.65999984741211,24.690000534057617,24.649999618530273,24.65999984741211,-0.00040536,9.789999961853027,10.270000457763672,9.5,9.779999732971191,-0.011122407,13,4,0,38154,220027,0,0,1,0
2017-11-09,2584,2586.5,2566.330078,2584.620117,-0.003761888,94.87999725341797,94.95999908447266,94.41999816894531,94.44000244140625,-0.004532521,24.639999389648438,24.649999618530273,24.540000915527344,24.559999465942383,-0.004055166,9.93999958,12.18999958,9.789999961853027,10.5,0.073619661,2,1,0,16142,80535,0,0,1,0
2017-11-10,2580.179931640625,2583.810059,2575.570068359375,2582.300048828125,-0.000897644,94.5,94.65000153,94.26000213623047,94.38999938964844,-0.000529469,24.540000915527344,24.549999237060547,24.5,24.540000915527344,-0.000814273,10.779999732971191,11.579999923706055,10.5,11.289999961853027,0.075238092,11,3,0,44958,245219,0,0,1,0
2017-11-13,2576.530029296875,2587.659912109375,2574.47998,2584.840087890625,0.000983634,94.41000366210938,94.63999938964844,94.40000153,94.48999786376953,0.001059418,24.559999465942383,24.59000015258789,24.549999237060547,24.559999465942383,0.000814937,11.430000305175781,12.180000305175781,11,11.5,0.018600534885431896,16,2,0,24372,127619,0,0,1,0
2017-11-14,2577.75,2579.659912109375,2566.560059,2578.870117,-0.002309609,94.51999664,94.54000091552734,93.75,93.83000183105469,-0.006984824,24.450000762939453,24.479999542236328,24.37000084,24.389999389648438,-0.006921827,11.529999732971191,12.609999656677246,11.449999809265137,11.59000015258789,0.0078261,8,0,0,0,0,0,0,0,0
2017-11-15,2569.449951171875,2572.840087890625,2557.449951171875,2564.620117,-0.005525676,93.86000061035156,93.91000366210938,93.40000153,93.80999755859375,-0.000213197,24.350000381469727,24.40999984741211,24.329999923706055,24.37999916,-0.000410013,12.520000457763672,14.510000228881836,12.329999923706055,13.130000114440918,0.13287316148215633,15,1,0,10840,55267,0,0,1,0
2017-11-16,2572.949951171875,2590.090087890625,2572.949951171875,2585.639892578125,0.008196058,93.83999633789062,94,93.76999664,93.93000030517578,0.001279211,24.399999618530273,24.43000030517578,24.37999916,24.40999984741211,0.001230545,12.470000267028809,12.520000457763672,11.380000114440918,11.760000228881836,-0.104341194,7,2,0,29234,150769,0,0,1,0
2017-11-17,2582.939941,2583.959961,2577.620117,2578.850098,-0.002625963,93.87000274658203,93.93000030517578,93.51000213623047,93.66000366210938,-0.002874445,24.37000084,24.389999389648438,24.31999969482422,24.34000015258789,-0.002867665,11.75,12.010000228881836,11.15999984741211,11.430000305175781,-0.028061217,6,0,0,0,0,0,0,0,0
2017-11-20,2579.489990234375,2584.639892578125,2578.239990234375,2582.139892578125,0.001275683,93.70999908447266,94.09999847,93.58000183105469,94.08000183105469,0.004484285,24.389999389648438,24.469999313354492,24.389999389648438,24.459999084472656,0.004930112,11.960000038146973,12.079999923706055,10.43999958,10.649999618530273,-0.068241528,13,2,0,83142,347109,0,0,1,0
2017-11-21,2589.169922,2601.189941,2589.169922,2599.030029296875,0.006541139,94.04000091552734,94.16999816894531,93.87999725341797,93.94999694824219,-0.001381855,24.450000762939453,24.450000762939453,24.399999618530273,24.43000030517578,-0.001226442,10.739999771118164,10.779999732971191,9.670000076293945,9.729999542236328,-0.086384987,1,0,0,0,0,0,0,0,0
2017-11-22,2600.310059,2600.939941,2595.22998,2597.080078,-0.000750261,93.93000030517578,93.95999908447266,93.20999908447266,93.22000122070312,-0.007770045,24.360000610351562,24.360000610351562,24.229999542236328,24.239999771118164,-0.007777345,9.600000381469727,9.880000114440918,9.319999694824219,9.880000114440918,0.015416297971388548,9,2,0,55230,240473,0,0,1,0
2017-11-24,2600.419922,2604.209961,2600.419922,2602.419922,0.002056095,93.12999725341797,93.25,92.68000030517578,92.76000213623047,-0.004934554,24.139999389648438,24.139999389648438,24.100000381469727,24.12999916,-0.004537979,9.819999694824219,9.960000038146973,8.56000042,9.670000076293945,-0.021255064,20,0,0,0,0,0,0,0,0
2017-11-27,2602.659912109375,2606.409912109375,2598.870117,2601.419922,-0.000384258,92.69000244140625,92.98000336,92.5,92.90000153,0.001509265,24.06999969482422,24.170000076293945,24.059999465942383,24.15999984741211,0.001243294,10.069999694824219,10.260000228881836,9.789999961853027,9.869999885559082,0.020682503,13,0,0,0,0,0,0,0,0
2017-11-28,2605.939941,2627.689941,2605.439941,2627.040039,0.009848513,92.88999938964844,93.33999633789062,92.83000183105469,93.26000213623047,0.003875141,24.190000534057617,24.270000457763672,24.190000534057617,24.260000228881836,0.004139089,9.720000267028809,10.31000042,9.529999732971191,10.029999732971191,0.016210724343189487,11,0,1,0,0,15889,85059,0,1
2017-11-29,2627.820068359375,2634.889892578125,2620.320068359375,2626.070068359375,-0.000369226,93.22000122070312,93.44000244140625,92.98999786376953,93.26000213623047,0,24.270000457763672,24.299999237060547,24.219999313354492,24.25,-0.000412211,9.909999847,10.930000305175781,9.81000042,10.699999809265137,0.066799611,22,1,0,16145,85143,0,0,1,0
2017-11-30,2633.929931640625,2657.739990234375,2633.929931640625,2647.580078,0.00819095,93.26000213623047,93.51000213623047,92.73000336,93.01000213623047,-0.002680678,24.219999313354492,24.229999542236328,24.12000084,24.190000534057617,-0.002474205,10.489999771118164,12.050000190734863,10.25,11.279999732971191,0.054205601,15,1,0,12999,63679,0,0,1,0
2017-12-01,2645.100098,2650.620117,2605.52002,2642.219970703125,-0.002024531,93.02999877929688,93.25,92.59999847,92.90000153,-0.001182675,24.239999771118164,24.260000228881836,24.09000015258789,24.170000076293945,-0.000826807,11.18999958,14.579999923706055,10.539999961853027,11.430000305175781,0.013297923,10,0,0,0,0,0,0,0,0
2017-12-04,2657.189941,2665.189941,2639.030029296875,2639.439941,-0.001052157,93.22000122070312,93.36000061035156,93.06999969482422,93.19000244140625,0.003121646,24.25,24.280000686645508,24.239999771118164,24.25,0.003309885,11.050000190734863,11.859999656677246,10.260000228881836,11.680000305175781,0.021872265382774758,23,0,0,0,0,0,0,0,0
2017-12-05,2639.780029296875,2648.719970703125,2627.72998,2629.570068359375,-0.003739382,93.08999633789062,93.48999786376953,93.04000091552734,93.37999725341797,0.00203879,24.299999237060547,24.31999969482422,24.260000228881836,24.290000915527344,0.001649522,11.380000114440918,11.670000076293945,10.649999618530273,11.329999923706055,-0.029965785,1,0,0,0,0,0,0,0,0
2017-12-06,2626.239990234375,2634.409912109375,2624.75,2629.27002,-0.000114106,93.30999755859375,93.65000153,93.16999816894531,93.61000061035156,0.00246309,24.309999465942383,24.37000084,24.309999465942383,24.350000381469727,0.00247013,11.630000114440918,11.680000305175781,10.859999656677246,11.020000457763672,-0.027360942,5,0,0,0,0,0,0,0,0
2017-12-07,2628.379883,2640.989990234375,2626.530029296875,2636.97998,0.002932358,93.54000091552734,93.80000305175781,93.51000213623047,93.80000305175781,0.002029724,24.389999389648438,24.40999984741211,24.34000015258789,24.399999618530273,0.002053357,10.899999618530273,11.319999694824219,10.119999885559082,10.15999984741211,-0.07803998,9,0,0,0,0,0,0,0,0
2017-12-08,2646.209961,2651.649902,2644.100098,2651.5,0.005506306,93.79000091552734,94.08999633789062,93.76999664,93.90000153,0.001066082,24.420000076293945,24.469999313354492,24.40999984741211,24.440000534057617,0.001639382,10,10.06000042,9.430000305175781,9.579999923706055,-0.057086608,8,0,0,0,0,0,0,0,0
2017-12-11,2652.189941,2660.330078,2651.469970703125,2659.989990234375,0.003201957,93.91999816894531,93.98000336,93.66999816894531,93.87000274658203,-0.000319476,24.420000076293945,24.450000762939453,24.37999916,24.440000534057617,0,9.739999771118164,10.079999923706055,9.279999732971191,9.340000153,-0.025052168,20,0,0,0,0,0,0,0,0
2017-12-12,2661.72998,2669.719970703125,2659.780029296875,2664.110107421875,0.001548922,93.91000366210938,94.22000122070312,93.76000213623047,94.09999847,0.002450151,24.489999771118164,24.520000457763672,24.469999313354492,24.479999542236328,0.001636621,9.359999656677246,9.920000076293945,9.210000038146973,9.920000076293945,0.062098492,4,0,0,0,0,0,0,0,0
2017-12-13,2667.590087890625,2671.879883,2662.850098,2662.850098,-0.000472957,94.05999755859375,94.11000061035156,93.41000366210938,93.43000030517578,-0.007120066,24.440000534057617,24.459999084472656,24.299999237060547,24.309999465942383,-0.006944448,9.779999732971191,10.210000038146973,9.649999618530273,10.180000305175781,0.026209700290543703,5,0,0,0,0,0,0,0,0
2017-12-14,2665.870117,2668.090087890625,2652.010009765625,2652.010009765625,-0.004070859,93.41000366210938,93.76000213623047,93.27999877929688,93.48999786376953,0.000642166,24.360000610351562,24.399999618530273,24.309999465942383,24.329999923706055,0.000822726,9.979999542236328,10.539999961853027,9.779999732971191,10.489999771118164,0.030451813030375918,6,0,0,0,0,0,0,0,0
2017-12-15,2660.629883,2679.629883,2659.139892578125,2675.810059,0.008974344,93.65000153,94,93.41000366210938,93.93000030517578,0.004706412,24.360000610351562,24.450000762939453,24.360000610351562,24.43000030517578,0.004110168,10.119999885559082,10.199999809265137,9.220000267028809,9.420000076293945,-0.10200188,5,0,0,0,0,0,0,0,0
2017-12-18,2685.919922,2694.969970703125,2685.919922,2690.159912109375,0.005362807,93.98000336,94.02999877929688,93.37999725341797,93.69999694824219,-0.002448668,24.309999465942383,24.37000084,24.280000686645508,24.37000084,-0.002455975,9.460000038146973,9.890000343322754,9.239999771118164,9.529999732971191,0.011677246,20,0,0,0,0,0,0,0,0
2017-12-19,2692.709961,2694.439941,2680.739990234375,2681.469970703125,-0.003230269,93.70999908447266,93.76000213623047,93.43000030517578,93.47000122070312,-0.002454597,24.360000610351562,24.37000084,24.299999237060547,24.299999237060547,-0.00287245,9.399999618530273,10.149999618530273,9.180000305175781,10.029999732971191,0.052465899,9,0,0,0,0,0,0,0,0
2017-12-20,2688.179931640625,2691.010009765625,2676.110107421875,2679.25,-0.000827893,93.5,93.54000091552734,93.16000366210938,93.34999847,-0.001283864,24.309999465942383,24.31999969482422,24.239999771118164,24.270000457763672,-0.001234518,9.68999958,9.850000381469727,8.899999618530273,9.720000267028809,-0.030907226,5,0,0,0,0,0,0,0,0
2017-12-21,2683.02002,2692.639892578125,2682.399902,2684.570068359375,0.001985656,93.30999755859375,93.5,93.23999786376953,93.27999877929688,-0.000749863,24.299999237060547,24.309999465942383,24.25,24.260000228881836,-0.000412041,9.590000153,9.859999656677246,9.199999809265137,9.619999885559082,-0.010288105,6,0,0,0,0,0,0,0,0
2017-12-22,2684.219970703125,2685.350098,2678.129883,2683.340087890625,-0.000458167,93.37000274658203,93.55999755859375,93.30999755859375,93.34999847,0.000750426,24.290000915527344,24.31999969482422,24.270000457763672,24.270000457763672,0.000412211,9.369999885559082,10.180000305175781,9.350000381469727,9.899999618530273,0.029106001694605865,10,0,0,0,0,0,0,0,0
2017-12-26,2679.090087890625,2682.739990234375,2677.959961,2680.5,-0.001058415,93.25,93.40000153,93.19999694824219,93.26000213623047,-0.000964074,24.260000228881836,24.260000228881836,24.239999771118164,24.25,-0.000824081,10.18999958,10.460000038146973,10.130000114440918,10.25,0.035353575248085356,18,0,0,0,0,0,0,0,0
2017-12-27,2682.100098,2685.639892578125,2678.909912109375,2682.620117,0.000790941,93.30000305175781,93.30999755859375,92.95999908447266,93.02999877929688,-0.002466259,24.190000534057617,24.219999313354492,24.18000030517578,24.200000762939453,-0.002061824,10.039999961853027,10.789999961853027,9.710000038146973,10.470000267028809,0.021463440685737467,2,0,0,0,0,0,0,0,0
2017-12-28,2686.100098,2687.659912109375,2682.689941,2687.540039,0.001833999,93,93.01999664,92.56999969482422,92.59999847,-0.004622168,24.12999916,24.149999618530273,24.110000610351562,24.12999916,-0.002892628,10.289999961853027,10.43999958,10.069999694824219,10.180000305175781,-0.027698181,7,1,0,24926,106943,0,0,1,0
2017-12-29,2689.149902,2692.120117,2673.610107421875,2673.610107421875,-0.005183153,92.66999816894531,92.66999816894531,92.08000183105469,92.12000274658203,-0.005183539,24.040000915527344,24.049999237060547,23.979999542236328,24.030000686645508,-0.004144156,10.029999732971191,11.06000042,9.949999809265137,11.039999961853027,0.084479335,13,0,0,0,0,0,0,0,0
2018-01-02,2683.72998,2695.889892578125,2682.360107421875,2695.810059,0.008303361,92.23999786376953,92.25,91.75,91.84999847,-0.002931006,23.93000030517578,23.969999313354492,23.920000076293945,23.93000030517578,-0.004161481,10.949999809265137,11.069999694824219,9.520000457763672,9.770000457763672,-0.115036187,28,0,2,0,0,47263,186037,0,1
2018-01-03,2697.850098,2714.370117,2697.77002,2713.060059,0.006398819,91.81999969482422,92.26000213623047,91.80999755859375,92.16000366210938,0.003375125,23.979999542236328,24.030000686645508,23.969999313354492,24.020000457763672,0.003760976,9.56000042,9.649999618530273,8.93999958,9.149999618530273,-0.063459653,7,0,0,0,0,0,0,0,0
2018-01-04,2719.310059,2729.290039,2719.070068359375,2723.989990234375,0.004028636,92.22000122070312,92.26000213623047,91.80000305175781,91.84999847,-0.003363771,23.950000762939453,23.959999084472656,23.920000076293945,23.940000534057617,-0.003330555,9.010000228881836,9.31000042,8.920000076293945,9.220000267028809,0.007650344,9,0,0,0,0,0,0,0,0
2018-01-05,2731.330078,2743.449951171875,2727.919922,2743.149902,0.007033767,91.87000274658203,92.09999847,91.77999877929688,91.94999694824219,0.001088715,23.979999542236328,24,23.950000762939453,23.959999084472656,0.000835361,9.100000381469727,9.539999961853027,9,9.220000267028809,0,7,0,0,0,0,0,0,0,0
2018-01-08,2742.669922,2748.510009765625,2737.600098,2747.709961,0.001662344,92.05999755859375,92.40000153,91.87999725341797,92.33000183105469,0.004132734,24.059999465942383,24.079999923706055,24.040000915527344,24.06999969482422,0.004591011,9.609999656677246,9.890000343322754,9.319999694824219,9.520000457763672,0.032537981,16,0,0,0,0,0,0,0,0
2018-01-09,2751.149902,2759.139892578125,2747.860107421875,2751.290039,0.001302932,92.33999633789062,92.63999938964844,92.20999908447266,92.52999877929688,0.00216611,24.110000610351562,24.139999389648438,24.100000381469727,24.12000084,0.002077322,9.409999847,10.09000015258789,9.369999885559082,10.079999923706055,0.05882347,5,0,0,0,0,0,0,0,0
2018-01-10,2745.550048828125,2750.800048828125,2736.060059,2748.22998,-0.001112227,92.56999969482422,92.58000183105469,91.91999816894531,92.33000183105469,-0.002161428,24,24.09000015258789,24,24.059999465942383,-0.002487619,10.109999656677246,10.850000381469727,9.819999694824219,9.819999694824219,-0.025793674,10,0,0,0,0,0,0,0,0
2018-01-11,2752.969970703125,2767.560059,2752.780029296875,2767.560059,0.007033646,92.33000183105469,92.55000305175781,91.79000091552734,91.84999847,-0.00519878,23.979999542236328,23.979999542236328,23.93000030517578,23.959999084472656,-0.004156292,9.68999958,10.020000457763672,9.619999885559082,9.880000114440918,0.006110023,10,0,0,0,0,0,0,0,0
2018-01-12,2770.179931640625,2787.850098,2769.639892578125,2786.239990234375,0.006749603,91.84999847,91.87999725341797,90.90000153,90.97000122070312,-0.009580809,23.799999237060547,23.81999969482422,23.709999084472656,23.709999084472656,-0.010434057,9.739999771118164,10.31000042,9.539999961853027,10.15999984741211,0.028340054,15,0,0,0,0,0,0,0,0
2018-01-16,2798.959961,2807.540039,2768.639892578125,2776.419922,-0.003524488,90.44000244140625,90.83000183105469,90.33999633789062,90.38999938964844,-0.006375748,23.65999984741211,23.68000030517578,23.549999237060547,23.579999923706055,-0.005482883,10.420000076293945,12.40999984741211,10.399999618530273,11.65999984741211,0.14763779749288775,36,0,0,0,0,0,0,0,0
2018-01-17,2784.989990234375,2807.040039,2778.379883,2802.560059,0.009415052,90.40000153,90.81999969482422,90.33999633789062,90.54000091552734,0.001659492,23.639999389648438,23.65999984741211,23.520000457763672,23.639999389648438,0.002544507,11.350000381469727,12.81000042,11.180000305175781,11.90999984741211,0.021440823608199766,3,0,0,0,0,0,0,0,0
2018-01-18,2802.399902,2805.830078,2792.560059,2798.030029296875,-0.00161639,90.77999877929688,91,90.11000061035156,90.5,-0.000441804,23.62000084,23.639999389648438,23.579999923706055,23.610000610351562,-0.001268984,12.010000228881836,12.399999618530273,11.619999885559082,12.220000267028809,0.026028583004898964,14,0,0,0,0,0,0,0,0
2018-01-19,2802.600098,2810.330078,2798.080078,2810.300048828125,0.004385235,90.5,90.98000336,90.41000366210938,90.56999969482422,0.000773477,23.600000381469727,23.649999618530273,23.579999923706055,23.649999618530273,0.001694155,12.300000190734863,12.329999923706055,11.180000305175781,11.270000457763672,-0.07774139,7,0,0,0,0,0,0,0,0
2018-01-22,2809.159912109375,2833.030029296875,2808.120117,2832.969970703125,0.008066726,90.66999816894531,90.69999694824219,90.16000366210938,90.40000153,-0.001876981,23.59000015258789,23.639999389648438,23.559999465942383,23.56999969482422,-0.003382661,11.59000015258789,11.619999885559082,10.84000015258789,11.029999732971191,-0.021295538,22,0,0,0,0,0,0,0,0
2018-01-23,2835.050048828125,2842.239990234375,2830.590087890625,2839.129883,0.002174365,90.38999938964844,90.69999694824219,90.08999633789062,90.12000274658203,-0.003097332,23.559999465942383,23.56999969482422,23.489999771118164,23.510000228881836,-0.002545586,10.770000457763672,11.569999694824219,10.760000228881836,11.100000381469727,0.006346387,6,0,0,0,0,0,0,0,0
2018-01-24,2845.419922,2852.969970703125,2824.810059,2837.540039,-0.000559976,90,90.58999633789062,89.20999908447266,89.20999908447266,-0.010097688,23.309999465942383,23.31999969482422,23.25,23.280000686645508,-0.009783051,11,12.18999958,10.890000343322754,11.470000267028809,0.033333322,4,0,0,0,0,0,0,0,0
2018-01-25,2846.239990234375,2848.560059,2830.939941,2839.25,0.000602621,89.31999969482422,90.11000061035156,89.16000366210938,89.38999938964844,0.002017714,23.170000076293945,23.37999916,23.09000015258789,23.309999465942383,0.001288607,11.270000457763672,12.010000228881836,11.199999809265137,11.579999923706055,0.009590205,4,0,0,0,0,0,0,0,0
2018-01-26,2847.47998,2872.870117,2846.179931640625,2872.870117,0.011841196508761032,89.40000153,89.58000183105469,88.44000244140625,89.06999969482422,-0.003579815,23.270000457763672,23.280000686645508,23.190000534057617,23.260000228881836,-0.002144969,11.399999618530273,11.600000381469727,11.079999923706055,11.079999923706055,-0.043177893,7,0,0,0,0,0,0,0,0
2018-01-29,2867.22998,2870.620117,2851.47998,2853.530029296875,-0.006731974,89.01999664,89.62000274658203,89.01000213623047,89.30999755859375,0.002694486,23.34000015258789,23.389999389648438,23.299999237060547,23.31999969482422,0.002579513,11.710000038146973,13.84000015258789,11.680000305175781,13.84000015258789,0.24909749529661251,9,0,0,0,0,0,0,0,0
2018-01-30,2832.739990234375,2837.75,2818.27002,2822.429931640625,-0.010898816,89.37000274658203,89.63999938964844,88.91000366210938,89.19000244140625,-0.00134358,23.219999313354492,23.31999969482422,23.209999084472656,23.280000686645508,-0.001715223,13.930000305175781,15.420000076293945,13.880000114440918,14.789999961853027,0.068641604,0,0,0,0,0,0,0,0,0
2018-01-31,2832.409912109375,2839.260009765625,2813.040039,2823.810059,0.000488985,89.09999847,89.30000305175781,88.77999877929688,89.12999725341797,-0.000672779,23.209999084472656,23.309999465942383,23.170000076293945,23.25,-0.001288689,14.229999542236328,14.43999958,13.40999984741211,13.539999961853027,-0.084516565,1,0,0,0,0,0,0,0,0
2018-02-01,2816.449951171875,2835.959961,2812.699951171875,2821.97998,-0.000648088,89.04000091552734,89.33000183105469,88.55999755859375,88.66999816894531,-0.005160991,23.239999771118164,23.25,23.110000610351562,23.12999916,-0.005161326,13.050000190734863,14.300000190734863,12.5,13.470000267028809,-0.005169845,3,0,0,0,0,0,0,0,0
2018-02-02,2808.919922,2808.919922,2759.969970703125,2762.129883,-0.021208548,88.63999938964844,89.43000030517578,88.58999633789062,89.19999694824219,0.005977205,23.270000457763672,23.350000381469727,23.229999542236328,23.270000457763672,0.006052802,13.640000343322754,17.860000610351562,13.640000343322754,17.309999465942383,0.2850778858789582,5,0,0,0,0,0,0,0,0
2018-02-05,2741.060059,2763.389892578125,2638.169922,2648.939941,-0.040979225,89.19000244140625,89.66999816894531,89.01999664,89.55000305175781,0.003923835,23.350000381469727,23.399999618530273,23.34000015258789,23.37000084,0.004297395,18.440000534057617,38.79999923706055,16.799999237060547,37.31999969482422,1.1559792516603906,16,0,0,0,0,0,0,0,0
2018-02-06,2614.780029296875,2701.040039,2593.070068359375,2695.139892578125,0.017440920592313836,89.66000366210938,90.02999877929688,89.37000274658203,89.58999633789062,0.000446603,23.479999542236328,23.510000228881836,23.37000084,23.420000076293945,0.002139462,37.31999969482422,50.29999923706055,22.420000076293945,29.979999542236328,-0.19667739,4,0,0,0,0,0,0,0,0
2018-02-07,2690.949951171875,2727.669922,2681.330078,2681.659912109375,-0.005001588,89.62999725341797,90.40000153,89.47000122070312,90.26000213623047,0.007478578,23.469999313354492,23.610000610351562,23.450000762939453,23.600000381469727,0.007685752,31.37999916,31.639999389648438,21.170000076293945,27.729999542236328,-0.075050035,6,0,0,0,0,0,0,0,0
2018-02-08,2685.010009765625,2685.27002,2580.560059,2581,-0.03753642,90.26999664,90.56999969482422,90.01000213623047,90.23000336,-0.00033236,23.520000457763672,23.610000610351562,23.510000228881836,23.600000381469727,0,27.290000915527344,36.16999816894531,24.40999984741211,33.459999084472656,0.20663539981343337,6,1,0,10801,68225,0,0,1,0
2018-02-09,2601.780029296875,2638.669922,2532.689941,2619.550048828125,0.014936090208494734,90.25,90.55999755859375,90.12000274658203,90.44000244140625,0.002327375,23.610000610351562,23.649999618530273,23.579999923706055,23.62000084,0.000847477,32.18000030517578,41.060001373291016,27.729999542236328,29.059999465942383,-0.131500291,5,0,0,0,0,0,0,0,0
2018-02-12,2636.75,2672.610107421875,2622.449951171875,2656,0.013914584754042503,90.33000183105469,90.43000030517578,90.06999969482422,90.20999908447266,-0.00254316,23.600000381469727,23.600000381469727,23.530000686645508,23.540000915527344,-0.003386957,27.25,29.700000762939453,24.420000076293945,25.610000610351562,-0.118719853,16,0,0,0,0,0,0,0,0
2018-02-13,2646.27002,2668.840087890625,2637.080078,2662.939941,0.00261293,90.08999633789062,90.18000030517578,89.61000061035156,89.69999694824219,-0.005653499,23.43000030517578,23.440000534057617,23.389999389648438,23.40999984741211,-0.00552256,26.940000534057617,27.81999969482422,24.469999313354492,24.969999313354492,-0.024990288,2,0,0,0,0,0,0,0,0
2018-02-14,2651.209961,2702.100098,2648.870117,2698.629883,0.013402458257245842,89.69000244140625,90.12000274658203,88.94000244140625,89.12000274658203,-0.006465933,23.469999313354492,23.479999542236328,23.229999542236328,23.229999542236328,-0.007689035,23.479999542236328,25.719999313354492,18.989999771118164,19.260000228881836,-0.228674379,4,0,0,0,0,0,0,0,0
2018-02-15,2713.459961,2731.510009765625,2689.820068359375,2731.199951171875,0.012069112762299383,88.95999908447266,89,88.54000091552734,88.58999633789062,-0.005947109,23.18000030517578,23.229999542236328,23.12000084,23.12999916,-0.004304795,18.389999389648438,20.65999984741211,17.600000381469727,19.12999916,-0.006749796,7,0,0,0,0,0,0,0,0
2018-02-16,2727.139892578125,2754.419922,2725.110107421875,2732.219970703125,0.000373469,88.56999969482422,89.23000336,88.25,89.09999847,0.005756882,23.25,23.309999465942383,23.200000762939453,23.290000915527344,0.006917499,18.739999771118164,20.989999771118164,17.440000534057617,19.459999084472656,0.017250388822956486,3,0,0,0,0,0,0,0,0
2018-02-20,2722.989990234375,2737.600098,2706.760009765625,2716.260009765625,-0.005841389,89.23999786376953,89.80000305175781,89.22000122070312,89.72000122070312,0.006958505,23.399999618530273,23.450000762939453,23.389999389648438,23.440000534057617,0.006440516,20.530000686645508,21.610000610351562,19.75,20.600000381469727,0.058581775469182196,36,1,0,25305,107760,0,0,1,0
2018-02-21,2720.530029296875,2747.75,2701.290039,2701.330078,-0.005496503,89.70999908447266,90.12999725341797,89.58999633789062,90.08000183105469,0.00401249,23.459999084472656,23.549999237060547,23.399999618530273,23.530000686645508,0.003839597,20.760000228881836,21.040000915527344,16.969999313354492,20.020000457763672,-0.028155336,7,0,0,0,0,0,0,0,0
2018-02-22,2710.419922,2731.260009765625,2697.77002,2703.959961,0.000973551,90.16000366210938,90.23999786376953,89.63999938964844,89.75,-0.003663431,23.469999313354492,23.479999542236328,23.420000076293945,23.450000762939453,-0.003399912,20.56999969482422,20.610000610351562,18.06999969482422,18.719999313354492,-0.064935121,11,0,0,0,0,0,0,0,0
2018-02-23,2715.800048828125,2747.760009765625,2713.739990234375,2747.300048828125,0.016028376,89.77999877929688,90.05999755859375,89.76000213623047,89.87999725341797,0.001448437,23.489999771118164,23.520000457763672,23.459999084472656,23.5,0.002132164,17.959999084472656,18.799999237060547,16.469999313354492,16.489999771118164,-0.119123912,8,0,0,0,0,0,0,0,0
2018-02-26,2757.370117,2780.639892578125,2753.780029296875,2779.600098,0.011757015343810906,89.87999725341797,90.05000305175781,89.5,89.81999969482422,-0.00066753,23.489999771118164,23.530000686645508,23.469999313354492,23.469999313354492,-0.001276625,16.530000686645508,16.940000534057617,15.800000190734863,15.800000190734863,-0.041843517,18,0,0,0,0,0,0,0,0
2018-02-27,2780.449951171875,2789.149902,2744.219970703125,2744.280029296875,-0.012706888,89.80000305175781,90.5,89.69000244140625,90.36000061035156,0.006012034,23.530000686645508,23.649999618530273,23.520000457763672,23.62000084,0.006391203,15.829999923706055,18.979999542236328,15.289999961853027,18.59000015258789,0.17658227393497672,6,0,0,0,0,0,0,0,0
2018-02-28,2753.780029296875,2761.52002,2713.540039,2713.830078,-0.011095789,90.41000366210938,90.69999694824219,90.30999755859375,90.61000061035156,0.002766711,23.649999618530273,23.709999084472656,23.639999389648438,23.690000534057617,0.002963577,18.079999923706055,20.440000534057617,15.649999618530273,19.850000381469727,0.067778387,11,0,0,0,0,0,0,0,0
2018-03-01,2715.219970703125,2730.889892578125,2659.649902,2677.669922,-0.0133244,90.66999816894531,90.93000030517578,90.22000122070312,90.31999969482422,-0.00320054,23.739999771118164,23.770000457763672,23.579999923706055,23.610000610351562,-0.003376949,19.959999084472656,25.299999237060547,19.56999969482422,22.469999313354492,0.13198986808738677,6,0,0,0,0,0,0,0,0
2018-03-02,2658.889892578125,2696.25,2647.320068359375,2691.25,0.005071603,90.25,90.29000091552734,89.87999725341797,89.94000244140625,-0.004207233,23.540000915527344,23.559999465942383,23.5,23.510000228881836,-0.004235509,22.469999313354492,26.219999313354492,19.360000610351562,19.59000015258789,-0.128170861,14,0,0,0,0,0,0,0,0
2018-03-05,2681.060059,2728.090087890625,2675.75,2720.939941,0.011032026532745043,89.83000183105469,90.22000122070312,89.83000183105469,90.08000183105469,0.001556586,23.559999465942383,23.56999969482422,23.489999771118164,23.510000228881836,0,21.549999237060547,21.56999969482422,17.940000534057617,18.729999542236328,-0.04389998,11,2,0,39208,174412,0,0,1,0
2018-03-06,2730.179931640625,2732.080078,2711.260009765625,2728.120117,0.002638859,89.95999908447266,90.05999755859375,89.5,89.62000274658203,-0.005106562,23.459999084472656,23.459999084472656,23.40999984741211,23.450000762939453,-0.002552083,18.25,19.639999389648438,17.68000030517578,18.360000610351562,-0.019754348,8,0,0,0,0,0,0,0,0
2018-03-07,2710.179931640625,2730.600098,2701.739990234375,2726.800048828125,-0.000483875,89.51000213623047,89.77999877929688,89.41000366210938,89.63999938964844,0.000223127,23.420000076293945,23.540000915527344,23.40999984741211,23.43000030517578,-0.000852898,20.110000610351562,20.489999771118164,17.520000457763672,17.760000228881836,-0.032679758,6,1,0,14881,73468,0,0,1,0
2018-03-08,2732.75,2740.449951171875,2722.649902,2738.969970703125,0.004463078,89.58999633789062,90.23000336,89.44000244140625,90.12000274658203,0.00535479,23.459999084472656,23.600000381469727,23.459999084472656,23.579999923706055,0.006402032,17.559999465942383,17.68000030517578,14.90999984741211,16.540000915527344,-0.068693654,3,0,0,0,0,0,0,0,0
2018-03-09,2752.909912109375,2786.570068359375,2751.540039,2786.570068359375,0.017378832,90.19999694824219,90.36000061035156,90,90.08999633789062,-0.000332961,23.600000381469727,23.600000381469727,23.530000686645508,23.549999237060547,-0.001272294,16.40999984741211,16.75,13.31000042,14.640000343322754,-0.114873063,6,0,0,0,0,0,0,0,0
2018-03-12,2790.540039,2796.97998,2779.260009765625,2783.02002,-0.001273985,90.11000061035156,90.19000244140625,89.83999633789062,89.90000153,-0.002108945,23.549999237060547,23.56999969482422,23.5,23.520000457763672,-0.001273834,15.279999732971191,16.350000381469727,15.180000305175781,15.779999732971191,0.077868809,23,5,0,66409,312639,0,0,1,0
2018-03-13,2792.310059,2801.899902,2758.679931640625,2765.310059,-0.006363577,89.91000366210938,90.11000061035156,89.58999633789062,89.66000366210938,-0.002669609,23.5,23.530000686645508,23.43000030517578,23.459999084472656,-0.002551079,15.699999809265137,16.979999542236328,15.029999732971191,16.350000381469727,0.036121715,8,0,0,0,0,0,0,0,0
2018-03-14,2774.060059,2777.110107421875,2744.379883,2749.47998,-0.005724522,89.69999694824219,89.88999938964844,89.55999755859375,89.69999694824219,0.000446055,23.469999313354492,23.510000228881836,23.459999084472656,23.469999313354492,0.000426267,16.59000015258789,17.59000015258789,14.93999958,17.229999542236328,0.053822577,7,0,0,0,0,0,0,0,0
2018-03-15,2754.27002,2763.030029296875,2741.469970703125,2747.330078,-0.000781931,89.75,90.16999816894531,89.62000274658203,90.13999938964844,0.004905267,23.5,23.59000015258789,23.5,23.559999465942383,0.003834689,16.989999771118164,17.40999984741211,15.960000038146973,16.59000015258789,-0.037144481,9,0,0,0,0,0,0,0,0
2018-03-16,2750.570068359375,2761.850098,2749.969970703125,2752.010009765625,0.001703447,90.13999938964844,90.37999725341797,89.88999938964844,90.23000336,0.000998491,23.559999465942383,23.649999618530273,23.559999465942383,23.62000084,0.002546748,16.600000381469727,16.719999313354492,15.229999542236328,15.800000190734863,-0.047619045,5,0,0,0,0,0,0,0,0
2018-03-19,2741.379883,2741.379883,2694.590087890625,2712.919922,-0.014204195,90.19999694824219,90.34999847,89.76000213623047,89.90000153,-0.00365734,23.540000915527344,23.559999465942383,23.489999771118164,23.520000457763672,-0.004233716,16.62999916,21.87000084,16.559999465942383,19.020000457763672,0.20379748279477994,10,0,0,0,0,0,0,0,0
2018-03-20,2715.050048828125,2724.219970703125,2710.050048828125,2716.939941,0.001481805,89.87999725341797,90.44999694824219,89.84999847,90.37000274658203,0.005228045,23.59000015258789,23.65999984741211,23.59000015258789,23.65999984741211,0.005952355,18.37999916,19.309999465942383,18.09000015258789,18.200000762939453,-0.043112496,3,0,0,0,0,0,0,0,0
2018-03-21,2714.989990234375,2739.139892578125,2709.790039,2711.929931640625,-0.00184399,90.40000153,90.40000153,89.62999725341797,89.77999877929688,-0.006528759,23.579999923706055,23.62000084,23.459999084472656,23.469999313354492,-0.008030454,17.760000228881836,18.37000084,16.260000228881836,17.860000610351562,-0.018681326,7,0,0,0,0,0,0,0,0
2018-03-22,2691.360107421875,2695.679931640625,2641.590087890625,2643.689941,-0.025162888,89.65000153,89.95999908447266,89.40000153,89.86000061035156,0.000891087,23.5,23.549999237060547,23.489999771118164,23.5,0.001278257,18.12999916,23.809999465942383,18.12000084,23.34000015258789,0.30683087093850103,6,0,0,0,0,0,0,0,0
2018-03-23,2646.709961,2657.669922,2585.889892578125,2588.260009765625,-0.020966881,89.69000244140625,89.73999786376953,89.40000153,89.44000244140625,-0.004673917,23.450000762939453,23.459999084472656,23.399999618530273,23.420000076293945,-0.003404252,24.020000457763672,26.010000228881836,21.62999916,24.87000084,0.065552728,6,0,0,0,0,0,0,0,0
2018-03-26,2619.350098,2661.360107421875,2601.810059,2658.550048828125,0.027157256,89.47000122070312,89.51999664,88.98000336,89.02999877929688,-0.00458412,23.34000015258789,23.360000610351562,23.290000915527344,23.309999465942383,-0.004696866,23.40999984741211,24.540000915527344,20.709999084472656,21.030000686645508,-0.154402896,13,0,0,0,0,0,0,0,0
2018-03-27,2667.570068359375,2674.780029296875,2596.120117,2612.620117,-0.017276309,89.01999664,89.62999725341797,88.94000244140625,89.37000274658203,0.003818982,23.420000076293945,23.440000534057617,23.37000084,23.420000076293945,0.004719031,20.329999923706055,24.059999465942383,19.84000015258789,22.5,0.069900108,4,0,0,0,0,0,0,0,0
2018-03-28,2611.300048828125,2632.649902,2593.060059,2605,-0.002916657,89.31999969482422,90.15000153,89.25,90.05999755859375,0.007720653,23.5,23.62999916,23.5,23.62999916,0.008966656,22.520000457763672,24.940000534057617,21.709999084472656,22.87000084,0.016444481743706607,7,1,0,19144,87684,0,0,1,0
2018-03-29,2614.409912109375,2659.070068359375,2609.719970703125,2640.870117,0.013769718690019195,90.06999969482422,90.18000030517578,89.90000153,90.15000153,0.000999378,23.559999465942383,23.62999916,23.559999465942383,23.610000610351562,-0.00084632,22.87000084,23.049999237060547,19.600000381469727,19.969999313354492,-0.126803735,5,0,0,0,0,0,0,0,0
2018-04-02,2633.449951171875,2638.300048828125,2553.800048828125,2581.879883,-0.022337424,89.97000122070312,90.15000153,89.81999969482422,90.05000305175781,-0.001109245,23.540000915527344,23.62000084,23.540000915527344,23.600000381469727,-0.000423559,21.06999969482422,25.719999313354492,20.440000534057617,23.62000084,0.18277424393490338,18,0,0,0,0,0,0,0,0
2018-04-03,2592.169922,2619.139892578125,2575.489990234375,2614.449951171875,0.012614865848792123,90.01999664,90.27999877929688,89.84999847,90.19999694824219,0.001665673,23.639999389648438,23.65999984741211,23.62000084,23.639999389648438,0.001694873,23.030000686645508,23.37999916,20.920000076293945,21.100000381469727,-0.106689262,12,0,0,0,0,0,0,0,0
2018-04-04,2584.040039,2649.860107421875,2573.610107421875,2644.689941,0.011566483,90.16000366210938,90.23000336,89.91999816894531,90.13999938964844,-0.000665161,23.600000381469727,23.62999916,23.56999969482422,23.62999916,-0.000423022,21.68000030517578,24.510000228881836,19.860000610351562,20.059999465942383,-0.049289142,6,1,0,29367,121639,0,0,1,0
2018-04-05,2657.360107421875,2672.080078,2649.580078,2662.840087890625,0.006862864,90.08999633789062,90.58999633789062,90.06999969482422,90.45999908447266,0.00355003,23.68000030517578,23.75,23.65999984741211,23.719999313354492,0.003808724,19.760000228881836,20.209999084472656,18.56999969482422,18.940000534057617,-0.055832451,3,1,0,19186,78137,0,0,1,0
2018-04-06,2645.820068359375,2656.879883,2586.27002,2604.469970703125,-0.021920249,90.37999725341797,90.59999847,90.06999969482422,90.11000061035156,-0.003869097,23.62999916,23.670000076293945,23.610000610351562,23.62999916,-0.003794273,20.329999923706055,23.12000084,18.600000381469727,21.489999771118164,0.1346356475795858,7,3,0,63389,149460,0,0,1,0
2018-04-09,2617.179931640625,2653.550048828125,2610.790039,2613.159912109375,0.003336549,90.06999969482422,90.26999664,89.81999969482422,89.83999633789062,-0.002996385,23.559999465942383,23.579999923706055,23.549999237060547,23.56999969482422,-0.002539123,21.270000457763672,22.020000457763672,20.34000015258789,21.770000457763672,0.013029348051544432,21,3,0,74022,319047,0,0,1,0
2018-04-10,2638.409912109375,2665.449951171875,2635.780029296875,2656.870117,0.016726954,89.83000183105469,89.97000122070312,89.54000091552734,89.58999633789062,-0.002782725,23.5,23.549999237060547,23.479999542236328,23.510000228881836,-0.002545586,20.510000228881836,21.68000030517578,20.239999771118164,20.469999313354492,-0.059715256,5,2,0,23720,114954,0,0,1,0
2018-04-11,2643.889892578125,2661.429931640625,2639.25,2642.189941,-0.005525364,89.58000183105469,89.66999816894531,89.36000061035156,89.56999969482422,-0.000223202,23.489999771118164,23.520000457763672,23.43000030517578,23.489999771118164,-0.000850721,20.950000762939453,21.65999984741211,19.639999389648438,20.239999771118164,-0.011235933,11,1,0,12588,58653,0,0,1,0
2018-04-12,2653.830078,2674.719970703125,2653.830078,2663.989990234375,0.00825075,89.51999664,89.95999908447266,89.44000244140625,89.75,0.002009605,23.579999923706055,23.600000381469727,23.520000457763672,23.540000915527344,0.002128614,19.829999923706055,19.920000076293945,18.15999984741211,18.489999771118164,-0.086462452,11,0,0,0,0,0,0,0,0
2018-04-13,2676.899902,2680.260009765625,2645.050048828125,2656.300048828125,-0.002886625,89.76000213623047,89.87999725341797,89.66000366210938,89.80000305175781,0.000557137,23.549999237060547,23.559999465942383,23.520000457763672,23.540000915527344,0,18.270000457763672,18.450000762939453,17.260000228881836,17.40999984741211,-0.058409948,6,0,0,0,0,0,0,0,0
2018-04-16,2670.100098,2686.489990234375,2665.159912109375,2677.840087890625,0.008109038,89.76999664,89.84999847,89.38999938964844,89.43000030517578,-0.004120298,23.440000534057617,23.479999542236328,23.43000030517578,23.459999084472656,-0.003398548,17.59000015258789,17.65999984741211,16.37999916,16.559999465942383,-0.048822538,15,1,1,16922,83114,16922,83114,1,1
2018-04-17,2692.739990234375,2713.340087890625,2692.050048828125,2706.389892578125,0.010661504701720004,89.41000366210938,89.66999816894531,89.23000336,89.51999664,0.001006333,23.5,23.520000457763672,23.459999084472656,23.459999084472656,0,16.15999984741211,16.270000457763672,14.569999694824219,15.25,-0.07910625,18,0,0,0,0,0,0,0,0
2018-04-18,2710.110107421875,2717.489990234375,2703.629883,2708.639892578125,0.000831366,89.51000213623047,89.77999877929688,89.44999694824219,89.62000274658203,0.001117137,23.479999542236328,23.520000457763672,23.459999084472656,23.510000228881836,0.002131336,15.300000190734863,16.899999618530273,14.949999809265137,15.600000381469727,0.022950844686539407,21,0,0,0,0,0,0,0,0
2018-04-19,2701.159912109375,2702.840087890625,2681.899902,2693.129883,-0.005726125,89.62000274658203,89.94999694824219,89.5,89.94000244140625,0.003570628,23.489999771118164,23.600000381469727,23.489999771118164,23.579999923706055,0.002977443,15.550000190734863,16.920000076293945,15.15999984741211,15.960000038146973,0.023076901,10,0,0,0,0,0,0,0,0
2018-04-20,2692.560059,2693.939941,2660.610107421875,2670.139892578125,-0.008536532,89.90000153,90.48000336,89.88999938964844,90.31999969482422,0.004225008,23.690000534057617,23.739999771118164,23.670000076293945,23.719999313354492,0.005937209,16.15999984741211,17.5,15.18999958,16.87999916,0.057644055164203234,12,0,0,0,0,0,0,0,0
2018-04-23,2675.399902,2682.860107421875,2657.989990234375,2670.290039,5.623169212687351e-05,90.31999969482422,90.98999786376953,90.31999969482422,90.94000244140625,0.006864512,23.799999237060547,23.87999916,23.799999237060547,23.87000084,0.006323842,17.290000915527344,17.559999465942383,15.789999961853027,16.34000015258789,-0.031990464,32,0,0,0,0,0,0,0,0
2018-04-24,2680.800048828125,2683.550048828125,2617.320068359375,2634.560059,-0.013380562,90.91999816894531,91.08000183105469,90.70999908447266,90.76999664,-0.001869428,23.860000610351562,23.87999916,23.809999465942383,23.84000015258789,-0.001256836,16.15999984741211,19.65999984741211,15.369999885559082,18.020000457763672,0.1028151951950691,10,0,0,0,0,0,0,0,0
2018-04-25,2634.919922,2645.300048828125,2612.669922,2639.399902,0.00183706,90.77999877929688,91.26000213623047,90.75,91.16999816894531,0.004406759,23.93000030517578,23.959999084472656,23.90999984741211,23.940000534057617,0.004194647,18.139999389648438,19.84000015258789,17.75,17.84000015258789,-0.009988918,7,0,0,0,0,0,0,0,0
2018-04-26,2651.649902,2676.47998,2647.159912109375,2666.939941,0.010434204774367295,91.20999908447266,91.63999938964844,90.95999908447266,91.55999755859375,0.004277716,23.889999389648438,24.059999465942383,23.889999389648438,24.049999237060547,0.004594766,18.06999969482422,18.12000084,16.239999771118164,16.239999771118164,-0.089686119,2,0,0,0,0,0,0,0,0
2018-04-27,2675.469970703125,2677.350098,2659.010009765625,2669.909912109375,0.001113625,91.58000183105469,91.98999786376953,91.48999786376953,91.54000091552734,-0.000218399,24.100000381469727,24.12000084,24.030000686645508,24.030000686645508,-0.000831541,16.219999313354492,16.770000457763672,15.25,15.40999984741211,-0.05110837,12,1,0,19706,94832,0,0,1,0
2018-04-30,2682.510009765625,2682.870117,2648.040039,2648.050048828125,-0.008187491,91.52999877929688,91.91999816894531,91.48000336,91.83999633789062,0.003277206,24.12999916,24.139999389648438,24.06999969482422,24.12999916,0.004161401,15.31000042,16.350000381469727,15.130000114440918,15.930000305175781,0.033744352,19,0,0,0,0,0,0,0,0
2018-05-01,2642.959961,2655.27002,2625.409912109375,2654.800048828125,0.002549045,91.80999755859375,92.56999969482422,91.80000305175781,92.44999694824219,0.006641993,24.25,24.31999969482422,24.239999771118164,24.290000915527344,0.006630823,16,16.81999969482422,15.420000076293945,15.489999771118164,-0.027620874,11,1,0,14554,70878,0,0,1,0
2018-05-02,2654.239990234375,2660.870117,2631.699951171875,2635.669922,-0.007205864,92.47000122070312,92.83000183105469,92.22000122070312,92.51000213623047,0.000649056,24.290000915527344,24.399999618530273,24.229999542236328,24.399999618530273,0.004528559,15.479999542236328,15.970000267028809,14.75,15.970000267028809,0.030987766494718016,5,1,0,21316,92050,0,0,1,0
2018-05-03,2628.080078,2637.139892578125,2594.620117,2629.72998,-0.002253674,92.72000122070312,92.76000213623047,92.34999847,92.41000366210938,-0.001080948,24.309999465942383,24.350000381469727,24.270000457763672,24.299999237060547,-0.004098376,15.779999732971191,18.65999984741211,15.430000305175781,15.899999618530273,-0.004383259,11,2,0,30828,144379,0,0,1,0
2018-05-04,2621.449951171875,2670.929931640625,2615.320068359375,2663.419922,0.012811178963797909,92.43000030517578,92.90000153,92.34999847,92.56999969482422,0.001731371,24.389999389648438,24.40999984741211,24.309999465942383,24.329999923706055,0.001234596,15.93999958,16.920000076293945,10.90999984741211,14.770000457763672,-0.071069131,6,0,0,0,0,0,0,0,0
2018-05-07,2680.340087890625,2683.350098,2664.699951171875,2672.629883,0.003457946,92.56999969482422,92.97000122070312,92.44999694824219,92.75,0.001944478,24.399999618530273,24.420000076293945,24.360000610351562,24.37999916,0.002055045,15.050000190734863,15.270000457763672,14.510000228881836,14.75,-0.001354127,19,1,0,13799,68794,0,0,1,0
2018-05-08,2670.260009765625,2676.340087890625,2655.199951171875,2671.919922,-0.000265641,92.76999664,93.27999877929688,92.65000153,93.12000274658203,0.003989248,24.479999542236328,24.520000457763672,24.43000030517578,24.469999313354492,0.003691557,14.529999732971191,15.56000042,14.520000457763672,14.710000038146973,-0.002711862,4,1,0,13568,73719,0,0,1,0
2018-05-09,2678.120117,2701.27002,2674.139892578125,2697.790039,0.00968222,93.06999969482422,93.41999816894531,92.83999633789062,93.04000091552734,-0.000859126,24.440000534057617,24.479999542236328,24.420000076293945,24.469999313354492,0,14.539999961853027,14.630000114440918,13.380000114440918,13.420000076293945,-0.087695442,9,0,0,0,0,0,0,0,0
2018-05-10,2705.02002,2726.110107421875,2704.540039,2723.070068359375,0.009370644,93.08000183105469,93.16000366210938,92.54000091552734,92.65000153,-0.004191739,24.360000610351562,24.450000762939453,24.329999923706055,24.360000610351562,-0.004495247,13.359999656677246,13.630000114440918,12.920000076293945,13.229999542236328,-0.014158013,7,0,0,0,0,0,0,0,0
2018-05-11,2722.699951171875,2732.860107421875,2717.449951171875,2727.719970703125,0.001707596,92.69000244140625,92.83999633789062,92.37000274658203,92.54000091552734,-0.00118727,24.290000915527344,24.350000381469727,24.280000686645508,24.31999969482422,-0.001642074,13.220000267028809,13.43999958,12.649999618530273,12.649999618530273,-0.043839754,2,0,0,0,0,0,0,0,0
2018-05-14,2738.469970703125,2742.100098,2725.469970703125,2730.129883,0.00088349,92.55000305175781,92.69000244140625,92.23999786376953,92.58999633789062,0.000540257,24.260000228881836,24.360000610351562,24.25,24.350000381469727,0.001233581,13.09000015258789,13.279999732971191,12.81000042,12.930000305175781,0.022134442,14,2,0,29882,158317,0,0,1,0
2018-05-15,2718.590087890625,2718.590087890625,2701.909912109375,2711.449951171875,-0.00684214,92.65000153,93.45999908447266,92.61000061035156,93.22000122070312,0.006804244,24.540000915527344,24.579999923706055,24.469999313354492,24.5,0.006160149,13.130000114440918,15.010000228881836,12.5,14.630000114440918,0.13147716698696743,11,2,0,21781,120614,0,0,1,0
2018-05-16,2712.620117,2727.760009765625,2712.169922,2722.459961,0.004060562,93.30999755859375,93.62999725341797,93.13999938964844,93.38999938964844,0.001823623,24.559999465942383,24.600000381469727,24.530000686645508,24.559999465942383,0.002448958,14.380000114440918,14.90999984741211,13.210000038146973,13.420000076293945,-0.082706769,10,3,0,25098,128179,0,0,1,0
2018-05-17,2719.709961,2731.959961,2711.360107421875,2720.129883,-0.000855872,93.26000213623047,93.56999969482422,93.12000274658203,93.47000122070312,0.000856642,24.600000381469727,24.62000084,24.559999465942383,24.59000015258789,0.001221526,13.539999961853027,13.859999656677246,12.649999618530273,13.430000305175781,0.000745174,6,0,0,0,0,0,0,0,0
2018-05-18,2717.350098,2719.5,2709.179931640625,2712.969970703125,-0.002632195,93.5,93.83000183105469,93.33999633789062,93.63999938964844,0.001818746,24.670000076293945,24.68000030517578,24.610000610351562,24.639999389648438,0.002033316,13.180000305175781,13.869999885559082,13.06000042,13.420000076293945,-0.000744619,12,1,0,6346,36982,0,0,1,0
2018-05-21,2735.389892578125,2739.189941,2725.699951171875,2733.010009765625,0.007386753,93.66999816894531,94.05999755859375,93.51000213623047,93.68000030517578,0.000427178,24.65999984741211,24.690000534057617,24.610000610351562,24.62000084,-0.00081163,12.989999771118164,13.59000015258789,12.779999732971191,13.079999923706055,-0.025335332,28,5,0,64078,317866,0,0,1,0
2018-05-22,2738.340087890625,2742.239990234375,2721.879883,2724.439941,-0.003135762,93.54000091552734,93.73000336,93.29000091552734,93.61000061035156,-0.000747221,24.600000381469727,24.639999389648438,24.59000015258789,24.610000610351562,-0.000406183,13.029999732971191,13.420000076293945,12.770000457763672,13.220000267028809,0.010703390224721554,3,0,0,0,0,0,0,0,0
2018-05-23,2713.97998,2733.330078,2709.540039,2733.290039,0.00324841,93.55000305175781,94.19000244140625,93.51000213623047,94.01000213623047,0.004273064,24.739999771118164,24.790000915527344,24.709999084472656,24.709999084472656,0.004063327,13.5,14.600000381469727,12.489999771118164,12.579999923706055,-0.048411523,16,1,0,9092,49053,0,0,1,0
2018-05-24,2730.939941,2731.969970703125,2707.379883,2727.760009765625,-0.002023213,93.91999816894531,93.98000336,93.61000061035156,93.77999877929688,-0.002446584,24.700000762939453,24.700000762939453,24.62999916,24.68000030517578,-0.001214034,12.729999542236328,14.239999771118164,12.529999732971191,12.529999732971191,-0.003974578,11,0,0,0,0,0,0,0,0
2018-05-25,2723.600098,2727.360107421875,2714.989990234375,2721.330078,-0.00235722,93.80000305175781,94.27999877929688,93.75,94.19000244140625,0.004371973,24.799999237060547,24.809999465942383,24.770000457763672,24.799999237060547,0.004862193,12.43999958,13.520000457763672,12.289999961853027,13.220000267028809,0.055067881,14,0,0,0,0,0,0,0,0
2018-05-29,2705.110107421875,2710.669922,2676.810059,2689.860107421875,-0.011564187,94.41000366210938,95.02999877929688,94.27999877929688,94.83000183105469,0.00679477,24.920000076293945,25,24.90999984741211,24.969999313354492,0.006854842,14.390000343322754,18.780000686645508,14.390000343322754,17.020000457763672,0.28744327639782363,38,0,0,0,0,0,0,0,0
2018-05-30,2702.429931640625,2729.340087890625,2702.429931640625,2724.010009765625,0.012695791223314323,94.81999969482422,94.97000122070312,94.04000091552734,94.15000153,-0.00717073,24.850000381469727,24.87000084,24.760000228881836,24.780000686645508,-0.007609076,16.600000381469727,16.639999389648438,14.649999618530273,14.93999958,-0.122209214,8,0,0,0,0,0,0,0,0
2018-05-31,2720.97998,2722.5,2700.679931640625,2705.27002,-0.00687956,94.06999969482422,94.25,93.72000122070312,93.98999786376953,-0.001699455,24.780000686645508,24.81999969482422,24.739999771118164,24.760000228881836,-0.000807121,14.930000305175781,16.290000915527344,14.199999809265137,15.430000305175781,0.032797908,16,0,0,0,0,0,0,0,0
2018-06-01,2718.699951171875,2736.929931640625,2718.699951171875,2734.620117,0.010849230370481022,93.94999694824219,94.44999694824219,93.87999725341797,94.19000244140625,0.002127935,24.790000915527344,24.87999916,24.770000457763672,24.799999237060547,0.001615469,14.920000076293945,14.930000305175781,13.369999885559082,13.460000038146973,-0.127673378,7,0,0,0,0,0,0,0,0
2018-06-04,2741.669922,2749.159912109375,2740.540039,2746.870117,0.004479598,94.16000366210938,94.19999694824219,93.66000366210938,94.01999664,-0.001804924,24.719999313354492,24.799999237060547,24.700000762939453,24.780000686645508,-0.000806393,13.90999984741211,13.90999984741211,12.68999958,12.739999771118164,-0.053491847,33,5,0,72286,331668,0,0,1,0
2018-06-05,2748.459961,2752.610107421875,2739.510009765625,2748.800048828125,0.000702593,94.05999755859375,94.31999969482422,93.77999877929688,93.88999938964844,-0.001382655,24.799999237060547,24.850000381469727,24.700000762939453,24.75,-0.001210681,12.90999984741211,13.34000015258789,12.300000190734863,12.399999618530273,-0.026687611,17,0,0,0,0,0,0,0,0
2018-06-06,2753.25,2772.389892578125,2748.459961,2772.350098,0.008567392,93.87999725341797,93.88999938964844,93.41999816894531,93.66000366210938,-0.00244963,24.649999618530273,24.68000030517578,24.600000381469727,24.68000030517578,-0.00282827,12.100000381469727,12.56000042,11.619999885559082,11.640000343322754,-0.061290266,19,0,0,0,0,0,0,0,0
2018-06-07,2774.840087890625,2779.899902,2760.159912109375,2770.370117,-0.000714188,93.58999633789062,93.58999633789062,93.20999908447266,93.40000153,-0.002776021,24.59000015258789,24.62999916,24.579999923706055,24.62999916,-0.002025978,11.65999984741211,13.279999732971191,11.220000267028809,12.130000114440918,0.042096199,19,0,0,0,0,0,0,0,0
2018-06-08,2765.840087890625,2779.389892578125,2763.590087890625,2779.030029296875,0.003125904,93.44000244140625,93.81999969482422,93.38999938964844,93.55000305175781,0.001606012,24.68000030517578,24.690000534057617,24.639999389648438,24.639999389648438,0.000406018,12.539999961853027,13.31000042,12.09000015258789,12.180000305175781,0.004122027,9,3,0,61011,240921,0,0,1,0
2018-06-11,2780.179931640625,2790.209961,2780.169922,2782,0.001068708,93.54000091552734,93.68000030517578,93.37000274658203,93.58000183105469,0.000320671,24.639999389648438,24.670000076293945,24.610000610351562,24.65999984741211,0.000811707,12.520000457763672,12.68999958,12.140000343322754,12.350000381469727,0.013957312974918867,21,4,0,86768,374567,0,0,1,0
2018-06-12,2785.600098,2789.800048828125,2778.780029296875,2786.850098,0.001743385,93.66999816894531,93.91000366210938,93.47000122070312,93.80000305175781,0.002350943,24.65999984741211,24.75,24.639999389648438,24.709999084472656,0.002027544,12.289999961853027,12.600000381469727,11.880000114440918,12.34000015258789,-0.000809735,10,0,0,0,0,0,0,0,0
2018-06-13,2787.939941,2791.469970703125,2774.649902,2775.629883,-0.004026128,93.83000183105469,94.02999877929688,93.51999664,93.70999908447266,-0.000959531,24.690000534057617,24.780000686645508,24.639999389648438,24.670000076293945,-0.001618738,12.130000114440918,12.949999809265137,11.979999542236328,12.93999958,0.048622319,19,0,0,0,0,0,0,0,0
2018-06-14,2783.209961,2789.060059,2776.52002,2782.489990234375,0.00247155,93.5,94.87000274658203,93.19000244140625,94.76999664,0.011311466961366978,24.81999969482422,24.989999771118164,24.81999969482422,24.989999771118164,0.012971207694957299,12.979999542236328,13.069999694824219,11.880000114440918,12.119999885559082,-0.063369376,10,0,0,0,0,0,0,0,0
2018-06-15,2777.780029296875,2782.810059,2761.72998,2779.659912109375,-0.001017103,94.91000366210938,95.12999725341797,94.65000153,94.79000091552734,0.000211082,24.959999084472656,25,24.950000762939453,24.969999313354492,-0.000800338,12.18999958,13.15999984741211,11.930000305175781,11.979999542236328,-0.011551184,16,0,0,0,0,0,0,0,0
2018-06-18,2765.790039,2774.989990234375,2757.120117,2773.75,-0.002126128,94.79000091552734,95.05000305175781,94.69999694824219,94.75,-0.000421995,25,25.010000228881836,24.969999313354492,24.969999313354492,0,12.789999961853027,13.739999771118164,12.279999732971191,12.31000042,0.027545984139392576,35,0,0,0,0,0,0,0,0
2018-06-19,2752.010009765625,2765.050048828125,2743.189941,2762.590087890625,-0.004023402,94.73999786376953,95.30000305175781,94.52999877929688,95.08999633789062,0.003588352,25.06999969482422,25.09000015258789,25.030000686645508,25.040000915527344,0.002803428,14.609999656677246,14.680000305175781,13.210000038146973,13.350000381469727,0.084484153,9,0,0,0,0,0,0,0,0
2018-06-20,2769.72998,2774.860107421875,2763.909912109375,2767.320068359375,0.001712154,94.97000122070312,95.30000305175781,94.91999816894531,95.05999755859375,-0.000315478,25.040000915527344,25.079999923706055,25.030000686645508,25.059999465942383,0.000798664,12.899999618530273,13.020000457763672,12.25,12.789999961853027,-0.041947596,11,0,0,0,0,0,0,0,0
2018-06-21,2769.280029296875,2769.280029296875,2744.389892578125,2749.760009765625,-0.006345511,95.12999725341797,95.52999877929688,94.68000030517578,94.87000274658203,-0.001998683,25.040000915527344,25.059999465942383,24.950000762939453,24.989999771118164,-0.002793284,12.539999961853027,15.180000305175781,12.180000305175781,14.640000343322754,0.14464428357994286,17,0,0,0,0,0,0,0,0
2018-06-22,2760.790039,2764.169922,2752.679931640625,2754.879883,0.001861935,94.86000061035156,94.87999725341797,94.43000030517578,94.51999664,-0.003689323,24.920000076293945,24.989999771118164,24.899999618530273,24.899999618530273,-0.003601447,14.600000381469727,14.600000381469727,13.109999656677246,13.770000457763672,-0.05942622,21,1,0,14415,55360,0,0,1,0
2018-06-25,2742.939941,2742.939941,2698.669922,2717.070068359375,-0.013724669,94.5,94.69999694824219,94.20999908447266,94.27999877929688,-0.002539123,24.87999916,24.899999618530273,24.84000015258789,24.860000610351562,-0.001606386,15.069999694824219,19.610000610351562,14.56000042,17.329999923706055,0.2585329954680733,47,2,0,37961,171379,0,0,1,0
2018-06-26,2722.120117,2732.909912109375,2715.600098,2723.060059,0.002204577,94.29000091552734,94.76999664,94.16999816894531,94.68000030517578,0.004242698,24.920000076293945,24.989999771118164,24.90999984741211,24.989999771118164,0.00522925,16.709999084472656,17.540000915527344,15.100000381469727,15.920000076293945,-0.081361792,17,5,0,57316,277945,0,0,1,0
2018-06-27,2728.449951171875,2746.090087890625,2699.379883,2699.629883,-0.008604355,94.66999816894531,95.41999816894531,94.52999877929688,95.29000091552734,0.006442761,25.040000915527344,25.170000076293945,25.040000915527344,25.139999389648438,0.006002386,16.520000457763672,18.190000534057617,14.760000228881836,17.90999984741211,0.1249999850239587,15,0,0,0,0,0,0,0,0
2018-06-28,2698.689941,2724.340087890625,2691.989990234375,2716.310059,0.00617869,95.26999664,95.52999877929688,95.08999633789062,95.38999938964844,0.001049412,25.149999618530273,25.170000076293945,25.09000015258789,25.139999389648438,0,17.540000915527344,18.989999771118164,16.399999618530273,16.850000381469727,-0.059184784,16,0,0,0,0,0,0,0,0
2018-06-29,2727.129883,2743.260009765625,2718.030029296875,2718.370117,0.000758403,95.30000305175781,95.31999969482422,94.48000336,94.62999725341797,-0.007967315,25.020000457763672,25.040000915527344,24.940000534057617,24.940000534057617,-0.007955404,15.729999542236328,16.510000228881836,14.65999984741211,16.09000015258789,-0.04510387,3,0,0,0,0,0,0,0,0
2018-07-02,2704.949951171875,2727.260009765625,2698.949951171875,2726.709961,0.003067957,94.62999725341797,95.13999938964844,94.52999877929688,94.87000274658203,0.002536252,25.110000610351562,25.110000610351562,25.059999465942383,25.059999465942383,0.004811505,17.700000762939453,18.079999923706055,15.539999961853027,15.600000381469727,-0.030453683,23,0,0,0,0,0,0,0,0
2018-07-03,2733.27002,2736.580078,2711.159912109375,2713.219970703125,-0.004947351,94.83999633789062,94.98000336,94.55999755859375,94.58999633789062,-0.002951475,25,25,24.959999084472656,24.979999542236328,-0.003192335,15.369999885559082,16.450000762939453,14.680000305175781,16.139999389648438,0.03461532,15,0,0,0,0,0,0,0,0
2018-07-05,2724.189941,2737.830078,2716.02002,2736.610107421875,0.008620804,94.51000213623047,94.58999633789062,94.18000030517578,94.47000122070312,-0.001268581,24.920000076293945,24.950000762939453,24.889999389648438,24.899999618530273,-0.003202559,15.619999885559082,16.219999313354492,14.470000267028809,14.970000267028809,-0.072490655,17,0,0,0,0,0,0,0,0
2018-07-06,2737.679931640625,2764.409912109375,2733.52002,2759.820068359375,0.008481282,94.36000061035156,94.48999786376953,93.91999816894531,94.04000091552734,-0.004551713,24.809999465942383,24.84000015258789,24.780000686645508,24.81999969482422,-0.003212848,14.989999771118164,15.449999809265137,13.34000015258789,13.369999885559082,-0.106880451,6,0,0,0,0,0,0,0,0
2018-07-09,2775.620117,2784.649902,2770.72998,2784.169922,0.008822986,93.97000122070312,94.20999908447266,93.70999908447266,94.08000183105469,0.000425361,24.770000457763672,24.87000084,24.760000228881836,24.829999923706055,0.00040291,13.020000457763672,13.220000267028809,12.600000381469727,12.68999958,-0.050860158,20,1,0,15862,78725,0,0,1,0
2018-07-10,2788.560059,2795.580078,2786.239990234375,2793.840087890625,0.003473267,94.05999755859375,94.48000336,94.01999664,94.11000061035156,0.000318865,24.899999618530273,24.920000076293945,24.84000015258789,24.84000015258789,0.000402748,12.520000457763672,13.210000038146973,11.930000305175781,12.640000343322754,-0.00394005,18,1,0,12274,60726,0,0,1,0
2018-07-11,2779.820068359375,2785.909912109375,2770.77002,2774.02002,-0.007094203,94.19999694824219,94.76999664,94.08999633789062,94.72000122070312,0.006481783,24.84000015258789,25.030000686645508,24.84000015258789,25.010000228881836,0.006843803,14.050000190734863,14.149999618530273,13.09000015258789,13.630000114440918,0.078322765,8,1,0,13776,69029,0,0,1,0
2018-07-12,2783.139892578125,2799.219970703125,2781.530029296875,2798.290039,0.008749043,94.69999694824219,94.94000244140625,94.63999938964844,94.80999755859375,0.00095013,25.030000686645508,25.040000915527344,24.989999771118164,25.030000686645508,0.000799698,13.069999694824219,13.329999923706055,12.420000076293945,12.579999923706055,-0.077035963,21,0,0,0,0,0,0,0,0
2018-07-13,2796.929931640625,2804.530029296875,2791.689941,2801.310059,0.001079237,94.90000153,95.23999786376953,94.66999816894531,94.75,-0.000632819,25.079999923706055,25.100000381469727,25,25,-0.001198589,12.390000343322754,12.970000267028809,11.619999885559082,12.180000305175781,-0.031796472,4,0,0,0,0,0,0,0,0
2018-07-16,2797.360107421875,2801.189941,2793.389892578125,2798.429931640625,-0.001028136,94.69000244140625,94.76999664,94.41000366210938,94.51000213623047,-0.002532959,24.950000762939453,24.989999771118164,24.93000030517578,24.959999084472656,-0.001600037,12.770000457763672,12.970000267028809,12.460000038146973,12.829999923706055,0.053366141,34,0,0,0,0,0,0,0,0
2018-07-17,2789.340087890625,2814.189941,2789.239990234375,2809.550048828125,0.003973699,94.55000305175781,95.05999755859375,94.30000305175781,94.97000122070312,0.0048672,25,25.110000610351562,25,25.06999969482422,0.004407076,12.90999984741211,13.180000305175781,11.850000381469727,12.06000042,-0.06001555,8,0,0,0,0,0,0,0,0
2018-07-18,2811.350098,2816.760009765625,2805.889892578125,2815.620117,0.002160513,95.02999877929688,95.41000366210938,94.95999908447266,95.08000183105469,0.001158267,25.149999618530273,25.149999618530273,25.079999923706055,25.100000381469727,0.001196677,11.869999885559082,12.470000267028809,11.43999958,12.100000381469727,0.003316746,12,0,1,0,0,12806,60719,0,1
2018-07-19,2809.370117,2812.050048828125,2799.77002,2804.489990234375,-0.003952993,95.08000183105469,95.65000153,94.93000030517578,95.16999816894531,0.000946533,25.229999542236328,25.239999771118164,25.06999969482422,25.149999618530273,0.001992001,12.199999809265137,13.09000015258789,11.789999961853027,12.869999885559082,0.063636321,16,0,0,0,0,0,0,0,0
2018-07-20,2804.550048828125,2809.699951171875,2800.010009765625,2801.830078,-0.000948448,95.12999725341797,95.27999877929688,94.36000061035156,94.45999908447266,-0.007460325,24.989999771118164,25.010000228881836,24.93000030517578,24.950000762939453,-0.007952241,13,13.579999923706055,12.489999771118164,12.859999656677246,-0.000777019,11,2,1,28528,125037,13574,60138,1,1
2018-07-23,2799.169922,2808.610107421875,2795.139892578125,2806.97998,0.001838049,94.43000030517578,94.72000122070312,94.20999908447266,94.66999816894531,0.002223154,24.950000762939453,25.020000457763672,24.950000762939453,24.989999771118164,0.001603167,13.470000267028809,13.550000190734863,12.579999923706055,12.619999885559082,-0.018662502,27,0,0,0,0,0,0,0,0
2018-07-24,2820.679931640625,2829.989990234375,2811.120117,2820.399902,0.004780911,94.66999816894531,94.86000061035156,94.40000153,94.61000061035156,-0.000633755,24.989999771118164,25.010000228881836,24.940000534057617,25,0.000400169,12.609999656677246,13.210000038146973,11.65999984741211,12.40999984741211,-0.016640257,14,1,0,17113,80214,0,0,1,0
2018-07-25,2817.72998,2848.030029296875,2817.72998,2846.070068359375,0.009101605,94.58999633789062,94.66999816894531,94.13999938964844,94.36000061035156,-0.002642427,24.940000534057617,25,24.87000084,24.87999916,-0.004800034,12.369999885559082,12.819999694824219,11.800000190734863,12.289999961853027,-0.009669612,10,3,0,58867,249467,0,0,1,0
2018-07-26,2835.489990234375,2845.570068359375,2835.260009765625,2837.439941,-0.003032296,94.16000366210938,94.77999877929688,94.08000183105469,94.75,0.004133101,24.969999313354492,25.049999237060547,24.959999084472656,25.049999237060547,0.006832801,12.449999809265137,12.529999732971191,11.779999732971191,12.140000343322754,-0.012205014,15,1,0,10347,51594,0,0,1,0
2018-07-27,2842.350098,2843.169922,2808.340087890625,2818.820068359375,-0.006562209,94.76000213623047,94.91000366210938,94.62999725341797,94.68000030517578,-0.000738783,25.040000915527344,25.040000915527344,25.010000228881836,25.020000457763672,-0.001197556,12.170000076293945,14.260000228881836,11.600000381469727,13.029999732971191,0.073311315,18,0,0,0,0,0,0,0,0
2018-07-30,2819,2821.739990234375,2798.110107421875,2802.600098,-0.00575417,94.66000366210938,94.76000213623047,94.26000213623047,94.36000061035156,-0.003379802,24.969999313354492,24.969999313354492,24.90999984741211,24.93000030517578,-0.003597128,13.630000114440918,14.460000038146973,12.979999542236328,14.260000228881836,0.094397584,27,0,0,0,0,0,0,0,0
2018-07-31,2809.72998,2824.459961,2808.060059,2816.290039,0.004884729,94.33000183105469,94.56999969482422,94.16000366210938,94.48999786376953,0.001377673,24.959999084472656,24.989999771118164,24.940000534057617,24.979999542236328,0.002005585,13.979999542236328,14.119999885559082,12.81000042,12.829999923706055,-0.100280525,26,0,0,0,0,0,0,0,0
2018-08-01,2821.169922,2825.830078,2805.850098,2813.360107421875,-0.001040352,94.55999755859375,94.70999908447266,94.48999786376953,94.62000274658203,0.001375859,25.010000228881836,25.030000686645508,24.989999771118164,25.010000228881836,0.001200988,13.09000015258789,13.630000114440918,12.449999809265137,13.149999618530273,0.024941519620195196,15,0,0,0,0,0,0,0,0
2018-08-02,2800.47998,2829.909912109375,2796.340087890625,2827.219970703125,0.004926445,94.62999725341797,95.19000244140625,94.61000061035156,95.16999816894531,0.005812676,25.100000381469727,25.170000076293945,25.079999923706055,25.149999618530273,0.005597736,13.569999694824219,14.529999732971191,12.170000076293945,12.18999958,-0.073003807,14,0,0,0,0,0,0,0,0
2018-08-03,2829.620117,2840.379883,2827.370117,2840.350098,0.004644183,95.18000030517578,95.37000274658203,94.98000336,95.13999938964844,-0.000315213,25.190000534057617,25.190000534057617,25.110000610351562,25.170000076293945,0.000795247,12.430000305175781,12.460000038146973,11.069999694824219,11.640000343322754,-0.045118889,5,0,0,0,0,0,0,0,0
2018-08-06,2840.290039,2853.290039,2835.97998,2850.399902,0.003538227,95.19999694824219,95.51999664,95.19999694824219,95.36000061035156,0.002312395,25.229999542236328,25.25,25.200000762939453,25.209999084472656,0.001589154,11.90999984741211,12.149999618530273,11.170000076293945,11.270000457763672,-0.031786931,52,6,0,82926,388340,0,0,1,0
2018-08-07,2855.919922,2863.429931640625,2855.919922,2858.449951171875,0.002824182,95.33999633789062,95.37000274658203,94.98999786376953,95.22000122070312,-0.001468114,25.149999618530273,25.200000762939453,25.139999389648438,25.18000030517578,-0.001189956,11.119999885559082,11.239999771118164,10.520000457763672,10.930000305175781,-0.030168601,7,0,0,0,0,0,0,0,0
2018-08-08,2856.790039,2862.439941,2853.090087890625,2857.699951171875,-0.00026238,95.13999938964844,95.41999816894531,94.98999786376953,95.09999847,-0.001260268,25.18000030517578,25.200000762939453,25.139999389648438,25.149999618530273,-0.001191449,10.930000305175781,11.180000305175781,10.520000457763672,10.850000381469727,-0.007319297,10,1,0,16908,81138,0,0,1,0
2018-08-09,2857.189941,2862.47998,2851.97998,2853.580078,-0.001441674,95.09999847,95.62000274658203,95.02999877929688,95.5,0.004206115,25.190000534057617,25.299999237060547,25.18000030517578,25.299999237060547,0.0059642,10.93999958,11.31000042,10.170000076293945,11.270000457763672,0.038709683,5,0,0,0,0,0,0,0,0
2018-08-10,2838.899902,2842.199951171875,2825.810059,2833.280029296875,-0.007113888,95.63999938964844,96.44999694824219,95.52999877929688,96.36000061035156,0.009005242,25.489999771118164,25.520000457763672,25.420000076293945,25.479999542236328,0.007114637,12.34000015258789,13.819999694824219,12.300000190734863,13.15999984741211,0.16770180238515042,5,1,0,29458,103039,0,0,1,0
2018-08-13,2835.459961,2843.399902,2819.879883,2821.929931640625,-0.004005992,95.19000244140625,96.51999664,95.16000366210938,96.38999938964844,0.00031132,25.469999313354492,25.530000686645508,25.440000534057617,25.489999771118164,0.000392474,14.5,15.020000457763672,12.949999809265137,14.779999732971191,0.12310029668257583,30,1,0,19743,86357,0,0,1,0
2018-08-14,2827.879883,2843.110107421875,2826.580078,2839.959961,0.006389255,95.16999816894531,96.79000091552734,95.16000366210938,96.73000336,0.003527378,25.5,25.62000084,25.489999771118164,25.59000015258789,0.003923122,13.930000305175781,14.220000267028809,13.109999656677246,13.31000042,-0.099458683,19,0,0,0,0,0,0,0,0
2018-08-15,2827.949951171875,2827.949951171875,2802.489990234375,2818.370117,-0.007602165,96.66000366210938,96.98000336,96.65000153,96.69999694824219,-0.000310208,25.65999984741211,25.670000076293945,25.579999923706055,25.59000015258789,0,13.520000457763672,16.860000610351562,13.43999958,14.640000343322754,0.09992486,17,1,0,15903,70158,0,0,1,0
2018-08-16,2831.439941,2850.489990234375,2831.439941,2840.689941,0.007919408,96.72000122070312,96.76999664,96.31999969482422,96.65000153,-0.000517016,25.559999465942383,25.62000084,25.5,25.56999969482422,-0.000781573,14.180000305175781,14.359999656677246,12.819999694824219,13.449999809265137,-0.081284188,13,0,0,0,0,0,0,0,0
2018-08-17,2838.320068359375,2855.629883,2833.72998,2850.129883,0.003323116,96.61000061035156,96.66000366210938,96.08999633789062,96.09999847,-0.005690668,25.489999771118164,25.510000228881836,25.440000534057617,25.440000534057617,-0.00508405,13.180000305175781,13.960000038146973,12.399999618530273,12.640000343322754,-0.060223009,20,0,0,0,0,0,0,0,0
2018-08-20,2853.929931640625,2859.760009765625,2850.620117,2857.050048828125,0.002428018,96.12999725341797,96.40000153,95.76999664,95.90000153,-0.002081134,25.440000534057617,25.469999313354492,25.37000084,25.37999916,-0.002358544,12.569999694824219,12.789999961853027,12.260000228881836,12.489999771118164,-0.011867134,31,2,2,39336,162756,19165,72161,1,1
2018-08-21,2861.510009765625,2873.22998,2861.320068359375,2862.959961,0.002068536,95.73999786376953,95.75,95.08000183105469,95.26000213623047,-0.006673612,25.299999237060547,25.31999969482422,25.170000076293945,25.229999542236328,-0.005910151,12.470000267028809,12.890000343322754,12.09000015258789,12.859999656677246,0.029623690339424025,13,0,0,0,0,0,0,0,0
2018-08-22,2860.989990234375,2867.540039,2856.050048828125,2861.820068359375,-0.000398152,95.20999908447266,95.37999725341797,94.93000030517578,95.15000153,-0.001154741,25.15999984741211,25.209999084472656,25.139999389648438,25.15999984741211,-0.002774463,13.09000015258789,13.289999961853027,11.970000267028809,12.25,-0.047433878,10,0,0,0,0,0,0,0,0
2018-08-23,2860.290039,2868.780029296875,2854.030029296875,2856.97998,-0.001691262,95.16999816894531,95.70999908447266,95.15000153,95.62000274658203,0.004939582,25.280000686645508,25.350000381469727,25.229999542236328,25.31999969482422,0.006359294,12.029999732971191,12.680000305175781,11.649999618530273,12.40999984741211,0.013061212033641523,15,0,0,0,0,0,0,0,0
2018-08-24,2862.350098,2876.159912109375,2862.350098,2874.689941,0.00619884,95.63999938964844,95.69000244140625,95.02999877929688,95.15000153,-0.004915302,25.25,25.270000457763672,25.15999984741211,25.200000762939453,-0.004739294,12.130000114440918,12.170000076293945,11.829999923706055,11.989999771118164,-0.033843681,14,2,0,19295,95183,0,0,1,0
2018-08-27,2884.689941,2898.25,2884.689941,2896.739990234375,0.007670409,95.16999816894531,95.30000305175781,94.69000244140625,94.77999877929688,-0.003888626,25.15999984741211,25.170000076293945,25.079999923706055,25.100000381469727,-0.003968269,12.369999885559082,12.479999542236328,12.020000457763672,12.15999984741211,0.014178488702180525,30,0,0,0,0,0,0,0,0
2018-08-28,2901.449951171875,2903.77002,2893.5,2897.52002,0.000269278,94.76999664,94.91000366210938,94.43000030517578,94.72000122070312,-0.000633019,25.010000228881836,25.100000381469727,25.010000228881836,25.100000381469727,0,12.010000228881836,12.5,11.869999885559082,12.5,0.027960539214994196,11,1,0,19362,76968,0,0,1,0
2018-08-29,2900.620117,2916.5,2898.399902,2914.040039,0.005701434,94.73000336,94.93000030517578,94.52999877929688,94.59999847,-0.001266921,25.100000381469727,25.139999389648438,25.049999237060547,25.059999465942383,-0.001593662,12.34000015258789,12.550000190734863,12.09000015258789,12.25,-0.02,19,2,0,56507,192316,0,0,1,0
2018-08-30,2908.939941,2912.459961,2895.219970703125,2901.129883,-0.004430329,94.52999877929688,94.90000153,94.47000122070312,94.72000122070312,0.001268528,25.110000610351562,25.149999618530273,25.079999923706055,25.079999923706055,0.000798103,12.25,13.949999809265137,12.239999771118164,13.529999732971191,0.10448977412009719,24,3,0,29058,130428,0,0,1,0
2018-08-31,2898.370117,2906.320068359375,2891.72998,2901.52002,0.000134478,94.69999694824219,95.22000122070312,94.55000305175781,95.13999938964844,0.004434102,25.15999984741211,25.239999771118164,25.12000084,25.190000534057617,0.004385989,13.539999961853027,14.029999732971191,12.819999694824219,12.859999656677246,-0.049519593,3,0,0,0,0,0,0,0,0
2018-09-04,2896.959961,2900.179931640625,2885.129883,2896.719970703125,-0.001654322,95.13999938964844,95.73999786376953,95.13999938964844,95.41999816894531,0.002943019,25.31999969482422,25.37000084,25.290000915527344,25.299999237060547,0.004366761,13.130000114440918,14.350000381469727,13.119999885559082,13.15999984741211,0.023328164754584213,45,0,0,0,0,0,0,0,0
2018-09-05,2891.590087890625,2894.209961,2876.919922,2888.600098,-0.002803127,95.40000153,95.66000366210938,95.08999633789062,95.12999725341797,-0.003039205,25.209999084472656,25.260000228881836,25.209999084472656,25.209999084472656,-0.003557318,13.68999958,14.300000190734863,13.229999542236328,13.90999984741211,0.056990882,21,0,0,0,0,0,0,0,0
2018-09-06,2888.639892578125,2892.050048828125,2867.290039,2878.050048828125,-0.003652305,95.09999847,95.20999908447266,94.93000030517578,95.01999664,-0.001156319,25.190000534057617,25.239999771118164,25.170000076293945,25.209999084472656,0,14.210000038146973,15.40999984741211,13.720000267028809,14.649999618530273,0.053199121440381525,10,0,1,0,0,15168,65334,0,1
2018-09-07,2868.260009765625,2883.810059,2864.120117,2871.679931640625,-0.002213345,95.01999664,95.45999908447266,94.87000274658203,95.37000274658203,0.003683499,25.25,25.309999465942383,25.229999542236328,25.280000686645508,0.00277674,14.720000267028809,15.630000114440918,14.31000042,14.880000114440918,0.015699692962430234,9,0,0,0,0,0,0,0,0
2018-09-10,2881.389892578125,2886.929931640625,2875.939941,2877.129883,0.001897827,95.43000030517578,95.55999755859375,95.02999877929688,95.15000153,-0.002306818,25.229999542236328,25.239999771118164,25.200000762939453,25.229999542236328,-0.001977893,15.09000015258789,15.199999809265137,13.930000305175781,14.15999984741211,-0.048387114,47,3,0,65297,283573,0,0,1,0
2018-09-11,2871.570068359375,2892.52002,2866.780029296875,2887.889892578125,0.003739842,95.15000153,95.34999847,94.87999725341797,95.05999755859375,-0.000945917,25.25,25.280000686645508,25.229999542236328,25.25,0.000792725,13.960000038146973,14.920000076293945,13.210000038146973,13.220000267028809,-0.066384152,14,0,0,0,0,0,0,0,0
2018-09-12,2888.290039,2894.649902,2879.199951171875,2888.919922,0.000356672,95.09999847,95.27999877929688,94.73000336,94.80000305175781,-0.002735057,25.219999313354492,25.239999771118164,25.12000084,25.15999984741211,-0.003564362,13.069999694824219,13.859999656677246,12.90999984741211,13.140000343322754,-0.006051431,13,0,0,0,0,0,0,0,0
2018-09-13,2896.850098,2906.760009765625,2896.389892578125,2904.179931640625,0.005282254,94.83000183105469,94.97000122070312,94.43000030517578,94.54000091552734,-0.002742638,25.049999237060547,25.110000610351562,25.040000915527344,25.09000015258789,-0.002782182,12.90999984741211,12.90999984741211,12.300000190734863,12.369999885559082,-0.058599729,19,1,0,18382,75004,0,0,1,0
2018-09-14,2906.379883,2908.300048828125,2895.77002,2904.97998,0.000275482,94.55000305175781,95,94.36000061035156,94.98000336,0.00465414,25.12000084,25.209999084472656,25.100000381469727,25.18000030517578,0.003587093,12.130000114440918,13.149999618530273,11.930000305175781,12.069999694824219,-0.024252239,25,0,0,0,0,0,0,0,0
2018-09-17,2903.830078,2904.649902,2886.159912109375,2888.800048828125,-0.005569722,94.93000030517578,94.98000336,94.44000244140625,94.51000213623047,-0.004948423,25.06999969482422,25.09000015258789,25.059999465942383,25.059999465942383,-0.00476572,12.720000267028809,13.75,12.319999694824219,13.680000305175781,0.1333886206345103,56,1,1,14280,67563,3571,0,1,1
2018-09-18,2890.739990234375,2911.169922,2890.429931640625,2904.310059,0.005369015,94.61000061035156,94.73000336,94.31999969482422,94.62000274658203,0.001163904,25.049999237060547,25.12999916,25.020000457763672,25.100000381469727,0.001596206,13.479999542236328,13.479999542236328,12.56000042,12.789999961853027,-0.065058503,13,2,0,29302,132213,0,0,1,0
2018-09-19,2906.600098,2912.360107421875,2903.820068359375,2907.949951171875,0.001253273,94.54000091552734,94.73000336,94.31999969482422,94.55000305175781,-0.000739798,25.100000381469727,25.12999916,25.059999465942383,25.09000015258789,-0.000398415,12.609999656677246,12.770000457763672,11.65999984741211,11.75,-0.081313523,9,0,0,0,0,0,0,0,0
2018-09-20,2919.72998,2934.800048828125,2919.72998,2930.75,0.007840592,94.55000305175781,94.55999755859375,93.83000183105469,93.91000366210938,-0.006768899,24.940000534057617,24.979999542236328,24.899999618530273,24.90999984741211,-0.007174185,11.819999694824219,11.960000038146973,11.31000042,11.800000190734863,0.004255335,14,0,1,0,0,12532,52772,0,1
2018-09-21,2936.760009765625,2940.909912109375,2927.110107421875,2929.669922,-0.000368533,93.88999938964844,94.33000183105469,93.80999755859375,94.22000122070312,0.003301007,25.010000228881836,25.030000686645508,24.969999313354492,24.989999771118164,0.003211559,11.760000228881836,12.029999732971191,11.100000381469727,11.680000305175781,-0.010169482,17,0,0,0,0,0,0,0,0
2018-09-24,2921.830078,2923.790039,2912.629883,2919.370117,-0.003515688,94.23000336,94.37000274658203,93.83999633789062,94.26000213623047,0.000424548,24.90999984741211,25.010000228881836,24.889999389648438,24.989999771118164,0,12.460000038146973,12.920000076293945,12.180000305175781,12.199999809265137,0.044520504,27,0,0,0,0,0,0,0,0
2018-09-25,2921.75,2923.949951171875,2913.699951171875,2915.560059,-0.001305096,94.25,94.37000274658203,94.01000213623047,94.12999725341797,-0.001379216,24.969999313354492,25.010000228881836,24.940000534057617,25.010000228881836,0.000800338,12.279999732971191,12.600000381469727,11.800000190734863,12.420000076293945,0.018032809,19,0,0,0,0,0,0,0,0
2018-09-26,2916.97998,2931.149902,2903.280029296875,2905.969970703125,-0.003289278,94.16999816894531,94.40000153,93.94999694824219,94.19000244140625,0.000637471,25.059999465942383,25.059999465942383,24.93000030517578,25.020000457763672,0.000399849,12.210000038146973,13.130000114440918,11.550000190734863,12.890000343322754,0.037842211,13,1,0,15655,51664,0,0,1,0
2018-09-27,2911.649902,2927.219970703125,2909.27002,2914,0.002763287,94.26000213623047,95,94.20999908447266,95,0.008599613,25.170000076293945,25.219999313354492,25.12000084,25.200000762939453,0.007194257,12.770000457763672,13,11.93999958,12.40999984741211,-0.037238207,3,0,0,0,0,0,0,0,0
2018-09-28,2910.030029296875,2920.530029296875,2907.5,2913.97998,-6.87E-06,95.01999664,95.37000274658203,94.91999816894531,95.19000244140625,0.002000026,25.299999237060547,25.309999465942383,25.219999313354492,25.260000228881836,0.002380931,12.59000015258789,13.220000267028809,12.09000015258789,12.119999885559082,-0.023368249,1,0,0,0,0,0,0,0,0
2018-10-01,2926.290039,2937.060059,2917.909912109375,2924.590087890625,0.003641105,95.11000061035156,95.37000274658203,95,95.30000305175781,0.00115559,25.270000457763672,25.329999923706055,25.25,25.299999237060547,0.001583492,11.989999771118164,12.399999618530273,11.569999694824219,12,-0.009900981,14,0,0,0,0,0,0,0,0
2018-10-02,2923.800048828125,2931.419922,2919.370117,2923.429931640625,-0.00039669,95.30000305175781,95.73999786376953,95.26000213623047,95.51000213623047,0.002203558,25.37000084,25.389999389648438,25.31999969482422,25.34000015258789,0.001581064,12.470000267028809,12.68999958,11.609999656677246,12.050000190734863,0.004166683,9,0,0,0,0,0,0,0,0
2018-10-03,2931.689941,2939.860107421875,2921.360107421875,2925.510009765625,0.00071152,95.45999908447266,96.12000274658203,95.26000213623047,95.76000213623047,0.002617527,25.37999916,25.450000762939453,25.37000084,25.420000076293945,0.003157061,11.65999984741211,12.140000343322754,11.34000015258789,11.609999656677246,-0.036514567,18,0,0,0,0,0,0,0,0
2018-10-04,2919.350098,2919.780029296875,2883.919922,2901.610107421875,-0.008169482,96.05000305175781,96.12000274658203,95.55000305175781,95.75,-0.00010445,25.43000030517578,25.479999542236328,25.37999916,25.43000030517578,0.0003934,12.84000015258789,15.84000015258789,12.420000076293945,14.220000267028809,0.22480626076939414,10,0,0,0,0,0,0,0,0
2018-10-05,2902.540039,2909.639892578125,2869.290039,2885.570068359375,-0.005527979,95.76000213623047,95.94999694824219,95.51999664,95.62000274658203,-0.001357674,25.40999984741211,25.450000762939453,25.389999389648438,25.399999618530273,-0.001179736,14.289999961853027,17.360000610351562,11.720000267028809,14.819999694824219,0.042194051795244825,10,0,0,0,0,0,0,0,0
2018-10-08,2877.530029296875,2889.449951171875,2862.080078,2884.429931640625,-0.000395117,95.62000274658203,96.02999877929688,95.58999633789062,95.76999664,0.001568646,25.5,25.510000228881836,25.43000030517578,25.43000030517578,0.001181129,16.049999237060547,18.37999916,15.68999958,15.68999958,0.058704447,20,0,0,0,0,0,0,0,0
2018-10-09,2882.510009765625,2894.830078,2874.27002,2880.340087890625,-0.001417904,95.75,96.16000366210938,95.63999938964844,95.68000030517578,-0.000939713,25.510000228881836,25.540000915527344,25.40999984741211,25.420000076293945,-0.000393245,16.12000084,17.489999771118164,15.270000457763672,15.949999809265137,0.016571079403144617,14,0,0,0,0,0,0,0,0
2018-10-10,2873.899902,2874.02002,2784.860107421875,2785.679931640625,-0.032864229,95.58999633789062,95.79000091552734,95.37999725341797,95.51000213623047,-0.001776737,25.389999389648438,25.420000076293945,25.350000381469727,25.389999389648438,-0.0011802,16.030000686645508,22.959999084472656,15.829999923706055,22.959999084472656,0.439498392,24,0,0,0,0,0,0,0,0
2018-10-11,2776.870117,2795.139892578125,2710.510009765625,2728.370117,-0.020573008,95.43000030517578,95.43000030517578,94.98999786376953,95.01999664,-0.00513041,25.290000915527344,25.34000015258789,25.25,25.25,-0.005513958,23.06999969482422,28.84000015258789,20.649999618530273,24.979999542236328,0.087979118,13,0,0,0,0,0,0,0,0
2018-10-12,2770.540039,2775.77002,2729.439941,2767.129883,0.014206197825152422,95.04000091552734,95.37000274658203,94.94999694824219,95.22000122070312,0.002104868,25.309999465942383,25.360000610351562,25.299999237060547,25.329999923706055,0.003168314,21.62999916,26.799999237060547,20.87999916,21.309999465942383,-0.14691754,11,0,0,0,0,0,0,0,0
2018-10-15,2763.830078,2775.989990234375,2749.030029296875,2750.790039,-0.005904979,95.34999847,95.37000274658203,94.95999908447266,95.06999969482422,-0.001575315,25.270000457763672,25.290000915527344,25.25,25.270000457763672,-0.002368712,21.969999313354492,22.889999389648438,19.469999313354492,21.299999237060547,-0.000469274,31,0,0,0,0,0,0,0,0
2018-10-16,2767.050048828125,2813.459961,2766.909912109375,2809.919922,0.0214956,95.05000305175781,95.19999694824219,94.79000091552734,95.05000305175781,-0.000210336,25.209999084472656,25.280000686645508,25.209999084472656,25.280000686645508,0.000395735,20.280000686645508,20.559999465942383,17.549999237060547,17.62000084,-0.172769884,20,0,0,0,0,0,0,0,0
2018-10-17,2811.669922,2816.939941,2781.810059,2809.209961,-0.000252662,95.08999633789062,95.66000366210938,95.05999755859375,95.58000183105469,0.005576,25.360000610351562,25.43000030517578,25.329999923706055,25.40999984741211,0.005142372,17.059999465942383,19.549999237060547,17.059999465942383,17.399999618530273,-0.01248588,23,0,0,0,0,0,0,0,0
2018-10-18,2802,2806.040039,2755.179931640625,2768.780029296875,-0.014391922,95.66000366210938,95.98999786376953,95.48999786376953,95.90000153,0.003347977,25.440000534057617,25.530000686645508,25.420000076293945,25.520000457763672,0.004329028,18.020000457763672,21.56999969482422,17.510000228881836,20.059999465942383,0.1528735578005025,12,0,0,0,0,0,0,0,0
2018-10-19,2775.659912109375,2797.77002,2760.27002,2767.780029296875,-0.00036117,95.94999694824219,96.08999633789062,95.54000091552734,95.70999908447266,-0.001981256,25.510000228881836,25.520000457763672,25.420000076293945,25.469999313354492,-0.001959292,19.239999771118164,21.079999923706055,18.389999389648438,19.889999389648438,-0.00847458,14,0,0,0,0,0,0,0,0
2018-10-22,2773.939941,2778.939941,2749.219970703125,2755.879883,-0.004299528,95.66000366210938,96.08999633789062,95.47000122070312,96.01000213623047,0.003134501,25.520000457763672,25.56999969482422,25.520000457763672,25.559999465942383,0.003533575,19.37999916,20.889999389648438,18.81999969482422,19.639999389648438,-0.012569131,32,0,0,0,0,0,0,0,0
2018-10-23,2721.030029296875,2753.590087890625,2691.429931640625,2740.689941,-0.00551183,96.02999877929688,96.16000366210938,95.80999755859375,95.95999908447266,-0.000520811,25.540000915527344,25.559999465942383,25.489999771118164,25.520000457763672,-0.001564906,22.18000030517578,24.65999984741211,20.18000030517578,20.709999084472656,0.054480637885772065,14,1,0,19328,89853,0,0,1,0
2018-10-24,2737.870117,2742.590087890625,2651.889892578125,2656.100098,-0.030864434,95.91999816894531,96.52999877929688,95.91000366210938,96.43000030517578,0.004897887,25.65999984741211,25.68000030517578,25.62000084,25.649999618530273,0.005094011,21.600000381469727,26.37999916,20.399999618530273,25.229999542236328,0.21825208390050332,8,0,0,0,0,0,0,0,0
2018-10-25,2674.879883,2722.699951171875,2667.840087890625,2705.570068359375,0.018625040052811848,96.36000061035156,96.73000336,96.20999908447266,96.68000030517578,0.002592554,25.65999984741211,25.75,25.65999984741211,25.719999313354492,0.002729033,24.780000686645508,24.780000686645508,22.059999465942383,24.219999313354492,-0.040031718,13,1,0,23401,87386,0,0,1,0
2018-10-26,2667.860107421875,2692.379883,2628.159912109375,2658.689941,-0.017327264,96.58999633789062,96.86000061035156,96.29000091552734,96.36000061035156,-0.003309885,25.75,25.75,25.62999916,25.649999618530273,-0.002721606,24.510000228881836,27.520000457763672,23.329999923706055,24.15999984741211,-0.00247727,15,0,0,0,0,0,0,0,0
2018-10-29,2682.649902,2706.850098,2603.540039,2641.25,-0.0065596,96.44000244140625,96.69999694824219,96.34999847,96.58000183105469,0.002283118,25.709999084472656,25.75,25.690000534057617,25.719999313354492,0.002729033,24.479999542236328,27.860000610351562,22.010000228881836,24.700000762939453,0.022351031412989997,29,0,0,0,0,0,0,0,0
2018-10-30,2640.679931640625,2685.429931640625,2635.340087890625,2682.629883,0.015666780052058682,96.66000366210938,97.01999664,96.62000274658203,97.01000213623047,0.004452271,25.760000228881836,25.84000015258789,25.75,25.829999923706055,0.004276851,23.940000534057617,25.549999237060547,23.110000610351562,23.350000381469727,-0.054655884,24,0,1,0,0,12121,52895,0,1
2018-10-31,2705.600098,2736.689941,2705.600098,2711.739990234375,0.010851331974038647,96.98999786376953,97.19999694824219,96.87999725341797,97.12999725341797,0.001236936,25.860000610351562,25.87999916,25.799999237060547,25.81999969482422,-0.000387156,22.719999313354492,22.799999237060547,20.389999389648438,21.229999542236328,-0.090792326,14,0,0,0,0,0,0,0,0
2018-11-01,2717.580078,2741.669922,2708.850098,2740.370117,0.010557843693063784,97.08000183105469,97.12000274658203,96.19999694824219,96.27999877929688,-0.008751143,25.719999313354492,25.719999313354492,25.62000084,25.649999618530273,-0.006584046,20.959999084472656,21.209999084472656,19.030000686645508,19.34000015258789,-0.089024938,10,1,0,17432,81371,0,0,1,0
2018-11-02,2745.449951171875,2756.550048828125,2700.439941,2723.060059,-0.006316686,96.30999755859375,96.58999633789062,95.98999786376953,96.54000091552734,0.002700479,25.670000076293945,25.739999771118164,25.62000084,25.709999084472656,0.002339161,18.520000457763672,21.610000610351562,18.049999237060547,19.510000228881836,0.008790076,8,0,0,0,0,0,0,0,0
2018-11-05,2726.370117,2744.27002,2717.939941,2738.310059,0.005600317,96.44000244140625,96.68000030517578,96.25,96.34999847,-0.001968121,25.709999084472656,25.709999084472656,25.639999389648438,25.700000762939453,-0.000388888,20.579999923706055,20.87000084,19.639999389648438,19.959999084472656,0.023065036,71,0,0,0,0,0,0,0,0
2018-11-06,2738.399902,2756.820068359375,2737.080078,2755.449951171875,0.006259296,96.33000183105469,96.44999694824219,96.15000153,96.31999969482422,-0.000311352,25.670000076293945,25.68000030517578,25.62999916,25.639999389648438,-0.002334684,19.84000015258789,20.600000381469727,19.690000534057617,19.90999984741211,-0.002504972,38,0,0,0,0,0,0,0,0
2018-11-07,2774.129883,2815.149902,2774.129883,2813.889892578125,0.021208856064105275,95.98999786376953,96.45999908447266,95.68000030517578,96,-0.003322256,25.520000457763672,25.62000084,25.520000457763672,25.59000015258789,-0.001950048,18.030000686645508,18.049999237060547,16.329999923706055,16.360000610351562,-0.178302324,14,0,0,0,0,0,0,0,0
2018-11-08,2806.379883,2814.75,2794.989990234375,2806.830078,-0.002508916,96.19000244140625,96.73999786376953,96.06999969482422,96.63999938964844,0.00666666,25.639999389648438,25.780000686645508,25.610000610351562,25.739999771118164,0.00586165,16.18000030517578,17.200000762939453,16.09000015258789,16.719999313354492,0.02200481,2,0,0,0,0,0,0,0,0
2018-11-09,2794.100098,2794.100098,2764.239990234375,2781.010009765625,-0.009199014,96.62999725341797,97.01000213623047,96.62000274658203,96.91000366210938,0.002793918,25.809999465942383,25.850000381469727,25.770000457763672,25.790000915527344,0.001942546,16.87000084,18.40999984741211,16.84000015258789,17.360000610351562,0.038277591,11,0,0,0,0,0,0,0,0
2018-11-12,2773.929931640625,2775.989990234375,2722,2726.219970703125,-0.019701489,97.05000305175781,97.69000244140625,96.97000122070312,97.54000091552734,0.006500849,25.950000762939453,26.020000457763672,25.920000076293945,26.020000457763672,0.008918167,17.260000228881836,20.709999084472656,17.25,20.450000762939453,0.177995394,25,1,1,32187,127108,23493,109479,1,1
2018-11-13,2730.050048828125,2754.600098,2714.97998,2722.179931640625,-0.00148192,97.59999847,97.66000366210938,97.08000183105469,97.30000305175781,-0.002460507,25.950000762939453,25.969999313354492,25.87999916,25.93000030517578,-0.003458884,19.450000762939453,21.25,19.110000610351562,20.020000457763672,-0.021026909,11,2,0,52832,210190,0,0,1,0
2018-11-14,2737.899902,2746.800048828125,2685.75,2701.580078,-0.007567411,97.02999877929688,97.41000366210938,96.75,96.80000305175781,-0.005138746,25.93000030517578,25.940000534057617,25.799999237060547,25.84000015258789,-0.003470889,20.520000457763672,22.360000610351562,19.299999237060547,21.25,0.061438537168431395,6,0,0,0,0,0,0,0,0
2018-11-15,2693.52002,2735.379883,2670.75,2730.199951171875,0.010593753366266334,97.01000213623047,97.38999938964844,96.76999664,96.93000030517578,0.001342947,25.940000534057617,25.940000534057617,25.84000015258789,25.899999618530273,0.002321961,20.40999984741211,22.969999313354492,19.940000534057617,19.979999542236328,-0.059764727,11,0,0,0,0,0,0,0,0
2018-11-16,2718.540039,2746.75,2712.159912109375,2736.27002,0.002223305,97.05000305175781,97.05999755859375,96.40000153,96.47000122070312,-0.004745683,25.739999771118164,25.75,25.700000762939453,25.709999084472656,-0.007335928,20.040000915527344,21.360000610351562,18.100000381469727,18.139999389648438,-0.092092102,3,0,0,0,0,0,0,0,0
2018-11-19,2730.739990234375,2733.159912109375,2681.090087890625,2690.72998,-0.016643109,96.43000030517578,96.56999969482422,96.12000274658203,96.19000244140625,-0.002902444,25.690000534057617,25.709999084472656,25.639999389648438,25.690000534057617,-0.000777851,18.780000686645508,20.989999771118164,18.520000457763672,20.100000381469727,0.10804856988803202,27,0,0,0,0,0,0,0,0
2018-11-20,2654.600098,2669.439941,2631.52002,2641.889892578125,-0.018151241,96.19999694824219,96.88999938964844,96.04000091552734,96.80999755859375,0.006445526,25.719999313354492,25.850000381469727,25.719999313354492,25.81999969482422,0.005060302,20.760000228881836,23.809999465942383,20.37000084,22.479999542236328,0.1184079161988838,3,0,0,0,0,0,0,0,0
2018-11-21,2657.739990234375,2670.72998,2649.820068359375,2649.929931640625,0.003043291,96.81999969482422,96.87000274658203,96.5,96.70999908447266,-0.001032935,25.770000457763672,25.81999969482422,25.760000228881836,25.81999969482422,0,21.65999984741211,22.309999465942383,20.110000610351562,20.799999237060547,-0.074733111,7,0,0,0,0,0,0,0,0
2018-11-23,2633.360107421875,2647.550048828125,2631.090087890625,2632.560059,-0.006554842,96.51000213623047,96.98000336,96.40000153,96.91999816894531,0.002171431,25.81999969482422,25.87999916,25.81999969482422,25.87000084,0.001936528,21.229999542236328,22.649999618530273,20.649999618530273,21.520000457763672,0.034615445,19,0,0,0,0,0,0,0,0
2018-11-26,2649.969970703125,2674.350098,2649.969970703125,2673.449951171875,0.015532368,96.93000030517578,97.09999847,96.66000366210938,97.06999969482422,0.001547684,25.81999969482422,25.920000076293945,25.81999969482422,25.920000076293945,0.001932711,20.780000686645508,20.799999237060547,18.670000076293945,18.899999618530273,-0.121747248,24,0,1,0,0,18915,97132,0,1
2018-11-27,2663.75,2682.530029296875,2655.889892578125,2682.169922,0.003261692,97.02999877929688,97.5,96.97000122070312,97.37000274658203,0.003090585,25.899999618530273,26.030000686645508,25.899999618530273,25.989999771118164,0.002700606,19.40999984741211,19.93000030517578,18.700000762939453,19.020000457763672,0.006349251,9,2,0,45516,201522,0,0,1,0
2018-11-28,2691.449951171875,2744,2684.379883,2743.790039,0.022973979644221654,97.37000274658203,97.54000091552734,96.69000244140625,96.79000091552734,-0.005956679,26,26.040000915527344,25.809999465942383,25.860000610351562,-0.005001892,18.87000084,19.37999916,18.18000030517578,18.489999771118164,-0.02786544,14,1,0,14021,61403,0,0,1,0
2018-11-29,2736.969970703125,2753.75,2722.939941,2737.800048828125,-0.002183108,96.84999847,97.01000213623047,96.62999725341797,96.77999877929688,-0.000103339,25.850000381469727,25.87999916,25.81999969482422,25.81999969482422,-0.001546826,18.649999618530273,20.479999542236328,18.59000015258789,18.790000915527344,0.016225049,9,1,0,17523,81434,0,0,1,0
2018-11-30,2737.760009765625,2760.879883,2732.760009765625,2760.169922,0.008170748,96.76000213623047,97.30999755859375,96.70999908447266,97.26999664,0.005063008,25.87999916,25.989999771118164,25.87999916,25.920000076293945,0.003872982,19.18000030517578,19.90999984741211,18.030000686645508,18.06999969482422,-0.038318317,17,0,0,0,0,0,0,0,0
2018-12-03,2790.5,2800.179931640625,2773.379883,2790.370117,0.010941426132194287,97.12999725341797,97.16000366210938,96.70999908447266,97.04000091552734,-0.002364508,25.87999916,25.93000030517578,25.87000084,25.93000030517578,0.000385811,16.040000915527344,17.280000686645508,15.93999958,16.440000534057617,-0.090204714,23,4,0,72889,346351,0,0,1,0
2018-12-04,2782.429931640625,2785.929931640625,2697.179931640625,2700.060059,-0.032364903,96.94000244140625,97.12999725341797,96.37999725341797,96.97000122070312,-0.000721349,25.780000686645508,25.93000030517578,25.780000686645508,25.87999916,-0.001928313,16.84000015258789,21.940000534057617,16.260000228881836,20.739999771118164,0.26155712271131226,8,4,0,52268,263116,0,0,1,0
2018-12-06,2663.510009765625,2696.149902,2621.530029296875,2695.949951171875,-0.001522228,97.01000213623047,97.20999908447266,96.55000305175781,96.80999755859375,-0.001650033,25.87000084,25.87999916,25.790000915527344,25.87000084,-0.000386334,23.530000686645508,25.940000534057617,20.940000534057617,21.190000534057617,0.021697240496892922,15,7,0,88320,448344,0,0,1,0
2018-12-07,2691.260009765625,2708.540039,2623.139892578125,2633.080078,-0.023320119,96.80000305175781,96.91999816894531,96.51000213623047,96.51000213623047,-0.003098806,25.81999969482422,25.850000381469727,25.780000686645508,25.799999237060547,-0.002705899,22.420000076293945,24.709999084472656,19.899999618530273,23.229999542236328,0.096271777,21,2,0,26439,146436,0,0,1,0
2018-12-10,2630.860107421875,2647.510009765625,2583.22998,2637.719970703125,0.001762154,96.72000122070312,97.23999786376953,96.36000061035156,97.22000122070312,0.007356741,25.850000381469727,25.989999771118164,25.850000381469727,25.969999313354492,0.00658915,23.950000762939453,25.940000534057617,22.5,22.639999389648438,-0.025398199,21,0,0,0,0,0,0,0,0
2018-12-11,2664.439941,2674.350098,2621.300048828125,2636.780029296875,-0.000356346,97.18000030517578,97.55000305175781,96.87000274658203,97.38999938964844,0.001748593,25.989999771118164,26.079999923706055,25.979999542236328,26.040000915527344,0.00269548,22.959999084472656,23.600000381469727,21.389999389648438,21.760000228881836,-0.038869222,12,1,0,13448,70659,0,0,1,0
2018-12-12,2658.22998,2685.439941,2650.260009765625,2651.070068359375,0.005419504,97.37999725341797,97.48999786376953,96.88999938964844,97.04000091552734,-0.003593782,26,26,25.899999618530273,25.940000534057617,-0.00384026,21.90999984741211,21.90999984741211,20.5,21.459999084472656,-0.013786817,3,0,0,0,0,0,0,0,0
2018-12-13,2658.699951171875,2670.189941,2637.27002,2650.540039,-0.00019993,97.04000091552734,97.29000091552734,96.87999725341797,97.05999755859375,0.000206066,25.959999084472656,26.010000228881836,25.93000030517578,25.940000534057617,0,21,21.56999969482422,20.34000015258789,20.649999618530273,-0.037744618,13,0,0,0,0,0,0,0,0
2018-12-14,2629.679931640625,2635.070068359375,2593.840087890625,2599.949951171875,-0.01908671,97.08999633789062,97.70999908447266,97.08000183105469,97.44000244140625,0.003915154,26.09000015258789,26.12000084,26.040000915527344,26.040000915527344,0.003855065,21.56999969482422,22.469999313354492,20.950000762939453,21.62999916,0.047457606,6,2,0,25055,122983,0,0,1,0
2018-12-17,2590.75,2601.129883,2530.540039,2545.939941,-0.020773481,97.43000030517578,97.45999908447266,97.05000305175781,97.09999847,-0.003489367,25.979999542236328,26,25.940000534057617,25.969999313354492,-0.002688233,22.360000610351562,25.87999916,21.969999313354492,24.520000457763672,0.13361079099064765,26,1,1,20421,92663,20421,92663,1,1
2018-12-18,2559.899902,2573.989990234375,2528.709961,2546.159912109375,8.640058610476231e-05,97.12999725341797,97.16999816894531,96.69999694824219,97.13999938964844,0.000411956,25.90999984741211,25.979999542236328,25.90999984741211,25.959999084472656,-0.000385069,24.68000030517578,26.139999389648438,23.639999389648438,25.579999923706055,0.043229993725663274,11,0,1,0,0,13341,61225,0,1
2018-12-19,2547.050048828125,2585.290039,2488.959961,2506.959961,-0.015395715,96.91000366210938,97.09999847,96.55000305175781,97.04000091552734,-0.001029426,25.87999916,25.969999313354492,25.809999465942383,25.969999313354492,0.000385217,25.149999618530273,26.639999389648438,22.5,25.579999923706055,0,13,0,0,0,0,0,0,0,0
2018-12-20,2496.77002,2509.629883,2441.179931640625,2467.419922,-0.015772106,96.98999786376953,97.04000091552734,96.16999816894531,96.27999877929688,-0.007831844,25.81999969482422,25.87000084,25.709999084472656,25.770000457763672,-0.00770115,26.09000015258789,30.299999237060547,24.68000030517578,28.37999916,0.10946048652899609,15,0,0,0,0,0,0,0,0
2018-12-21,2465.379883,2504.409912109375,2408.550048828125,2416.620117,-0.020588228,96.38999938964844,97.05000305175781,96.25,96.95999908447266,0.007062737,25.81999969482422,25.969999313354492,25.81999969482422,25.940000534057617,0.006596821,28.239999771118164,31.350000381469727,25.709999084472656,30.110000610351562,0.060958474,21,1,0,13875,67378,0,0,1,0
2018-12-24,2400.560059,2410.340087890625,2351.100098,2351.100098,-0.027112254,96.94000244140625,96.94000244140625,96.37999725341797,96.55000305175781,-0.004228507,25.62000084,25.62000084,25.489999771118164,25.549999237060547,-0.015034745,29.290000915527344,36.099998474121094,29.15999984741211,36.06999969482422,0.19794084900893893,39,0,1,0,0,24677,107966,0,1
2018-12-26,2363.120117,2467.760009765625,2346.580078,2467.699951171875,0.049593743,96.58000183105469,97.12000274658203,96.52999877929688,97.05000305175781,0.005178664,25.579999923706055,25.719999313354492,25.559999465942383,25.68000030517578,0.005088105,35.5,36.20000076293945,29.59000015258789,30.40999984741211,-0.156917103,6,0,0,0,0,0,0,0,0
2018-12-27,2442.5,2489.100098,2397.939941,2488.830078,0.008562681,96.91999816894531,96.94000244140625,96.41000366210938,96.48000336,-0.005873258,25.65999984741211,25.65999984741211,25.520000457763672,25.56999969482422,-0.004283513,31.200000762939453,33.79999923706055,29.65999984741211,29.959999084472656,-0.014797789,7,0,0,0,0,0,0,0,0
2018-12-28,2498.77002,2520.27002,2472.889892578125,2485.739990234375,-0.001241583,96.51000213623047,96.51999664,96.19000244140625,96.38999938964844,-0.000932877,25.469999313354492,25.549999237060547,25.469999313354492,25.5,-0.002737571,29.969999313354492,31.049999237060547,27.43000030517578,28.34000015258789,-0.054072062,10,0,0,0,0,0,0,0,0
2018-12-31,2498.939941,2509.239990234375,2482.820068359375,2506.850098,0.008492484,96.40000153,96.51000213623047,96.06999969482422,96.16999816894531,-0.002282407,25.520000457763672,25.530000686645508,25.450000762939453,25.450000762939453,-0.001960754,27.59000015258789,27.639999389648438,25.329999923706055,25.420000076293945,-0.103034582,23,1,0,22911,127139,0,0,1,0
2019-01-02,2476.959961,2519.489990234375,2467.469970703125,2510.030029296875,0.001268497,96.13999938964844,96.95999908447266,95.81999969482422,96.81999969482422,0.006758881,25.65999984741211,25.700000762939453,25.62000084,25.639999389648438,0.007465565,27.540000915527344,28.530000686645508,23.049999237060547,23.219999313354492,-0.086546057,24,0,0,0,0,0,0,0,0
2019-01-03,2491.919922,2493.139892578125,2443.959961,2447.889892578125,-0.02475673,96.72000122070312,96.75,96.20999908447266,96.30999755859375,-0.005267529,25.610000610351562,25.610000610351562,25.5,25.5,-0.005460195,25.68000030517578,26.600000381469727,24.049999237060547,25.450000762939453,0.096037964,9,1,0,18435,93269,0,0,1,0
2019-01-04,2474.330078,2538.070068359375,2474.330078,2531.939941,0.034335715,96.27999877929688,96.61000061035156,96.05000305175781,96.19000244140625,-0.001245926,25.62000084,25.62000084,25.459999084472656,25.459999084472656,-0.001568663,24.360000610351562,24.479999542236328,21.190000534057617,21.37999916,-0.159921473,6,1,0,16853,84690,0,0,1,0
2019-01-07,2535.610107421875,2566.159912109375,2524.560059,2549.689941,0.007010435,96.16000366210938,96.16000366210938,95.63999938964844,95.70999908447266,-0.004990158,25.360000610351562,25.389999389648438,25.34000015258789,25.350000381469727,-0.004320452,22.059999465942383,22.709999084472656,20.90999984741211,21.399999618530273,0.000935475,31,0,0,0,0,0,0,0,0
2019-01-08,2568.110107421875,2579.820068359375,2547.560059,2574.409912109375,0.009695285,95.69000244140625,96.02999877929688,95.68000030517578,95.90000153,0.001985189,25.420000076293945,25.450000762939453,25.399999618530273,25.43000030517578,0.003155815,20.959999084472656,22.030000686645508,20.09000015258789,20.469999313354492,-0.043457959,5,2,1,34644,201238,20925,109157,1,1
2019-01-09,2580,2595.320068359375,2568.889892578125,2584.959961,0.004098045,95.80999755859375,95.91999816894531,95.12000274658203,95.22000122070312,-0.007090723,25.350000381469727,25.37000084,25.190000534057617,25.190000534057617,-0.009437663,20.440000534057617,22.799999237060547,19.479999542236328,19.979999542236328,-0.023937459,7,0,0,0,0,0,0,0,0
2019-01-10,2573.510009765625,2597.820068359375,2562.02002,2596.639892578125,0.004518419,95.16000366210938,95.62000274658203,95.02999877929688,95.54000091552734,0.003360635,25.260000228881836,25.350000381469727,25.260000228881836,25.34000015258789,0.005954729,20.979999542236328,21.31999969482422,19.290000915527344,19.5,-0.024024002,16,0,0,0,0,0,0,0,0
2019-01-11,2588.110107421875,2596.27002,2577.399902,2596.260009765625,-0.000146298,95.44000244140625,95.76000213623047,95.19999694824219,95.66999816894531,0.001360658,25.329999923706055,25.389999389648438,25.329999923706055,25.360000610351562,0.000789284,19.68000030517578,20.15999984741211,18.12000084,18.190000534057617,-0.06717946,10,0,0,0,0,0,0,0,0
2019-01-14,2580.310059,2589.320068359375,2570.409912109375,2582.610107421875,-0.005257525,95.65000153,95.72000122070312,95.48000336,95.58999633789062,-0.000836227,25.34000015258789,25.37000084,25.31999969482422,25.360000610351562,0,19.84000015258789,20.270000457763672,18.700000762939453,19.06999969482422,0.048378182239134926,49,0,0,0,0,0,0,0,0
2019-01-15,2585.100098,2613.080078,2585.100098,2610.300048828125,0.010721688622945758,95.56999969482422,96.26000213623047,95.47000122070312,95.97000122070312,0.003975362,25.40999984741211,25.540000915527344,25.389999389648438,25.450000762939453,0.003548902,18.530000686645508,19.200000762939453,17.979999542236328,18.600000381469727,-0.024646005,22,1,0,26243,123223,0,0,1,0
2019-01-16,2614.75,2625.760009765625,2612.679931640625,2616.100098,0.002221985,95.94000244140625,96.18000030517578,95.86000061035156,96.05999755859375,0.000937755,25.459999084472656,25.5,25.459999084472656,25.479999542236328,0.001178734,18.079999923706055,19.040000915527344,17.760000228881836,19.040000915527344,0.023655942206107117,2,0,0,0,0,0,0,0,0
2019-01-17,2609.280029296875,2645.060059,2606.360107421875,2635.959961,0.0075914,96.06999969482422,96.26000213623047,95.98000336,96.06999969482422,0.000104124,25.479999542236328,25.549999237060547,25.469999313354492,25.479999542236328,0,19.510000228881836,19.719999313354492,17.850000381469727,18.059999465942383,-0.051470662,3,0,0,0,0,0,0,0,0
2019-01-18,2651.27002,2675.469970703125,2647.580078,2670.709961,0.013183053,96.06999969482422,96.38999938964844,96.01000213623047,96.33999633789062,0.002810416,25.489999771118164,25.59000015258789,25.489999771118164,25.559999465942383,0.003139714,17.799999237060547,18.18000030517578,17.170000076293945,17.799999237060547,-0.014396469,14,0,0,0,0,0,0,0,0
2019-01-22,2657.879883,2657.879883,2617.27002,2632.899902,-0.014157306,96.33999633789062,96.48000336,96.22000122070312,96.30000305175781,-0.000415127,25.62999916,25.62999916,25.540000915527344,25.559999465942383,0,18.530000686645508,21.149999618530273,18.200000762939453,20.799999237060547,0.1685393330665903,89,1,0,16907,88440,0,0,1,0
2019-01-23,2643.47998,2653.189941,2612.860107421875,2638.699951171875,0.002202913,96.31999969482422,96.37000274658203,96.05000305175781,96.12000274658203,-0.001869162,25.549999237060547,25.579999923706055,25.5,25.5,-0.002347397,20.850000381469727,22.020000457763672,19.469999313354492,19.520000457763672,-0.061538405,8,0,0,0,0,0,0,0,0
2019-01-24,2638.840087890625,2647.199951171875,2627.010009765625,2642.330078,0.001375726,96.06999969482422,96.68000030517578,96.04000091552734,96.59999847,0.004993713,25.530000686645508,25.68000030517578,25.530000686645508,25.649999618530273,0.005882338,19.690000534057617,20.25,18.62999916,18.889999389648438,-0.032274644,10,0,0,0,0,0,0,0,0
2019-01-25,2657.439941,2672.379883,2657.330078,2664.760009765625,0.008488694,96.48999786376953,96.52999877929688,95.73999786376953,95.79000091552734,-0.008385068,25.549999237060547,25.549999237060547,25.43000030517578,25.440000534057617,-0.008187099,18.43000030517578,18.459999084472656,17.309999465942383,17.420000076293945,-0.077818918,4,0,0,0,0,0,0,0,0
2019-01-28,2644.969970703125,2644.969970703125,2624.060059,2643.850098,-0.007846827,95.79000091552734,95.91999816894531,95.63999938964844,95.75,-0.00041759,25.440000534057617,25.469999313354492,25.399999618530273,25.459999084472656,0.000786107,18.559999465942383,20.420000076293945,18.420000076293945,18.87000084,0.083237701,29,1,0,23042,110535,0,0,1,0
2019-01-29,2644.889892578125,2650.929931640625,2631.050048828125,2640,-0.001456247,95.73999786376953,95.87000274658203,95.62000274658203,95.81999969482422,0.000731067,25.459999084472656,25.469999313354492,25.420000076293945,25.469999313354492,0.000392782,19.450000762939453,19.93000030517578,18.420000076293945,19.12999916,0.013778394804977001,3,0,0,0,0,0,0,0,0
2019-01-30,2653.620117,2690.439941,2648.340087890625,2681.050048828125,0.015549261,95.79000091552734,95.98000336,95.25,95.33999633789062,-0.005009428,25.469999313354492,25.5,25.299999237060547,25.34000015258789,-0.005104011,19.149999618530273,19.309999465942383,17.540000915527344,17.65999984741211,-0.076842623,9,0,0,0,0,0,0,0,0
2019-01-31,2685.489990234375,2708.949951171875,2678.649902,2704.100098,0.008597396,95.34999847,95.62000274658203,95.16000366210938,95.58000183105469,0.002517364,25.309999465942383,25.40999984741211,25.309999465942383,25.389999389648438,0.001973135,17.389999389648438,17.719999313354492,16.540000915527344,16.56999969482422,-0.061721413,18,3,0,35436,177071,0,0,1,0
2019-02-01,2702.320068359375,2716.659912109375,2696.879883,2706.530029296875,0.00089861,95.55000305175781,95.66000366210938,95.40000153,95.58000183105469,0,25.350000381469727,25.420000076293945,25.350000381469727,25.389999389648438,0,16.62999916,16.829999923706055,16.079999923706055,16.139999389648438,-0.025950532,14,0,0,0,0,0,0,0,0
2019-02-04,2706.489990234375,2724.989990234375,2698.75,2724.870117,0.006776237,95.59999847,95.91999816894531,95.56999969482422,95.84999847,0.002824824,25.459999084472656,25.5,25.459999084472656,25.459999084472656,0.002756979,16.719999313354492,16.729999542236328,15.600000381469727,15.729999542236328,-0.025402718,8,0,0,0,0,0,0,0,0
2019-02-05,2728.340087890625,2738.97998,2724.030029296875,2737.699951171875,0.00470842,95.83000183105469,96.12000274658203,95.80999755859375,96.09999847,0.002608242,25.510000228881836,25.559999465942383,25.479999542236328,25.530000686645508,0.002749474,15.789999961853027,15.93999958,15.039999961853027,15.569999694824219,-0.010171637,3,0,0,0,0,0,0,0,0
2019-02-06,2735.050048828125,2738.080078,2724.149902,2731.610107421875,-0.002224438,96.05999755859375,96.41999816894531,96.04000091552734,96.41999816894531,0.003329862,25.549999237060547,25.639999389648438,25.549999237060547,25.62999916,0.003916901,15.43999958,15.869999885559082,15.09000015258789,15.380000114440918,-0.012202928,4,0,0,0,0,0,0,0,0
2019-02-07,2717.530029296875,2719.320068359375,2687.260009765625,2706.050048828125,-0.00935714,96.38999938964844,96.66999816894531,96.37999725341797,96.51000213623047,0.000933457,25.649999618530273,25.690000534057617,25.639999389648438,25.690000534057617,0.00234106,15.65999984741211,17.889999389648438,15.510000228881836,16.37000084,0.064369357,6,0,0,0,0,0,0,0,0
2019-02-08,2692.360107421875,2708.070068359375,2681.830078,2707.879883,0.000676201,96.59999847,96.69000244140625,96.44999694824219,96.63999938964844,0.001346982,25.690000534057617,25.719999313354492,25.670000076293945,25.719999313354492,0.001167722,16.809999465942383,17.62999916,15.619999885559082,15.720000267028809,-0.039706814,11,0,0,0,0,0,0,0,0
2019-02-11,2712.399902,2718.050048828125,2703.790039,2709.800048828125,0.000709103,96.66000366210938,97.12000274658203,96.62000274658203,97.05999755859375,0.004346008,25.780000686645508,25.850000381469727,25.780000686645508,25.81999969482422,0.00388804,16.170000076293945,16.5,15.34000015258789,15.970000267028809,0.015903307617898044,38,0,0,0,0,0,0,0,0
2019-02-12,2722.610107421875,2748.189941,2722.610107421875,2744.72998,0.012890225,97.05999755859375,97.19999694824219,96.65000153,96.70999908447266,-0.003606001,25.799999237060547,25.81999969482422,25.719999313354492,25.729999542236328,-0.003485676,15.229999542236328,15.649999618530273,14.949999809265137,15.430000305175781,-0.033813397,6,0,0,0,0,0,0,0,0
2019-02-13,2750.300048828125,2761.850098,2748.629883,2753.030029296875,0.003023995,96.73000336,97.18000030517578,96.62999725341797,97.12999725341797,0.004342862,25.81999969482422,25.87000084,25.770000457763672,25.87000084,0.00544117,15.460000038146973,15.90999984741211,15,15.649999618530273,0.014257894297040163,11,0,0,0,0,0,0,0,0
2019-02-14,2743.5,2757.899902,2731.22998,2745.72998,-0.002651642,97.13999938964844,97.29000091552734,96.94999694824219,96.98000336,-0.001544259,25.84000015258789,25.899999618530273,25.81999969482422,25.84000015258789,-0.001159671,15.609999656677246,17.270000457763672,15.300000190734863,16.219999313354492,0.036421706627348005,10,0,0,0,0,0,0,0,0
2019-02-15,2760.239990234375,2775.659912109375,2760.239990234375,2775.600098,0.010878753,97.05999755859375,97.37000274658203,96.83000183105469,96.91999816894531,-0.000618738,25.829999923706055,25.87999916,25.780000686645508,25.790000915527344,-0.001934955,16.81999969482422,16.81999969482422,14.789999961853027,14.90999984741211,-0.080764459,5,0,0,0,0,0,0,0,0
2019-02-19,2769.280029296875,2787.330078,2767.290039,2779.760009765625,0.001498743,96.80999755859375,97.08999633789062,96.43000030517578,96.51999664,-0.004127131,25.790000915527344,25.790000915527344,25.68000030517578,25.690000534057617,-0.003877487,15.649999618530273,16.15999984741211,14.640000343322754,14.880000114440918,-0.002012055,51,2,0,32434,165215,0,0,1,0
2019-02-20,2779.050048828125,2789.879883,2774.060059,2784.699951171875,0.001777111,96.52999877929688,96.65000153,96.29000091552734,96.44999694824219,-0.000725235,25.719999313354492,25.729999542236328,25.649999618530273,25.709999084472656,0.000778457,14.920000076293945,15.18999958,13.989999771118164,14.020000457763672,-0.057795675,9,0,0,0,0,0,0,0,0
2019-02-21,2780.239990234375,2781.580078,2764.550048828125,2774.879883,-0.003526437,96.48999786376953,96.66000366210938,96.36000061035156,96.61000061035156,0.001658929,25.690000534057617,25.75,25.690000534057617,25.729999542236328,0.000777925,14,15.170000076293945,13.850000381469727,14.460000038146973,0.031383707,6,0,0,0,0,0,0,0,0
2019-02-22,2780.669922,2794.199951171875,2779.110107421875,2792.669922,0.006411102,96.58999633789062,96.77999877929688,96.43000030517578,96.51000213623047,-0.001035074,25.729999542236328,25.75,25.690000534057617,25.719999313354492,-0.00038866,14.460000038146973,14.470000267028809,13.510000228881836,13.510000228881836,-0.065698465,5,0,0,0,0,0,0,0,0
2019-02-25,2804.350098,2813.489990234375,2794.989990234375,2796.110107421875,0.001231863,96.51999664,96.59999847,96.31999969482422,96.41000366210938,-0.001036146,25.68000030517578,25.739999771118164,25.68000030517578,25.700000762939453,-0.000777549,13.90999984741211,14.899999618530273,13.43999958,14.850000381469727,0.099185798,44,6,0,91446,416332,0,0,1,0
2019-02-26,2792.360107421875,2803.120117,2789.469970703125,2793.899902,-0.000790457,96.38999938964844,96.45999908447266,95.94999694824219,96,-0.004252709,25.65999984741211,25.709999084472656,25.559999465942383,25.600000381469727,-0.003891065,15.15999984741211,15.279999732971191,14.520000457763672,15.170000076293945,0.021548800444713967,4,1,0,17788,98094,0,0,1,0
2019-02-27,2787.5,2795.760009765625,2775.129883,2792.379883,-0.000544049,96.05999755859375,96.19000244140625,95.87999725341797,96.15000153,0.001562516,25.56999969482422,25.639999389648438,25.56999969482422,25.62000084,0.000781268,15.529999732971191,16.170000076293945,14.699999809265137,14.699999809265137,-0.030982219,14,1,0,18726,89407,0,0,1,0
2019-02-28,2788.110107421875,2793.72998,2782.510009765625,2784.489990234375,-0.002825508,96.08999633789062,96.27999877929688,95.81999969482422,96.16000366210938,0.000104026,25.610000610351562,25.670000076293945,25.600000381469727,25.639999389648438,0.000780584,15.170000076293945,15.239999771118164,14.390000343322754,14.779999732971191,0.005442172,2,0,0,0,0,0,0,0,0
2019-03-01,2798.219970703125,2808.02002,2787.379883,2803.689941,0.006895321,96.22000122070312,96.55000305175781,96.06999969482422,96.52999877929688,0.003847703,25.62999916,25.75,25.610000610351562,25.739999771118164,0.003900171,14.569999694824219,14.84000015258789,13.40999984741211,13.569999694824219,-0.081867392,11,0,0,0,0,0,0,0,0
2019-03-04,2814.370117,2816.879883,2767.659912109375,2792.810059,-0.003880558,96.33999633789062,96.81999969482422,96.33000183105469,96.68000030517578,0.001553937,25.770000457763672,25.81999969482422,25.770000457763672,25.770000457763672,0.001165528,13.770000457763672,16.979999542236328,13.380000114440918,14.630000114440918,0.078113518,38,2,0,33941,201349,0,0,1,0
2019-03-05,2794.409912109375,2796.439941,2782.969970703125,2789.649902,-0.001131533,96.68000030517578,97.01000213623047,96.66000366210938,96.84999847,0.001758359,25.809999465942383,25.87999916,25.799999237060547,25.84000015258789,0.002716325,14.520000457763672,15.390000343322754,14.260000228881836,14.739999771118164,0.007518773,17,0,0,0,0,0,0,0,0
2019-03-06,2790.27002,2790.27002,2768.689941,2771.449951171875,-0.006524099,96.90000153,96.98999786376953,96.77999877929688,96.87000274658203,0.000206549,25.829999923706055,25.850000381469727,25.81999969482422,25.84000015258789,0,14.90999984741211,16.110000610351562,14.739999771118164,15.739999771118164,0.067842606,12,0,0,0,0,0,0,0,0
2019-03-07,2766.530029296875,2767.25,2739.090087890625,2748.929931640625,-0.008125718,96.83000183105469,97.70999908447266,96.81999969482422,97.66999816894531,0.008258443,25.950000762939453,26.06999969482422,25.950000762939453,26.06999969482422,0.008900911,16.329999923706055,17.809999465942383,15.539999961853027,16.59000015258789,0.054002566,6,0,0,0,0,0,0,0,0
2019-03-08,2730.790039,2744.129883,2722.27002,2743.070068359375,-0.002131689,97.61000061035156,97.63999938964844,97.25,97.37000274658203,-0.003071521,25.989999771118164,25.989999771118164,25.959999084472656,25.989999771118164,-0.003068658,17.37999916,18.329999923706055,16.020000457763672,16.049999237060547,-0.032549784,24,1,0,14397,70404,0,0,1,0
2019-03-11,2747.610107421875,2784,2747.610107421875,2783.300048828125,0.014666041867757107,97.38999938964844,97.44999694824219,97.16000366210938,97.22000122070312,-0.001540531,25.950000762939453,25.989999771118164,25.93000030517578,25.93000030517578,-0.00230856,16.280000686645508,16.43000030517578,14.329999923706055,14.329999923706055,-0.107165071,48,0,0,0,0,0,0,0,0
2019-03-12,2787.340087890625,2798.320068359375,2786.72998,2791.52002,0.002953318,97.05000305175781,97.27999877929688,96.86000061035156,96.94000244140625,-0.002880053,25.899999618530273,25.90999984741211,25.850000381469727,25.87999916,-0.001928313,13.970000267028809,14.699999809265137,13.609999656677246,13.770000457763672,-0.039078818,5,0,0,0,0,0,0,0,0
2019-03-13,2799.780029296875,2821.239990234375,2799.780029296875,2810.919922,0.006949584,97.01000213623047,97.01999664,96.38999938964844,96.55000305175781,-0.004023101,25.84000015258789,25.850000381469727,25.75,25.760000228881836,-0.004636744,14,14.050000190734863,13.25,13.40999984741211,-0.026143834,34,0,0,0,0,0,0,0,0
2019-03-14,2810.379883,2815,2803.459961,2808.47998,-0.000868022,96.48999786376953,96.81999969482422,96.47000122070312,96.79000091552734,0.002485736,25.829999923706055,25.850000381469727,25.81999969482422,25.84000015258789,0.003105587,13.350000381469727,13.84000015258789,13.15999984741211,13.5,0.006711421,16,0,0,0,0,0,0,0,0
2019-03-15,2810.790039,2830.72998,2810.790039,2822.47998,0.004984903,96.72000122070312,96.79000091552734,96.48999786376953,96.59999847,-0.001963038,25.81999969482422,25.81999969482422,25.770000457763672,25.799999237060547,-0.001548023,13.210000038146973,13.279999732971191,12.5,12.880000114440918,-0.045925917,11,0,0,0,0,0,0,0,0
2019-03-18,2822.610107421875,2835.409912109375,2821.989990234375,2832.939941,0.003705947,96.56999969482422,96.62999725341797,96.37999725341797,96.51999664,-0.000828176,25.75,25.809999465942383,25.75,25.770000457763672,-0.001162743,13.130000114440918,13.800000190734863,13,13.100000381469727,0.017080765921899888,62,2,1,36738,166587,9874,0,1,1
2019-03-19,2840.760009765625,2852.419922,2823.27002,2832.570068359375,-0.000130562,96.51000213623047,96.51999664,96.29000091552734,96.37999725341797,-0.00145047,25.729999542236328,25.760000228881836,25.719999313354492,25.739999771118164,-0.001164171,12.890000343322754,13.770000457763672,12.369999885559082,13.56000042,0.035114506,13,0,0,0,0,0,0,0,0
2019-03-20,2831.340087890625,2843.540039,2812.429931640625,2824.22998,-0.002944354,96.40000153,96.56999969482422,95.73999786376953,95.76000213623047,-0.006432819,25.75,25.780000686645508,25.559999465942383,25.59000015258789,-0.005827491,13.539999961853027,14.300000190734863,13.050000190734863,13.90999984741211,0.025811166442818223,8,0,0,0,0,0,0,0,0
2019-03-21,2819.719970703125,2860.310059,2817.379883,2854.879883,0.010852481049954399,95.91000366210938,96.62999725341797,95.83999633789062,96.5,0.00772763,25.690000534057617,25.809999465942383,25.68000030517578,25.75,0.006252436,14.109999656677246,14.56000042,13.260000228881836,13.630000114440918,-0.020129384,10,0,0,0,0,0,0,0,0
2019-03-22,2844.52002,2846.159912109375,2800.469970703125,2800.709961,-0.018974501,96.31999969482422,96.80999755859375,96.20999908447266,96.65000153,0.00155442,25.799999237060547,25.860000610351562,25.790000915527344,25.799999237060547,0.001941718,13.770000457763672,17.520000457763672,13.619999885559082,16.479999542236328,0.20909753513324247,16,0,1,0,0,14200,73978,0,1
2019-03-25,2796.010009765625,2809.790039,2785.02002,2798.360107421875,-0.000839021,96.63999938964844,96.68000030517578,96.41000366210938,96.56999969482422,-0.000827748,25.760000228881836,25.809999465942383,25.760000228881836,25.799999237060547,0,17.760000228881836,17.850000381469727,16.260000228881836,16.329999923706055,-0.009101919,13,0,0,0,0,0,0,0,0
2019-03-26,2812.659912109375,2829.870117,2803.989990234375,2818.459961,0.007182726,96.5,96.84999847,96.44999694824219,96.73999786376953,0.001760362,25.829999923706055,25.87999916,25.81999969482422,25.87999916,0.003100772,16.219999313354492,16.299999237060547,14.670000076293945,14.680000305175781,-0.101041006,13,0,0,0,0,0,0,0,0
2019-03-27,2819.719970703125,2825.560059,2787.719970703125,2805.370117,-0.004644325,96.75,96.98000336,96.68000030517578,96.76999664,0.000310097,25.889999389648438,25.920000076293945,25.87000084,25.90999984741211,0.001159223,14.520000457763672,16.709999084472656,14.510000228881836,15.149999618530273,0.032016301334052644,12,0,0,0,0,0,0,0,0
2019-03-28,2809.399902,2819.709961,2798.77002,2815.439941,0.003589482,96.97000122070312,97.30000305175781,96.81999969482422,97.19999694824219,0.004443529,25.989999771118164,26.030000686645508,25.969999313354492,26,0.003473568,15.380000114440918,15.619999885559082,14.40999984741211,14.430000305175781,-0.047524708,14,0,0,0,0,0,0,0,0
2019-03-29,2828.27002,2836.030029296875,2819.22998,2834.399902,0.00673428,97.19999694824219,97.33999633789062,97.01000213623047,97.27999877929688,0.000823064,25.979999542236328,26.030000686645508,25.969999313354492,26.030000686645508,0.001153873,14.18999958,14.430000305175781,13.640000343322754,13.710000038146973,-0.049896067,10,0,0,0,0,0,0,0,0
2019-04-01,2848.629883,2869.399902,2848.629883,2867.189941,0.011568600124275408,97.18000030517578,97.30000305175781,97.02999877929688,97.25,-0.000308376,25.969999313354492,26.030000686645508,25.959999084472656,26.010000228881836,-0.000768362,13.899999618530273,14.010000228881836,13.319999694824219,13.399999618530273,-0.022611263,20,0,1,0,0,17029,79110,0,1
2019-04-02,2868.239990234375,2872.899902,2858.75,2867.239990234375,1.745570720723677e-05,97.33000183105469,97.51999664,97.26999664,97.36000061035156,0.001131112,26.049999237060547,26.100000381469727,26.030000686645508,26.040000915527344,0.001153429,13.619999885559082,13.680000305175781,13.130000114440918,13.359999656677246,-0.002985072,17,0,0,0,0,0,0,0,0
2019-04-03,2876.090087890625,2885.25,2865.169922,2873.399902,0.002148377,97.30000305175781,97.31999969482422,96.95999908447266,97.08999633789062,-0.002773257,25.979999542236328,26,25.950000762939453,26,-0.001536133,13.06000042,14.270000457763672,12.850000381469727,13.739999771118164,0.028443123069318066,4,0,0,0,0,0,0,0,0
2019-04-04,2873.989990234375,2881.280029296875,2867.139892578125,2879.389892578125,0.002084635,97.04000091552734,97.33999633789062,97.01999664,97.30999755859375,0.002265951,26.049999237060547,26.049999237060547,26.030000686645508,26.030000686645508,0.001153873,13.84000015258789,14.029999732971191,13.399999618530273,13.579999923706055,-0.011644822,6,1,1,14300,66827,14300,66827,1,1
2019-04-05,2884.159912109375,2893.239990234375,2882.989990234375,2892.739990234375,0.004636433,97.30000305175781,97.47000122070312,97.19000244140625,97.40000153,0.00092492,26.040000915527344,26.09000015258789,26.040000915527344,26.059999465942383,0.001152469,13.460000038146973,13.470000267028809,12.170000076293945,12.819999694824219,-0.055964671,17,1,0,15449,74195,0,0,1,0
2019-04-08,2888.459961,2895.949951171875,2880.780029296875,2895.77002,0.00104746,97.38999938964844,97.40000153,96.98000336,97.05000305175781,-0.003593413,25.979999542236328,26,25.959999084472656,25.969999313354492,-0.003453575,13.550000190734863,13.770000457763672,13.100000381469727,13.180000305175781,0.028081172,43,1,1,20870,99016,14757,65153,1,1
2019-04-09,2886.580078,2886.879883,2873.330078,2878.199951171875,-0.006067494,97.08000183105469,97.08999633789062,96.86000061035156,97.01000213623047,-0.000412168,25.93000030517578,25.979999542236328,25.93000030517578,25.979999542236328,0.000385069,13.460000038146973,14.390000343322754,13.31000042,14.279999732971191,0.083459742,18,1,0,16467,66316,0,0,1,0
2019-04-10,2881.370117,2889.709961,2879.129883,2888.209961,0.003477872,96.98999786376953,97.22000122070312,96.84999847,96.94999694824219,-0.000618546,26.020000457763672,26.020000457763672,25.93000030517578,25.940000534057617,-0.001539608,14.09000015258789,14.289999961853027,13.270000457763672,13.300000190734863,-0.06862742,10,0,0,0,0,0,0,0,0
2019-04-11,2891.919922,2893.419922,2881.989990234375,2888.320068359375,3.8123067008344336e-05,96.88999938964844,97.19000244140625,96.87999725341797,97.18000030517578,0.002372392,26.010000228881836,26.030000686645508,25.979999542236328,26.020000457763672,0.003084037,13.369999885559082,13.579999923706055,12.90999984741211,13.020000457763672,-0.021052611,10,0,0,0,0,0,0,0,0
2019-04-12,2900.860107421875,2910.540039,2898.370117,2907.409912109375,0.006609324,97.13999938964844,97.18000030517578,96.75,96.97000122070312,-0.002160929,25.920000076293945,25.979999542236328,25.90999984741211,25.959999084472656,-0.002305971,12.960000038146973,12.960000038146973,11.949999809265137,12.010000228881836,-0.07757298,14,0,0,0,0,0,0,0,0
2019-04-15,2908.320068359375,2909.600098,2896.47998,2905.580078,-0.000629369,96.93000030517578,97.18000030517578,96.79000091552734,96.94000244140625,-0.000309361,25.93000030517578,25.969999313354492,25.93000030517578,25.950000762939453,-0.000385143,12.460000038146973,13.140000343322754,12.239999771118164,12.319999694824219,0.025811778520777207,48,0,1,0,0,19844,88774,0,1
2019-04-16,2912.260009765625,2916.060059,2900.709961,2907.060059,0.000509358,96.93000030517578,97.08999633789062,96.87999725341797,97.04000091552734,0.00103155,25.989999771118164,26.010000228881836,25.959999084472656,26.010000228881836,0.002312118,12.260000228881836,12.470000267028809,11.850000381469727,12.180000305175781,-0.011363587,7,0,0,0,0,0,0,0,0
2019-04-17,2916.040039,2918,2895.449951171875,2900.449951171875,-0.002273812,97.06999969482422,97.12000274658203,96.81999969482422,97.01000213623047,-0.000309138,25.989999771118164,26.010000228881836,25.979999542236328,25.989999771118164,-0.000768953,12.119999885559082,13.020000457763672,11.029999732971191,12.600000381469727,0.034482764,11,0,0,0,0,0,0,0,0
2019-04-18,2904.810059,2908.399902,2891.899902,2905.030029296875,0.001579092,97.01000213623047,97.48999786376953,96.95999908447266,97.47000122070312,0.00474177,26.09000015258789,26.139999389648438,26.079999923706055,26.12999916,0.005386664,12.800000190734863,13.119999885559082,12.020000457763672,12.09000015258789,-0.040476207,17,0,0,0,0,0,0,0,0
2019-04-22,2898.780029296875,2909.510009765625,2896.350098,2907.969970703125,0.001012018,97.37999725341797,97.41000366210938,97.26000213623047,97.27999877929688,-0.001949343,26.09000015258789,26.100000381469727,26.06999969482422,26.06999969482422,-0.002296191,13.210000038146973,13.359999656677246,12.380000114440918,12.420000076293945,0.027295278704807746,65,0,2,0,0,30816,111553,0,1
2019-04-23,2909.989990234375,2936.310059,2908.530029296875,2933.679931640625,0.008841206,97.27999877929688,97.77999877929688,97.27999877929688,97.56999969482422,0.002981095,26.18000030517578,26.219999313354492,26.15999984741211,26.15999984741211,0.00345225,12.65999984741211,12.68999958,12.079999923706055,12.279999732971191,-0.011272169,44,1,0,13688,61623,0,0,1,0
2019-04-24,2934,2936.830078,2926.050048828125,2927.25,-0.002191763,97.59999847,98.19000244140625,97.58999633789062,98.09999847,0.005431985,26.229999542236328,26.34000015258789,26.190000534057617,26.290000915527344,0.00496946,12.529999732971191,13.229999542236328,12.260000228881836,13.140000343322754,0.070032625,18,0,0,0,0,0,0,0,0
2019-04-25,2928.989990234375,2933.100098,2912.840087890625,2926.169922,-0.000368974,98.09999847,98.31999969482422,97.98999786376953,98.19999694824219,0.001019352,26.329999923706055,26.350000381469727,26.299999237060547,26.34000015258789,0.001901835,13.289999961853027,14.300000190734863,12.81000042,13.25,0.008371359,22,0,0,0,0,0,0,0,0
2019-04-26,2925.810059,2939.879883,2917.560059,2939.879883,0.004685292,98.12000274658203,98.33000183105469,97.84999847,98.01000213623047,-0.001934774,26.299999237060547,26.309999465942383,26.25,26.309999465942383,-0.001138978,13.43999958,13.619999885559082,12.489999771118164,12.729999542236328,-0.039245318,11,0,0,0,0,0,0,0,0
2019-04-29,2940.580078,2949.52002,2939.350098,2943.030029296875,0.001071522,98.02999877929688,98.09999847,97.83000183105469,97.86000061035156,-0.001530472,26.309999465942383,26.329999923706055,26.25,26.25,-0.002280481,13.039999961853027,13.270000457763672,12.649999618530273,13.109999656677246,0.029850756331933237,28,0,0,0,0,0,0,0,0
2019-04-30,2937.139892578125,2948.219970703125,2924.110107421875,2945.830078,0.000951417,97.84999847,97.88999938964844,97.44000244140625,97.48000336,-0.00388307,26.15999984741211,26.209999084472656,26.149999618530273,26.170000076293945,-0.003047616,13.109999656677246,14.050000190734863,12.880000114440918,13.119999885559082,0.000762794,9,1,2,11112,47900,22619,101417,1,1
2019-05-01,2952.330078,2954.129883,2923.360107421875,2923.72998,-0.007502163,97.52999877929688,97.73000336,97.15000153,97.69000244140625,0.002154279,26.139999389648438,26.229999542236328,26.06999969482422,26.200000762939453,0.001146377,12.859999656677246,14.829999923706055,12.739999771118164,14.800000190734863,0.12804880486507653,72,0,0,0,0,0,0,0,0
2019-05-02,2922.159912109375,2931.679931640625,2900.5,2917.52002,-0.002123986,97.62999725341797,97.84999847,97.51000213623047,97.83000183105469,0.001433098,26.209999084472656,26.270000457763672,26.209999084472656,26.260000228881836,0.002290056,14.350000381469727,15.920000076293945,13.800000190734863,14.420000076293945,-0.025675683,22,0,1,0,0,11399,64224,0,1
2019-05-03,2929.209961,2947.850098,2929.209961,2945.639892578125,0.009638279,97.83000183105469,98.09999847,97.44999694824219,97.51999664,-0.003168815,26.270000457763672,26.280000686645508,26.15999984741211,26.15999984741211,-0.003808088,14.109999656677246,14.149999618530273,12.800000190734863,12.869999885559082,-0.10748961,17,2,0,39514,180868,0,0,1,0
2019-05-06,2908.889892578125,2937.320068359375,2898.209961,2932.469970703125,-0.004470988,97.55999755859375,97.70999908447266,97.45999908447266,97.51999664,0,26.219999313354492,26.229999542236328,26.170000076293945,26.18000030517578,0.000764543,12.890000343322754,18.799999237060547,12.890000343322754,15.43999958,0.19968917775266748,72,5,0,77025,267011,0,0,1,0
2019-05-07,2913.030029296875,2913.030029296875,2862.600098,2884.050048828125,-0.016511651,97.51999664,97.73999786376953,97.37999725341797,97.62999725341797,0.00112798,26.209999084472656,26.25,26.190000534057617,26.200000762939453,0.000763959,15.899999618530273,21.84000015258789,15.800000190734863,19.31999969482422,0.2512953510290572,4,0,0,0,0,0,0,0,0
2019-05-08,2879.610107421875,2897.959961,2873.280029296875,2879.419922,-0.001605425,97.56999969482422,97.68000030517578,97.41999816894531,97.62000274658203,-0.000102371,26.190000534057617,26.229999542236328,26.170000076293945,26.209999084472656,0.000381615,18.950000762939453,21.739999771118164,18.290000915527344,19.399999618530273,0.004140783,34,2,0,32348,144763,0,0,1,0
2019-05-09,2859.840087890625,2875.969970703125,2836.399902,2870.719970703125,-0.003021425,97.58000183105469,97.69999694824219,97.23999786376953,97.37000274658203,-0.002560951,26.209999084472656,26.229999542236328,26.12000084,26.15999984741211,-0.00190764,21.399999618530273,23.37999916,18.87000084,19.100000381469727,-0.015463879,7,1,0,12143,56400,0,0,1,0
2019-05-10,2863.100098,2891.310059,2825.389892578125,2881.399902,0.003720297,97.43000030517578,97.44999694824219,97.12999725341797,97.33000183105469,-0.000410814,26.12000084,26.15999984741211,26.09000015258789,26.149999618530273,-0.000382272,18.790000915527344,20.190000534057617,15.569999694824219,16.040000915527344,-0.160209393,42,23,0,168502,803481,0,0,1,0
2019-05-13,2840.189941,2840.189941,2801.429931640625,2811.870117,-0.024130557,97.30000305175781,97.37000274658203,97.02999877929688,97.31999969482422,-0.000102765,26.06999969482422,26.15999984741211,26.06999969482422,26.149999618530273,0,18.62000084,21.31999969482422,18.350000381469727,20.549999237060547,0.28117194913420174,123,28,0,375869,1014547,0,0,1,0
2019-05-14,2820.120117,2852.540039,2820.120117,2834.409912109375,0.008015945,97.31999969482422,97.55999755859375,97.26999664,97.52999877929688,0.00215782,26.190000534057617,26.209999084472656,26.190000534057617,26.209999084472656,0.002294435,19.399999618530273,19.649999618530273,17.450000762939453,18.059999465942383,-0.121167877,22,9,1,127086,653234,14286,63874,1,1
2019-05-15,2820.379883,2858.679931640625,2815.080078,2850.959961,0.005838975,97.52999877929688,97.69999694824219,97.44000244140625,97.56999969482422,0.00041014,26.239999771118164,26.260000228881836,26.190000534057617,26.219999313354492,0.000381543,17.56999969482422,19.149999618530273,16.40999984741211,16.440000534057617,-0.08970094,10,0,0,0,0,0,0,0,0
2019-05-16,2855.800048828125,2892.149902,2855.800048828125,2876.320068359375,0.008895287,97.54000091552734,97.87999725341797,97.44000244140625,97.83999633789062,0.00276721,26.260000228881836,26.31999969482422,26.260000228881836,26.290000915527344,0.002669779,16.690000534057617,17.12999916,15.15999984741211,15.289999961853027,-0.069951371,7,0,0,0,0,0,0,0,0
2019-05-17,2858.600098,2885.47998,2854.22998,2859.530029296875,-0.005837333,97.83000183105469,98.02999877929688,97.76999664,98,0.00163536,26.299999237060547,26.350000381469727,26.299999237060547,26.350000381469727,0.002282216,15.890000343322754,16.809999465942383,14.859999656677246,15.960000038146973,0.043819494961774064,17,0,0,0,0,0,0,0,0
2019-05-20,2841.939941,2853.860107421875,2831.290039,2840.22998,-0.006749378,97.95999908447266,98.04000091552734,97.87999725341797,97.93000030517578,-0.000714283,26.34000015258789,26.34000015258789,26.31999969482422,26.329999923706055,-0.000759031,15.880000114440918,17.62999916,15.460000038146973,16.309999465942383,0.021929788656569915,51,2,0,36121,160402,0,0,1,0
2019-05-21,2854.02002,2868.879883,2854.02002,2864.360107421875,0.008495836,97.91999816894531,98.12999725341797,97.81999969482422,98.05999755859375,0.001327451,26.37000084,26.389999389648438,26.309999465942383,26.37000084,0.001519214,15.859999656677246,16.219999313354492,14.789999961853027,14.949999809265137,-0.083384408,11,0,0,0,0,0,0,0,0
2019-05-22,2856.060059,2865.469970703125,2851.110107421875,2856.27002,-0.002824396,98.01999664,98.12000274658203,97.88999938964844,98.11000061035156,0.000509923,26.37000084,26.389999389648438,26.360000610351562,26.389999389648438,0.000758383,15.06000042,15.43999958,14.420000076293945,14.75,-0.013377914,40,0,0,0,0,0,0,0,0
2019-05-23,2836.699951171875,2836.699951171875,2805.489990234375,2822.239990234375,-0.01191415,98.05999755859375,98.37000274658203,97.80999755859375,97.84999847,-0.002650108,26.459999084472656,26.469999313354492,26.309999465942383,26.34000015258789,-0.001894628,15.930000305175781,18.049999237060547,15.279999732971191,16.920000076293945,0.1471186492402674,14,0,0,0,0,0,0,0,0
2019-05-24,2832.409912109375,2841.360107421875,2820.189941,2826.060059,0.001353559,97.83000183105469,97.91000366210938,97.55000305175781,97.61000061035156,-0.002452712,26.299999237060547,26.309999465942383,26.25,26.25,-0.003416862,16.34000015258789,16.520000457763672,15.520000457763672,15.850000381469727,-0.063238752,25,0,0,0,0,0,0,0,0
2019-05-28,2830.030029296875,2840.510009765625,2801.580078,2802.389892578125,-0.008375677,97.73999786376953,97.98000336,97.69999694824219,97.95999908447266,0.003585683,26.299999237060547,26.37999916,26.299999237060547,26.360000610351562,0.004190499,16.549999237060547,17.700000762939453,15.899999618530273,17.5,0.10410091979930125,61,2,0,23090,60851,0,0,1,0
2019-05-29,2790.25,2792.030029296875,2766.060059,2783.02002,-0.006911912,97.93000030517578,98.20999908447266,97.86000061035156,98.13999938964844,0.001837488,26.399999618530273,26.43000030517578,26.37999916,26.420000076293945,0.002276156,18.549999237060547,19.040000915527344,17.62000084,17.899999618530273,0.022857121,10,0,0,0,0,0,0,0,0
2019-05-30,2786.939941,2799,2776.739990234375,2788.860107421875,0.002098471,98.12999725341797,98.27999877929688,98.08999633789062,98.13999938964844,0,26.440000534057617,26.459999084472656,26.420000076293945,26.43000030517578,0.00037851,17.469999313354492,18.110000610351562,16.719999313354492,17.299999237060547,-0.033519575,14,0,0,0,0,0,0,0,0
2019-05-31,2766.149902,2768.97998,2750.52002,2752.060059,-0.013195373,98.15000153,98.16999816894531,97.72000122070312,97.75,-0.003973909,26.389999389648438,26.389999389648438,26.309999465942383,26.31999969482422,-0.00416196,19.049999237060547,19.719999313354492,18.010000228881836,18.709999084472656,0.081502885,19,3,0,69274,315196,0,0,1,0
2019-06-03,2751.530029296875,2763.070068359375,2728.810059,2744.449951171875,-0.00276524,97.63999938964844,97.80000305175781,97.11000061035156,97.13999938964844,-0.006240415,26.299999237060547,26.299999237060547,26.149999618530273,26.18000030517578,-0.005319126,19.40999984741211,19.75,18.15999984741211,18.860000610351562,0.008017185,56,5,0,84341,418784,0,0,1,0
2019-06-04,2762.639892578125,2804.489990234375,2762.639892578125,2803.27002,0.021432370568193138,97.20999908447266,97.33999633789062,97,97.06999969482422,-0.000720606,26.200000762939453,26.219999313354492,26.12999916,26.149999618530273,-0.001145939,18.739999771118164,18.739999771118164,16.969999313354492,16.969999313354492,-0.100212155,9,0,0,0,0,0,0,0,0
2019-06-05,2818.090087890625,2827.280029296875,2800.919922,2826.149902,0.008161855,97.12000274658203,97.37000274658203,96.75,97.37000274658203,0.003090585,26.12999916,26.239999771118164,26.110000610351562,26.239999771118164,0.003441688,17.059999465942383,17.489999771118164,16.040000915527344,16.09000015258789,-0.051856169,15,2,0,34657,145224,0,0,1,0
2019-06-06,2828.510009765625,2852.100098,2822.449951171875,2843.489990234375,0.006135587,97.29000091552734,97.34999847,96.77999877929688,97.02999877929688,-0.003491876,26.149999618530273,26.190000534057617,26.09000015258789,26.149999618530273,-0.003429884,16.25,16.540000915527344,15.359999656677246,15.930000305175781,-0.009944055,13,1,0,17605,83770,0,0,1,0
2019-06-07,2852.870117,2884.969970703125,2852.870117,2873.340087890625,0.010497697,97.01000213623047,97.18000030517578,96.45999908447266,96.61000061035156,-0.004328539,26.059999465942383,26.079999923706055,26,26.040000915527344,-0.004206451,15.649999618530273,16.440000534057617,15.329999923706055,16.299999237060547,0.023226548951449155,15,2,0,26021,119739,0,0,1,0
2019-06-10,2885.830078,2904.77002,2885.510009765625,2886.72998,0.004660044,96.65000153,96.94000244140625,96.62999725341797,96.76000213623047,0.00155265,26.079999923706055,26.139999389648438,26.06999969482422,26.06999969482422,0.001152027,16.299999237060547,16.469999313354492,15.84000015258789,15.93999958,-0.02208587,58,6,0,144797,382227,0,0,1,0
2019-06-11,2903.27002,2910.610107421875,2878.530029296875,2885.719970703125,-0.00034988,96.75,96.87999725341797,96.63999938964844,96.69000244140625,-0.000723436,26.079999923706055,26.110000610351562,26.059999465942383,26.079999923706055,0.000383591,15.84000015258789,16.700000762939453,15.5,15.989999771118164,0.003136775,21,3,2,36860,201849,10256,40838,1,1
2019-06-12,2882.72998,2888.570068359375,2874.679931640625,2879.840087890625,-0.002037579,96.70999908447266,97.01999664,96.58000183105469,97,0.003206097,26.110000610351562,26.15999984741211,26.06999969482422,26.149999618530273,0.002684037,16.260000228881836,16.43000030517578,15.779999732971191,15.90999984741211,-0.005003122,11,0,0,0,0,0,0,0,0
2019-06-13,2886.239990234375,2895.239990234375,2881.989990234375,2891.639892578125,0.004097382,96.95999908447266,97.08000183105469,96.87000274658203,97.01000213623047,0.000103115,26.170000076293945,26.190000534057617,26.149999618530273,26.170000076293945,0.000764836,16.15999984741211,16.209999084472656,15.609999656677246,15.819999694824219,-0.005656829,34,2,1,17898,72285,20205,83348,1,1
2019-06-14,2886.820068359375,2894.449951171875,2879.620117,2886.97998,-0.001611512,97.01000213623047,97.58000183105469,96.94000244140625,97.56999969482422,0.005772575,26.260000228881836,26.329999923706055,26.239999771118164,26.309999465942383,0.005349614,16,16.399999618530273,15.210000038146973,15.279999732971191,-0.034134006,12,0,0,0,0,0,0,0,0
2019-06-17,2889.75,2897.27002,2887.300048828125,2889.669922,0.000931749,97.51999664,97.59999847,97.33999633789062,97.55999755859375,-0.000102512,26.270000457763672,26.329999923706055,26.270000457763672,26.31999969482422,0.000380092,15.649999618530273,15.760000228881836,15.239999771118164,15.350000381469727,0.004581194,74,0,0,0,0,0,0,0,0
2019-06-18,2906.709961,2930.790039,2905.439941,2917.75,0.0097174,97.52999877929688,97.76999664,97.37000274658203,97.63999938964844,0.000820027,26.290000915527344,26.37999916,26.290000915527344,26.360000610351562,0.001519792,14.890000343322754,15.539999961853027,14.619999885559082,15.149999618530273,-0.013029365,15,2,1,27282,126191,5967,29735,1,1
2019-06-19,2920.550048828125,2931.739990234375,2911.429931640625,2926.459961,0.002985164,97.62999725341797,97.68000030517578,97.08999633789062,97.12000274658203,-0.005325652,26.309999465942383,26.329999923706055,26.190000534057617,26.239999771118164,-0.004552384,15.050000190734863,15.710000038146973,14.149999618530273,14.329999923706055,-0.054125394,14,0,0,0,0,0,0,0,0
2019-06-20,2949.600098,2958.060059,2931.5,2954.179931640625,0.009472185,97.18000030517578,97.19999694824219,96.56999969482422,96.62999725341797,-0.005045361,26.09000015258789,26.12000084,26.06999969482422,26.079999923706055,-0.006097555,14.039999961853027,16.030000686645508,13.18999958,14.75,0.029309147140966996,8,0,0,0,0,0,0,0,0
2019-06-21,2952.709961,2964.149902,2946.870117,2950.459961,-0.001259223,96.62000274658203,96.70999908447266,96.15000153,96.22000122070312,-0.004242948,26.059999465942383,26.09000015258789,25.950000762939453,25.950000762939453,-0.00498463,14.739999771118164,15.479999542236328,14.420000076293945,15.399999618530273,0.044067770747815205,8,0,0,0,0,0,0,0,0
2019-06-24,2951.419922,2954.919922,2944.050048828125,2945.350098,-0.001731887,96.18000030517578,96.19999694824219,95.97000122070312,95.98000336,-0.002494262,25.940000534057617,25.959999084472656,25.899999618530273,25.90999984741211,-0.001541461,15.460000038146973,15.56000042,15.229999542236328,15.260000228881836,-0.00909087,38,3,4,67024,322157,33286,162888,1,1
2019-06-25,2945.780029296875,2946.52002,2916.010009765625,2917.379883,-0.009496397,96,96.36000061035156,95.83999633789062,96.16000366210938,0.001875394,25.90999984741211,26.010000228881836,25.889999389648438,25.969999313354492,0.002315688,15.430000305175781,16.68000030517578,15.100000381469727,16.280000686645508,0.066841444,10,0,0,0,0,0,0,0,0
2019-06-26,2926.070068359375,2932.590087890625,2912.989990234375,2913.780029296875,-0.001233934,96.18000030517578,96.33999633789062,96.06999969482422,96.20999908447266,0.000519919,25.979999542236328,26.010000228881836,25.93000030517578,25.989999771118164,0.000770137,16.100000381469727,16.600000381469727,15.470000267028809,16.209999084472656,-0.004299853,36,0,0,0,0,0,0,0,0
2019-06-27,2919.659912109375,2929.300048828125,2918.570068359375,2924.919922,0.003823176,96.18000030517578,96.38999938964844,96.13999938964844,96.19000244140625,-0.000207844,25.979999542236328,26,25.979999542236328,25.989999771118164,0,15.65999984741211,16.399999618530273,15.65999984741211,15.819999694824219,-0.024059186,22,1,0,19477,99730,0,0,1,0
2019-06-28,2932.939941,2943.97998,2929.050048828125,2941.760009765625,0.005757453,96.19000244140625,96.30000305175781,96.01999664,96.12999725341797,-0.000623819,25.969999313354492,26.010000228881836,25.940000534057617,25.969999313354492,-0.000769544,15.699999809265137,16.12999916,15.079999923706055,15.079999923706055,-0.046776219,5,0,0,0,0,0,0,0,0
2019-07-01,2971.409912109375,2977.929931640625,2952.219970703125,2964.330078,0.007672301,96.25,96.87000274658203,96.25,96.83999633789062,0.007385822,26.049999237060547,26.170000076293945,26.040000915527344,26.15999984741211,0.007316155,13.850000381469727,14.640000343322754,13.800000190734863,14.06000042,-0.067639225,30,5,0,71689,363288,0,0,1,0
2019-07-02,2964.659912109375,2973.209961,2955.919922,2973.010009765625,0.002928126,96.80999755859375,96.87999725341797,96.59999847,96.73000336,-0.001135822,26.12000084,26.15999984741211,26.09000015258789,26.139999389648438,-0.000764543,14.15999984741211,14.300000190734863,12.899999618530273,12.930000305175781,-0.080369849,13,0,0,0,0,0,0,0,0
2019-07-03,2978.080078,2995.840087890625,2977.959961,2995.820068359375,0.007672379,96.73000336,96.87000274658203,96.58999633789062,96.76999664,0.000413453,26.12000084,26.15999984741211,26.09000015258789,26.139999389648438,0,13.180000305175781,13.18999958,12.56000042,12.569999694824219,-0.027842274,22,1,2,14468,61209,21929,126195,1,1
2019-07-05,2984.25,2994.030029296875,2967.969970703125,2990.409912109375,-0.001805902,96.72000122070312,97.44000244140625,96.72000122070312,97.25,0.00496025,26.270000457763672,26.34000015258789,26.270000457763672,26.280000686645508,0.005355826,13,14.470000267028809,12.039999961853027,13.279999732971191,0.056483695734640404,53,0,0,0,0,0,0,0,0
2019-07-08,2979.77002,2980.760009765625,2970.090087890625,2975.949951171875,-0.004835444,97.23000336,97.41999816894531,97.16000366210938,97.37999725341797,0.001336733,26.309999465942383,26.34000015258789,26.299999237060547,26.329999923706055,0.001902558,13.729999542236328,14.43999958,13.640000343322754,13.960000038146973,0.051204843,46,1,2,24748,116219,31421,172903,1,1
2019-07-09,2965.52002,2981.899902,2963.439941,2979.629883,0.001236557,97.37999725341797,97.58999633789062,97.36000061035156,97.48999786376953,0.001129602,26.360000610351562,26.37000084,26.34000015258789,26.350000381469727,0.000759607,14.470000267028809,14.710000038146973,13.989999771118164,14.09000015258789,0.009312329,15,1,1,16826,82872,14052,61336,1,1
2019-07-10,2989.300048828125,3002.97998,2984.620117,2993.070068359375,0.00451069,97.51000213623047,97.55000305175781,97.04000091552734,97.09999847,-0.004000404,26.290000915527344,26.309999465942383,26.229999542236328,26.239999771118164,-0.004174596,14.380000114440918,14.68999958,12.979999542236328,13.029999732971191,-0.075230689,20,0,0,0,0,0,0,0,0
2019-07-11,2999.620117,3002.330078,2988.800048828125,2999.909912109375,0.002285227,97.05999755859375,97.15000153,96.80000305175781,97.05000305175781,-0.000514886,26.229999542236328,26.270000457763672,26.229999542236328,26.239999771118164,0,13.010000228881836,13.329999923706055,12.390000343322754,12.930000305175781,-0.007674553,32,1,0,9859,45075,0,0,1,0
2019-07-12,3003.360107421875,3013.919922,3001.870117,3013.77002,0.004620175,97.08000183105469,97.12000274658203,96.79000091552734,96.80999755859375,-0.002473009,26.239999771118164,26.239999771118164,26.170000076293945,26.190000534057617,-0.001905459,12.760000228881836,12.819999694824219,12.279999732971191,12.390000343322754,-0.041763337,51,3,0,28347,148315,0,0,1,0
2019-07-15,3017.800048828125,3017.800048828125,3008.77002,3014.300048828125,0.000175869,96.83999633789062,96.97000122070312,96.75,96.93000030517578,0.00123957,26.190000534057617,26.229999542236328,26.190000534057617,26.229999542236328,0.001527263,12.579999923706055,13.020000457763672,12.489999771118164,12.680000305175781,0.023405968831091695,88,2,1,32413,181037,16156,87581,1,1
2019-07-16,3012.129883,3015.02002,3001.149902,3004.040039,-0.003403779,96.91999816894531,97.44000244140625,96.91999816894531,97.40000153,0.004848873,26.299999237060547,26.360000610351562,26.299999237060547,26.350000381469727,0.004574946,12.609999656677246,13.140000343322754,12.279999732971191,12.859999656677246,0.014195532111145992,16,0,0,0,0,0,0,0,0
2019-07-17,3005.100098,3005.260009765625,2984.25,2984.419922,-0.006531244,97.36000061035156,97.44000244140625,97.16000366210938,97.22000122070312,-0.001848052,26.34000015258789,26.34000015258789,26.280000686645508,26.299999237060547,-0.001897577,12.619999885559082,13.970000267028809,12.239999771118164,13.970000267028809,0.086314202,14,0,0,0,0,0,0,0,0
2019-07-18,2978.870117,2998.280029296875,2973.090087890625,2995.110107421875,0.003581998,97.19999694824219,97.26000213623047,96.66999816894531,96.79000091552734,-0.004422961,26.299999237060547,26.31999969482422,26.15999984741211,26.15999984741211,-0.005323171,14.449999809265137,14.5,13.18999958,13.529999732971191,-0.031496101,12,0,0,0,0,0,0,0,0
2019-07-19,3004.260009765625,3006.02002,2975.860107421875,2976.610107421875,-0.006176735,96.81999969482422,97.29000091552734,96.76000213623047,97.15000153,0.003719399,26.280000686645508,26.329999923706055,26.260000228881836,26.290000915527344,0.00496946,13.31000042,14.449999809265137,13.09000015258789,14.449999809265137,0.067997051,28,0,4,0,0,42537,216500,0,1
2019-07-22,2981.929931640625,2990.709961,2976.649902,2985.030029296875,0.002828695,97.15000153,97.30000305175781,97.12999725341797,97.26000213623047,0.001132276,26.31999969482422,26.34000015258789,26.309999465942383,26.34000015258789,0.001901835,14.550000190734863,14.699999809265137,13.420000076293945,13.529999732971191,-0.063667826,59,0,3,0,0,37636,185927,0,1
2019-07-23,2994.739990234375,3005.899902,2988.560059,3005.469970703125,0.006847483,97.30000305175781,97.73999786376953,97.30000305175781,97.70999908447266,0.004626742,26.43000030517578,26.469999313354492,26.43000030517578,26.459999084472656,0.004555768,13.420000076293945,13.520000457763672,12.550000190734863,12.609999656677246,-0.067997051,18,2,0,23679,131957,0,0,1,0
2019-07-24,2998.77002,3019.590087890625,2996.820068359375,3019.560059,0.004688148,97.72000122070312,97.80999755859375,97.55000305175781,97.73000336,0.000204731,26.450000762939453,26.479999542236328,26.420000076293945,26.459999084472656,0,12.800000190734863,13.100000381469727,11.979999542236328,12.069999694824219,-0.042823154,32,0,0,0,0,0,0,0,0
2019-07-25,3016.260009765625,3016.310059,2997.239990234375,3003.669922,-0.005262401,97.69000244140625,97.91999816894531,97.5,97.81999969482422,0.000920867,26.440000534057617,26.530000686645508,26.40999984741211,26.510000228881836,0.001889688,12.239999771118164,13.539999961853027,11.68999958,12.739999771118164,0.055509535,31,0,1,0,0,15580,75370,0,1
2019-07-26,3013.25,3027.97998,3012.590087890625,3025.860107421875,0.007387691,97.79000091552734,98.08999633789062,97.76000213623047,98.01000213623047,0.001942368,26.520000457763672,26.579999923706055,26.520000457763672,26.549999237060547,0.001508827,12.579999923706055,12.720000267028809,12.010000228881836,12.15999984741211,-0.045525897,15,3,1,45469,213704,13279,62377,1,1
2019-07-29,3024.469970703125,3025.610107421875,3014.300048828125,3020.969970703125,-0.001616115,97.98999786376953,98.16999816894531,97.90000153,98.04000091552734,0.000306079,26.59000015258789,26.600000381469727,26.559999465942383,26.56999969482422,0.000753313,12.149999618530273,13.170000076293945,12.149999618530273,12.829999923706055,0.055098691,59,2,3,24152,114277,37569,180608,1,1
2019-07-30,3007.659912109375,3017.189941,3000.939941,3013.179931640625,-0.002578655,98.06999969482422,98.20999908447266,98.01999664,98.05000305175781,0.000102021,26.59000015258789,26.610000610351562,26.56999969482422,26.56999969482422,0,12.869999885559082,14.180000305175781,12.869999885559082,13.93999958,0.086515952,32,2,0,28500,139304,0,0,1,0
2019-07-31,3016.219970703125,3017.399902,2958.080078,2980.379883,-0.010885526,98.02999877929688,98.68000030517578,98.01000213623047,98.51999664,0.004793407,26.579999923706055,26.739999771118164,26.549999237060547,26.729999542236328,0.006021823,13.829999923706055,16.549999237060547,13.460000038146973,16.12000084,0.15638460003383692,14,0,0,0,0,0,0,0,0
2019-08-01,2980.320068359375,3013.590087890625,2945.22998,2953.560059,-0.008998794,98.58999633789062,98.93000030517578,98.26999664,98.38999938964844,-0.001319501,26.799999237060547,26.799999237060547,26.639999389648438,26.649999618530273,-0.002992889,15.40999984741211,19.459999084472656,13.729999542236328,17.87000084,0.10856078839281391,23,5,3,68449,338208,36328,172561,1,1
2019-08-02,2943.899902,2945.5,2914.110107421875,2932.050048828125,-0.00728274,98.41000366210938,98.44999694824219,98.05000305175781,98.09999847,-0.002947463,26.65999984741211,26.65999984741211,26.579999923706055,26.59000015258789,-0.002251387,17.690000534057617,20.110000610351562,17.040000915527344,17.610000610351562,-0.014549536,12,0,0,0,0,0,0,0,0
2019-08-05,2898.070068359375,2898.070068359375,2822.120117,2844.739990234375,-0.02977782,98.11000061035156,98.13999938964844,97.41999816894531,97.5,-0.006116192,26.479999542236328,26.5,26.420000076293945,26.459999084472656,-0.004889096,19.959999084472656,24.809999465942383,19.90999984741211,24.59000015258789,0.39636566157376074,36,5,2,80233,376428,34995,151325,1,1
2019-08-06,2861.179931640625,2884.399902,2847.419922,2881.77002,0.013017017169932643,97.25,97.76999664,97.20999908447266,97.62999725341797,0.001333305,26.489999771118164,26.510000228881836,26.450000762939453,26.489999771118164,0.001133813,22.290000915527344,22.87000084,19.770000457763672,20.170000076293945,-0.179747867,17,4,1,60191,278674,16381,74739,1,1
2019-08-07,2858.649902,2892.169922,2825.709961,2883.97998,0.000766876,97.55999755859375,97.84999847,97.30999755859375,97.54000091552734,-0.00092181,26.440000534057617,26.479999542236328,26.399999618530273,26.469999313354492,-0.000755019,20.700000762939453,23.670000076293945,18.940000534057617,19.489999771118164,-0.033713451,19,2,3,30872,142979,42038,206634,1,1
2019-08-08,2896.209961,2938.719970703125,2894.469970703125,2938.090087890625,0.018762303409984193,97.59999847,97.73999786376953,97.43000030517578,97.62000274658203,0.000820195,26.510000228881836,26.510000228881836,26.420000076293945,26.489999771118164,0.00075559,19.360000610351562,19.889999389648438,16.81999969482422,16.90999984741211,-0.132375575,16,0,3,0,0,42911,220844,0,1
2019-08-09,2930.510009765625,2935.75,2900.149902,2918.649902,-0.006616606,97.56999969482422,97.63999938964844,97.36000061035156,97.48999786376953,-0.001331744,26.459999084472656,26.489999771118164,26.40999984741211,26.459999084472656,-0.001132529,18.139999389648438,19.440000534057617,17.309999465942383,17.969999313354492,0.062684771,13,0,0,0,0,0,0,0,0
2019-08-12,2907.070068359375,2907.580078,2873.139892578125,2882.699951171875,-0.012317322,97.54000091552734,97.73999786376953,97.31999969482422,97.37999725341797,-0.001128327,26.43000030517578,26.450000762939453,26.40999984741211,26.440000534057617,-0.000755803,17.87000084,21.260000228881836,17.770000457763672,21.09000015258789,0.17362275784366643,32,1,0,16287,73064,0,0,1,0
2019-08-13,2880.719970703125,2943.310059,2877.050048828125,2926.320068359375,0.015131688322181258,97.48000336,97.84999847,97.31999969482422,97.80999755859375,0.004415694,26.440000534057617,26.559999465942383,26.43000030517578,26.559999465942383,0.004538537,21.280000686645508,21.639999389648438,17.520000457763672,17.520000457763672,-0.169274522,41,2,0,24387,107270,0,0,1,0
2019-08-14,2894.149902,2894.149902,2839.639892578125,2840.600098,-0.029292753,97.80000305175781,98.05000305175781,97.66999816894531,97.98999786376953,0.001840306,26.549999237060547,26.62000084,26.530000686645508,26.62000084,0.002259088,17.809999465942383,22.709999084472656,17.75,22.100000381469727,0.26141551392919693,20,2,4,28088,127902,52967,231379,1,1
2019-08-15,2846.199951171875,2856.669922,2825.510009765625,2847.600098,0.002464268,97.94999694824219,98.23999786376953,97.81999969482422,98.13999938964844,0.001530784,26.600000381469727,26.670000076293945,26.59000015258789,26.639999389648438,0.00075126,21.579999923706055,24.100000381469727,20.780000686645508,21.18000030517578,-0.041628962,37,7,0,108310,374308,0,0,1,0
2019-08-16,2864.739990234375,2893.629883,2864.739990234375,2888.679931640625,0.014426124657807904,98.12999725341797,98.33999633789062,98.11000061035156,98.13999938964844,0,26.709999084472656,26.709999084472656,26.639999389648438,26.65999984741211,0.000750768,20.479999542236328,20.5,18.40999984741211,18.469999313354492,-0.127950942,17,1,1,13130,58666,13130,58666,1,1
2019-08-19,2913.47998,2931,2913.47998,2923.649902,0.012105865492430645,98.16999816894531,98.38999938964844,98.12999725341797,98.34999847,0.002139791,26.68000030517578,26.729999542236328,26.670000076293945,26.719999313354492,0.002250543,17.93000030517578,18.219999313354492,16.520000457763672,16.87999916,-0.086085556,76,2,2,28024,145667,30086,142707,1,1
2019-08-20,2919.010009765625,2923.629883,2899.600098,2900.510009765625,-0.007914728,98.36000061035156,98.44999694824219,98.12000274658203,98.19000244140625,-0.001626803,26.729999542236328,26.739999771118164,26.649999618530273,26.65999984741211,-0.002245489,16.780000686645508,17.700000762939453,16.450000762939453,17.5,0.036729909363647284,34,0,0,0,0,0,0,0,0
2019-08-21,2922.040039,2928.72998,2917.909912109375,2924.429931640625,0.008246799,98.16999816894531,98.33000183105469,97.94999694824219,98.30000305175781,0.001120283,26.670000076293945,26.709999084472656,26.65999984741211,26.690000534057617,0.001125307,17.010000228881836,17.040000915527344,15.510000228881836,15.800000190734863,-0.097142846,20,1,6,12739,59815,66330,307690,1,1
2019-08-22,2930.939941,2939.080078,2904.510009765625,2922.949951171875,-0.000506075,98.25,98.38999938964844,98.08000183105469,98.16999816894531,-0.001322532,26.670000076293945,26.700000762939453,26.639999389648438,26.670000076293945,-0.000749361,16.12000084,17.68000030517578,15.630000114440918,16.68000030517578,0.055696209,11,0,2,0,0,31773,133841,0,1
2019-08-23,2911.070068359375,2927.010009765625,2834.969970703125,2847.110107421875,-0.025946337,98.19000244140625,98.44999694824219,97.58999633789062,97.63999938964844,-0.005398786,26.700000762939453,26.770000457763672,26.510000228881836,26.520000457763672,-0.005624283,16.149999618530273,21.06999969482422,16.040000915527344,19.87000084,0.19124703091688589,49,4,6,78212,329272,58695,253985,1,1
2019-08-26,2866.699951171875,2879.27002,2856,2878.379883,0.010982987735216332,97.58999633789062,98.08999633789062,97.48000336,98.08000183105469,0.004506375,26.62000084,26.65999984741211,26.610000610351562,26.65999984741211,0.005279012,20.34000015258789,21.329999923706055,19.059999465942383,19.31999969482422,-0.027679976,90,10,1,142406,511199,6055,0,1,1
2019-08-27,2893.139892578125,2898.790039,2860.590087890625,2869.159912109375,-0.003203181,98.05000305175781,98.05000305175781,97.86000061035156,98,-0.000815679,26.62000084,26.639999389648438,26.610000610351562,26.639999389648438,-0.000750205,20.18000030517578,21.040000915527344,18.489999771118164,20.309999465942383,0.051242224987373186,11,0,1,0,0,17008,67223,0,1
2019-08-28,2861.280029296875,2890.030029296875,2853.050048828125,2887.939941,0.00654548,98.01000213623047,98.26000213623047,98,98.20999908447266,0.002142848,26.68000030517578,26.709999084472656,26.670000076293945,26.700000762939453,0.002252304,20.549999237060547,21.639999389648438,19.100000381469727,19.350000381469727,-0.047267312,22,1,1,20907,100497,12963,49188,1,1
2019-08-29,2910.370117,2930.5,2905.669922,2924.580078,0.012687291793508804,98.19000244140625,98.55000305175781,98.16000366210938,98.51000213623047,0.00305471,26.729999542236328,26.790000915527344,26.700000762939453,26.770000457763672,0.002621711,19.020000457763672,19.200000762939453,17.600000381469727,17.87999916,-0.075969054,13,0,1,0,0,12827,57991,0,1
2019-08-30,2937.090087890625,2940.429931640625,2913.320068359375,2926.459961,0.000642787,98.43000030517578,99.01999664,98.41000366210938,98.91999816894531,0.004161974,26.790000915527344,26.920000076293945,26.75,26.87000084,0.003735539,17.940000534057617,19.18000030517578,17.09000015258789,18.979999542236328,0.061521277,22,4,3,40801,171587,34663,159413,1,1
2019-09-03,2909.010009765625,2914.389892578125,2891.850098,2906.27002,-0.006899101,99.08000183105469,99.37000274658203,98.91999816894531,98.94999694824219,0.000303263,26.989999771118164,27.010000228881836,26.899999618530273,26.93000030517578,0.002232954,20.959999084472656,21.149999618530273,19.40999984741211,19.65999984741211,0.035827203455014445,148,10,3,111120,532016,32191,47330,1,1
2019-09-04,2924.669922,2938.840087890625,2921.860107421875,2937.780029296875,0.010842079212828093,98.95999908447266,98.97000122070312,98.38999938964844,98.44999694824219,-0.005053057,26.81999969482422,26.829999923706055,26.75,26.760000228881836,-0.006312665,18.229999542236328,18.829999923706055,17.260000228881836,17.329999923706055,-0.118514748,24,7,0,55603,259768,0,0,1,0
2019-09-05,2960.600098,2985.860107421875,2960.600098,2976,0.013009813642266721,98.40000153,98.54000091552734,98.08999633789062,98.41000366210938,-0.000406229,26.68000030517578,26.770000457763672,26.670000076293945,26.770000457763672,0.000373701,16.920000076293945,17.049999237060547,15.449999809265137,16.270000457763672,-0.061165578,31,1,0,9459,29381,0,0,1,0
2019-09-06,2980.330078,2985.030029296875,2972.510009765625,2978.709961,0.000910605,98.41999816894531,98.51999664,98.01000213623047,98.38999938964844,-0.000203275,26.729999542236328,26.780000686645508,26.700000762939453,26.780000686645508,0.000373561,15.920000076293945,16.059999465942383,14.90999984741211,15,-0.078057801,28,1,3,15620,68646,33515,152322,1,1
2019-09-09,2988.429931640625,2989.429931640625,2969.389892578125,2978.429931640625,-9.40E-05,98.41999816894531,98.51000213623047,98.13999938964844,98.27999877929688,-0.001118006,26.739999771118164,26.75,26.700000762939453,26.729999542236328,-0.001867108,15.260000228881836,16.12999916,14.949999809265137,15.270000457763672,0.018000030517578036,72,1,1,13923,58931,13923,58931,1,1
2019-09-10,2971.010009765625,2979.389892578125,2957.010009765625,2979.389892578125,0.000322304,98.33000183105469,98.45999908447266,98.26000213623047,98.33000183105469,0.000508782,26.75,26.770000457763672,26.739999771118164,26.760000228881836,0.00112236,15.529999732971191,16.520000457763672,15.109999656677246,15.199999809265137,-0.004584194,30,0,0,0,0,0,0,0,0
2019-09-11,2981.409912109375,3000.929931640625,2975.310059,3000.929931640625,0.007229681,98.33000183105469,98.75,97.86000061035156,98.65000153,0.003254344,26.84000015258789,26.87000084,26.829999923706055,26.84000015258789,0.002989534,15.329999923706055,15.520000457763672,14.550000190734863,14.609999656677246,-0.0388158,31,2,2,12508,39623,21201,94182,1,1
2019-09-12,3009.080078,3020.739990234375,3000.919922,3009.570068359375,0.002879153,98.62999725341797,99.09999847,98.19000244140625,98.30999755859375,-0.003446568,26.87999916,26.899999618530273,26.719999313354492,26.760000228881836,-0.002980623,14.68999958,14.93999958,13.850000381469727,14.220000267028809,-0.026694004,28,3,1,31936,176212,14854,54066,1,1
2019-09-13,3012.209961,3017.330078,3002.899902,3007.389892578125,-0.000724414,98.41000366210938,98.43000030517578,98,98.26000213623047,-0.000508549,26.709999084472656,26.75,26.700000762939453,26.719999313354492,-0.001494803,14.15999984741211,14.31000042,13.510000228881836,13.739999771118164,-0.033755309,14,0,0,0,0,0,0,0,0
2019-09-16,2996.409912109375,3002.189941,2990.669922,2997.959961,-0.003135587,98.12000274658203,98.70999908447266,98.02999877929688,98.65000153,0.003969055,26.799999237060547,26.860000610351562,26.799999237060547,26.84000015258789,0.004491049,14.890000343322754,15.289999961853027,14.5,14.670000076293945,0.067685613,64,1,2,8694,38894,16200,71825,1,1
2019-09-17,2995.669922,3006.209961,2993.72998,3005.699951171875,0.002581752,98.65000153,98.73999786376953,98.19000244140625,98.26000213623047,-0.003953364,26.81999969482422,26.84000015258789,26.719999313354492,26.719999313354492,-0.00447097,14.920000076293945,15.029999732971191,14.399999618530273,14.43999958,-0.015678289,22,0,0,0,0,0,0,0,0
2019-09-18,3001.5,3007.830078,2978.570068359375,3006.72998,0.000342692,98.20999908447266,98.69000244140625,98.19000244140625,98.59999847,0.00346017,26.760000228881836,26.860000610351562,26.75,26.81999969482422,0.003742529,14.609999656677246,15.800000190734863,13.800000190734863,13.949999809265137,-0.033933503,42,0,1,0,0,13186,53749,0,1
2019-09-19,3010.360107421875,3021.989990234375,3003.159912109375,3006.790039,1.997472142156731e-05,98.56999969482422,98.62000274658203,98.19999694824219,98.26999664,-0.003346875,26.760000228881836,26.790000915527344,26.729999542236328,26.760000228881836,-0.002237117,14.65999984741211,14.65999984741211,13.31000042,14.050000190734863,0.007168486,8,0,0,0,0,0,0,0,0
2019-09-20,3008.419922,3016.370117,2984.679931640625,2992.070068359375,-0.004895577,98.33999633789062,98.63999938964844,98.13999938964844,98.51000213623047,0.002442307,26.829999923706055,26.860000610351562,26.81999969482422,26.829999923706055,0.002615833,13.93999958,15.84000015258789,13.350000381469727,15.319999694824219,0.090391423,15,0,0,0,0,0,0,0,0
2019-09-23,2983.5,2999.149902,2982.22998,2991.780029296875,-9.69E-05,98.51000213623047,98.83000183105469,98.44999694824219,98.59999847,0.000913576,26.889999389648438,26.889999389648438,26.850000381469727,26.87000084,0.001490903,15.350000381469727,16,14.710000038146973,14.90999984741211,-0.026762393,49,1,1,15478,53387,8890,41960,1,1
2019-09-24,3002.429931640625,3007.97998,2957.72998,2966.600098,-0.008416371,98.63999938964844,98.70999908447266,98.29000091552734,98.33999633789062,-0.002636939,26.850000381469727,26.850000381469727,26.770000457763672,26.770000457763672,-0.003721637,14.770000457763672,17.62000084,14.329999923706055,17.049999237060547,0.1435277942018136,17,0,0,0,0,0,0,0,0
2019-09-25,2968.350098,2989.820068359375,2952.860107421875,2984.870117,0.006158572,98.37999725341797,99.05999755859375,98.36000061035156,99.04000091552734,0.007118208,26.899999618530273,26.989999771118164,26.87999916,26.979999542236328,0.007844568,17.049999237060547,18.450000762939453,15.68999958,15.960000038146973,-0.063929575,41,0,0,0,0,0,0,0,0
2019-09-26,2985.72998,2987.280029296875,2963.709961,2977.620117,-0.002428916,98.95999908447266,99.27999877929688,98.83999633789062,99.20999908447266,0.00171646,26.950000762939453,27.059999465942383,26.93000030517578,27.049999237060547,0.002594503,16.229999542236328,17.09000015258789,15.350000381469727,16.06999969482422,0.006892209,54,1,0,18881,80261,0,0,1,0
2019-09-27,2985.469970703125,2987.310059,2945.530029296875,2961.790039,-0.005316352,99.19000244140625,99.30999755859375,98.98999786376953,99.11000061035156,-0.001007948,27.040000915527344,27.040000915527344,26.979999542236328,27.010000228881836,-0.001478706,15.770000457763672,18.690000534057617,15.149999618530273,17.219999313354492,0.071561894,27,1,0,21046,90143,0,0,1,0
2019-09-30,2967.070068359375,2983.850098,2967.070068359375,2976.739990234375,0.005047607,99.12000274658203,99.45999908447266,99.05000305175781,99.37999725341797,0.002724212,27.100000381469727,27.110000610351562,27.059999465942383,27.100000381469727,0.003332105,17.229999542236328,17.350000381469727,16.200000762939453,16.239999771118164,-0.056910545,114,4,0,58197,250414,0,0,1,0
2019-10-01,2983.689941,2992.530029296875,2938.699951171875,2940.25,-0.012258373,99.40000153,99.66999816894531,99.06999969482422,99.12999725341797,-0.002515597,27.15999984741211,27.170000076293945,27,27.010000228881836,-0.003321039,16.020000457763672,18.62000084,15.789999961853027,18.559999465942383,0.14285712607891754,30,1,1,11638,73957,18525,70677,1,1
2019-10-02,2924.780029296875,2924.780029296875,2874.929931640625,2887.610107421875,-0.017903203,99.16000366210938,99.41999816894531,98.95999908447266,99.04000091552734,-0.000907862,27.030000686645508,27.040000915527344,26.979999542236328,26.989999771118164,-0.000740483,18.75,21.459999084472656,18.75,20.559999465942383,0.10775862379037249,23,0,0,0,0,0,0,0,0
2019-10-03,2885.379883,2911.129883,2855.939941,2910.629883,0.007971913,99.02999877929688,99.19000244140625,98.63999938964844,98.86000061035156,-0.001817451,27,27.010000228881836,26.899999618530273,26.979999542236328,-0.000370516,20.110000610351562,21.440000534057617,19.030000686645508,19.12000084,-0.070038846,37,1,0,22325,98515,0,0,1,0
2019-10-04,2918.560059,2953.739990234375,2918.560059,2952.010009765625,0.014216897585460186,98.87000274658203,99,98.73999786376953,98.80999755859375,-0.000505797,26.979999542236328,27,26.950000762939453,26.959999084472656,-0.000741307,19.420000076293945,19.969999313354492,16.969999313354492,17.040000915527344,-0.108786602,33,0,0,0,0,0,0,0,0
2019-10-07,2944.22998,2959.75,2935.679931640625,2938.790039,-0.004478295,98.81999969482422,99.01000213623047,98.73999786376953,98.98999786376953,0.001821681,26.950000762939453,27.010000228881836,26.940000534057617,27.010000228881836,0.001854642,18.270000457763672,18.520000457763672,16.440000534057617,17.860000610351562,0.048122045,126,6,0,101522,398851,0,0,1,0
2019-10-08,2920.399902,2925.469970703125,2892.659912109375,2893.060059,-0.015560819,98.98000336,99.25,98.84999847,99.13999938964844,0.00151532,27,27.079999923706055,27,27.049999237060547,0.001480896,17.610000610351562,20.37999916,17.420000076293945,20.280000686645508,0.13549831990998507,51,0,0,0,0,0,0,0,0
2019-10-09,2911.100098,2929.320068359375,2907.409912109375,2919.399902,0.009104493,99.08999633789062,99.16000366210938,98.90000153,99.12000274658203,-0.000201701,27,27.049999237060547,27,27.030000686645508,-0.000739318,19.940000534057617,20,17.770000457763672,18.639999389648438,-0.080867911,49,0,1,0,0,6729,27700,0,1
2019-10-10,2918.550048828125,2948.459961,2917.120117,2938.129883,0.006415695,98.98000336,99.06999969482422,98.62000274658203,98.70999908447266,-0.004136437,26.959999084472656,26.989999771118164,26.90999984741211,26.920000076293945,-0.004069575,19.280000686645508,19.799999237060547,17.559999465942383,17.56999969482422,-0.057403419,22,2,0,27202,89184,0,0,1,0
2019-10-11,2963.070068359375,2993.280029296875,2963.070068359375,2970.27002,0.010938977513132997,98.69999694824219,98.73999786376953,98.19999694824219,98.30000305175781,-0.004153541,26.81999969482422,26.860000610351562,26.790000915527344,26.81999969482422,-0.003714724,17.350000381469727,17.440000534057617,15.109999656677246,15.579999923706055,-0.11326123,47,3,0,32777,149281,0,0,1,0
2019-10-14,2965.810059,2972.840087890625,2962.939941,2966.149902,-0.001387119,98.36000061035156,98.52999877929688,98.33999633789062,98.44999694824219,0.001525879,26.87999916,26.899999618530273,26.860000610351562,26.899999618530273,0.002982846,15.65999984741211,16.5,14.510000228881836,14.569999694824219,-0.064826716,91,6,0,98792,465387,0,0,1,0
2019-10-15,2973.610107421875,3003.280029296875,2973.610107421875,2995.679931640625,0.009955677,98.44999694824219,98.65000153,98.20999908447266,98.29000091552734,-0.00162515,26.90999984741211,26.93000030517578,26.809999465942383,26.81999969482422,-0.002973975,13.93999958,14.430000305175781,13.390000343322754,13.539999961853027,-0.070693188,16,1,0,30689,103961,0,0,1,0
2019-10-16,2989.679931640625,2997.540039,2985.199951171875,2989.689941,-0.001999543,98.31999969482422,98.41999816894531,97.90000153,98.01000213623047,-0.002848701,26.799999237060547,26.81999969482422,26.729999542236328,26.75,-0.002609981,13.93999958,14.260000228881836,13.600000381469727,13.680000305175781,0.01033976,19,0,0,0,0,0,0,0,0
2019-10-17,3000.77002,3008.290039,2991.790039,2997.949951171875,0.002762832,97.98999786376953,98.11000061035156,97.5,97.61000061035156,-0.004081232,26.65999984741211,26.68000030517578,26.62999916,26.649999618530273,-0.003738332,13.789999961853027,14.180000305175781,13.31000042,13.789999961853027,0.00804091,38,0,0,0,0,0,0,0,0
2019-10-18,2996.840087890625,3000,2976.310059,2986.199951171875,-0.003919345,97.59999847,97.66000366210938,97.13999938964844,97.27999877929688,-0.00338082,26.610000610351562,26.62999916,26.549999237060547,26.549999237060547,-0.00375236,14.199999809265137,15.15999984741211,13.779999732971191,14.25,0.033357508,20,0,0,0,0,0,0,0,0
2019-10-21,2996.47998,3007.330078,2995.350098,3006.719970703125,0.006871616,97.33999633789062,97.40000153,97.15000153,97.33000183105469,0.000514012,26.540000915527344,26.59000015258789,26.540000915527344,26.56999969482422,0.000753313,14.239999771118164,14.630000114440918,14,14,-0.01754386,98,0,0,0,0,0,0,0,0
2019-10-22,3010.72998,3014.570068359375,2995.040039,2995.989990234375,-0.003568666,97.30999755859375,97.56999969482422,97.26000213623047,97.52999877929688,0.002054833,26.610000610351562,26.639999389648438,26.559999465942383,26.62999916,0.002258166,13.989999771118164,14.609999656677246,13.699999809265137,14.460000038146973,0.032857146,41,0,0,0,0,0,0,0,0
2019-10-23,2994.010009765625,3004.780029296875,2991.209961,3004.52002,0.002847149,97.48999786376953,97.65000153,97.41999816894531,97.47000122070312,-0.00061517,26.639999389648438,26.65999984741211,26.600000381469727,26.62000084,-0.000375453,14.829999923706055,15.119999885559082,14.010000228881836,14.010000228881836,-0.031120319,46,0,0,0,0,0,0,0,0
2019-10-24,3014.780029296875,3016.070068359375,3000.419922,3010.290039,0.001920446,97.45999908447266,97.77999877929688,97.27999877929688,97.62999725341797,0.00164149,26.610000610351562,26.719999313354492,26.610000610351562,26.700000762939453,0.003005256,13.979999542236328,14.34000015258789,13.399999618530273,13.710000038146973,-0.021413289,15,0,1,0,0,19553,75730,0,1
2019-10-25,3003.320068359375,3027.389892578125,3001.939941,3022.550048828125,0.004072701,97.69000244140625,97.90000153,97.56999969482422,97.83000183105469,0.002048598,26.709999084472656,26.75,26.690000534057617,26.729999542236328,0.00112355,13.529999732971191,13.789999961853027,12.619999885559082,12.649999618530273,-0.077315858,20,0,0,0,0,0,0,0,0
2019-10-28,3032.120117,3044.080078,3032.120117,3039.419922,0.005581338,97.84999847,97.88999938964844,97.66999816894531,97.76000213623047,-0.000715524,26.709999084472656,26.719999313354492,26.690000534057617,26.709999084472656,-0.00074824,13.010000228881836,13.140000343322754,12.65999984741211,13.109999656677246,0.03636364,73,0,1,0,0,14233,54063,0,1
2019-10-29,3035.389892578125,3047.870117,3034.810059,3036.889892578125,-0.000832405,97.76000213623047,97.93000030517578,97.61000061035156,97.69000244140625,-0.000716036,26.709999084472656,26.719999313354492,26.670000076293945,26.700000762939453,-0.000374329,13.15999984741211,13.520000457763672,13.069999694824219,13.199999809265137,0.006865,56,0,2,0,0,23904,57069,0,1
2019-10-30,3039.739990234375,3050.100098,3025.959961,3046.77002,0.00325337,97.66999816894531,98,97.44999694824219,97.65000153,-0.000409468,26.700000762939453,26.780000686645508,26.62999916,26.639999389648438,-0.002247242,13.079999923706055,13.369999885559082,12.270000457763672,12.329999923706055,-0.065909083,32,0,0,0,0,0,0,0,0
2019-10-31,3046.899902,3046.899902,3023.189941,3037.560059,-0.003022861,97.44000244140625,97.44999694824219,97.22000122070312,97.34999847,-0.003072228,26.610000610351562,26.639999389648438,26.59000015258789,26.59000015258789,-0.001876848,13.510000228881836,13.949999809265137,13.180000305175781,13.220000267028809,0.072181699,25,2,2,26210,113548,23139,96839,1,1
2019-11-01,3050.719970703125,3066.949951171875,3050.719970703125,3066.909912109375,0.009662312,97.30000305175781,97.44999694824219,97.11000061035156,97.23999786376953,-0.00112995,26.600000381469727,26.610000610351562,26.559999465942383,26.579999923706055,-0.00037609,12.5,12.600000381469727,12.260000228881836,12.300000190734863,-0.069591532,43,0,0,0,0,0,0,0,0
2019-11-04,3078.959961,3085.199951171875,3074.870117,3078.27002,0.003704089,97.22000122070312,97.58000183105469,97.16999816894531,97.51000213623047,0.002776679,26.62000084,26.68000030517578,26.610000610351562,26.68000030517578,0.003762242,12.680000305175781,13.130000114440918,12.43999958,12.829999923706055,0.043089409,105,0,0,0,0,0,0,0,0
2019-11-05,3080.800048828125,3083.949951171875,3072.149902,3074.620117,-0.001185699,97.55000305175781,98.01000213623047,97.47000122070312,97.98000336,0.004820031,26.729999542236328,26.799999237060547,26.719999313354492,26.780000686645508,0.00374814,12.850000381469727,13.279999732971191,12.25,13.100000381469727,0.021044462928233587,40,0,1,0,0,6372,0,0,1
2019-11-06,3075.100098,3078.340087890625,3065.889892578125,3076.780029296875,0.000702497,97.94000244140625,97.98000336,97.77999877929688,97.94999694824219,-0.00030625,26.75,26.790000915527344,26.75,26.780000686645508,0,13.180000305175781,13.390000343322754,12.600000381469727,12.619999885559082,-0.036641258,19,0,0,0,0,0,0,0,0
2019-11-07,3087.02002,3097.77002,3080.22998,3085.179931640625,0.002730095,97.94999694824219,98.23000336,97.81999969482422,98.13999938964844,0.00193979,26.799999237060547,26.87000084,26.799999237060547,26.84000015258789,0.002240458,12.59000015258789,12.890000343322754,12.260000228881836,12.729999542236328,0.008716296,23,0,0,0,0,0,0,0,0
2019-11-08,3081.25,3093.090087890625,3073.580078,3093.080078,0.002560676,98.13999938964844,98.40000153,98.09999847,98.34999847,0.002139791,26.90999984741211,26.920000076293945,26.87999916,26.899999618530273,0.00223545,12.979999542236328,13.050000190734863,12,12.069999694824219,-0.051846023,3,0,0,0,0,0,0,0,0
2019-11-11,3080.330078,3088.330078,3075.820068359375,3087.010009765625,-0.001962467,98.37000274658203,98.37999725341797,98.12999725341797,98.19999694824219,-0.001525181,26.87000084,26.87000084,26.850000381469727,26.860000610351562,-0.001486952,13.149999618530273,13.489999771118164,12.65999984741211,12.68999958,0.051367018,129,2,0,19821,46963,0,0,1,0
2019-11-12,3089.280029296875,3102.610107421875,3084.72998,3091.840087890625,0.001564646,98.20999908447266,98.41999816894531,98.20999908447266,98.30999755859375,0.001120169,26.899999618530273,26.920000076293945,26.87999916,26.899999618530273,0.001489166,12.640000343322754,13.100000381469727,12.359999656677246,12.680000305175781,-0.000787965,21,1,0,10916,44738,0,0,1,0
2019-11-13,3084.179931640625,3098.060059,3078.800048828125,3094.040039,0.000711535,98.33000183105469,98.44999694824219,98.29000091552734,98.37000274658203,0.000610367,26.920000076293945,26.920000076293945,26.889999389648438,26.889999389648438,-0.000371756,12.90999984741211,13.899999618530273,12.880000114440918,13,0.025236568385065494,38,0,0,0,0,0,0,0,0
2019-11-14,3090.75,3098.199951171875,3083.260009765625,3096.629883,0.000837043,98.33999633789062,98.41999816894531,98.11000061035156,98.16000366210938,-0.002134788,26.90999984741211,26.93000030517578,26.850000381469727,26.87000084,-0.000743717,13.15999984741211,13.81000042,12.930000305175781,13.050000190734863,0.003846169,37,1,1,16646,77061,16646,77061,1,1
2019-11-15,3107.919922,3120.459961,3104.600098,3120.459961,0.007695488,98.16999816894531,98.23000336,97.95999908447266,98,-0.001630029,26.829999923706055,26.84000015258789,26.809999465942383,26.809999465942383,-0.002233025,12.949999809265137,12.970000267028809,11.920000076293945,12.050000190734863,-0.076628351,44,0,0,0,0,0,0,0,0
2019-11-18,3117.909912109375,3124.169922,3112.060059,3122.030029296875,0.000503153,97.98000336,97.98000336,97.68000030517578,97.79000091552734,-0.002142848,26.790000915527344,26.790000915527344,26.729999542236328,26.760000228881836,-0.001864947,12.390000343322754,13.100000381469727,12.319999694824219,12.460000038146973,0.034024883,89,3,2,39904,171520,17784,77832,1,1
2019-11-19,3127.449951171875,3127.639892578125,3113.469970703125,3120.179931640625,-0.000592594,97.80999755859375,97.88999938964844,97.75,97.86000061035156,0.000715816,26.770000457763672,26.790000915527344,26.760000228881836,26.790000915527344,0.001121102,12.329999923706055,13.010000228881836,12.15999984741211,12.859999656677246,0.032102698018110276,35,0,1,0,0,16096,70196,0,1
2019-11-20,3114.659912109375,3118.969970703125,3091.409912109375,3108.459961,-0.003756184,97.84999847,98.04000091552734,97.84999847,97.93000030517578,0.000715304,26.799999237060547,26.829999923706055,26.790000915527344,26.790000915527344,0,13.420000076293945,14.170000076293945,12.609999656677246,12.779999732971191,-0.006220834,40,0,0,0,0,0,0,0,0
2019-11-21,3108.489990234375,3110.110107421875,3094.550048828125,3103.540039,-0.001582752,97.86000061035156,98.02999877929688,97.73000336,97.98999786376953,0.000612658,26.790000915527344,26.850000381469727,26.780000686645508,26.829999923706055,0.001493057,13.350000381469727,13.859999656677246,12.489999771118164,13.130000114440918,0.027386572,37,0,0,0,0,0,0,0,0
2019-11-22,3111.409912109375,3112.870117,3099.260009765625,3110.290039,0.002174936,97.93000030517578,98.30999755859375,97.83999633789062,98.26999664,0.002857422,26.809999465942383,26.920000076293945,26.809999465942383,26.90999984741211,0.002981734,12.819999694824219,13.25,12.329999923706055,12.34000015258789,-0.060167552,29,0,0,0,0,0,0,0,0
2019-11-25,3117.439941,3133.830078,3117.439941,3133.639892578125,0.007507291,98.26999664,98.37999725341797,98.16999816894531,98.31999969482422,0.000508833,26.93000030517578,26.940000534057617,26.889999389648438,26.93000030517578,0.000743235,12.510000228881836,12.59000015258789,11.729999542236328,11.869999885559082,-0.038087541,80,0,0,0,0,0,0,0,0
2019-11-26,3134.850098,3142.689941,3131,3140.52002,0.00219557,98.33000183105469,98.37999725341797,98.23000336,98.25,-0.000711958,26.920000076293945,26.940000534057617,26.899999618530273,26.899999618530273,-0.001114025,11.880000114440918,12.039999961853027,11.420000076293945,11.539999961853027,-0.027801173,25,0,0,0,0,0,0,0,0
2019-11-27,3145.489990234375,3154.260009765625,3143.409912109375,3153.629883,0.004174424,98.30000305175781,98.44000244140625,98.27999877929688,98.41000366210938,0.001628536,26.940000534057617,26.959999084472656,26.93000030517578,26.940000534057617,0.001487023,11.550000190734863,11.789999961853027,11.43999958,11.75,0.018197577022630362,9,0,0,0,0,0,0,0,0
2019-11-29,3147.179931640625,3150.300048828125,3139.340087890625,3140.97998,-0.00401122,98.34999847,98.54000091552734,98.23000336,98.26999664,-0.001422691,26.950000762939453,26.979999542236328,26.899999618530273,26.90999984741211,-0.001113611,12.5,12.829999923706055,12.119999885559082,12.619999885559082,0.074042543,12,0,0,0,0,0,0,0,0
2019-12-02,3143.850098,3144.310059,3110.780029296875,3113.870117,-0.008631021,98.26999664,98.37999725341797,97.80999755859375,97.86000061035156,-0.004172138,26.87999916,26.889999389648438,26.790000915527344,26.799999237060547,-0.004087722,12.68999958,15.270000457763672,12.550000190734863,14.90999984741211,0.1814580017923335,53,2,1,30065,123127,10320,42296,1,1
2019-12-03,3087.409912109375,3094.969970703125,3070.330078,3093.199951171875,-0.006638095,97.88999938964844,97.94000244140625,97.63999938964844,97.73999786376953,-0.00122627,26.770000457763672,26.790000915527344,26.75,26.770000457763672,-0.001119357,14.680000305175781,17.989999771118164,14.609999656677246,15.960000038146973,0.070422549,19,0,2,0,0,28063,114233,0,1
2019-12-04,3103.5,3119.379883,3102.530029296875,3112.760009765625,0.006323567,97.70999908447266,97.79000091552734,97.43000030517578,97.65000153,-0.000920773,26.700000762939453,26.760000228881836,26.68000030517578,26.739999771118164,-0.001120683,16.37999916,16.399999618530273,14.119999885559082,14.800000190734863,-0.072681695,39,0,0,0,0,0,0,0,0
2019-12-05,3119.209961,3119.449951171875,3103.760009765625,3117.429931640625,0.001500251,97.58999633789062,97.59999847,97.36000061035156,97.41000366210938,-0.002457735,26.719999313354492,26.719999313354492,26.68000030517578,26.68000030517578,-0.00224381,14.460000038146973,15.369999885559082,14.170000076293945,14.520000457763672,-0.018918901,36,0,0,0,0,0,0,0,0
2019-12-06,3134.620117,3150.600098,3134.620117,3145.909912109375,0.009135724,97.37999725341797,97.83999633789062,97.36000061035156,97.69999694824219,0.002977038,26.760000228881836,26.81999969482422,26.75,26.780000686645508,0.00374814,14.369999885559082,14.470000267028809,13.18999958,13.619999885559082,-0.061983509,23,0,0,0,0,0,0,0,0
2019-12-09,3141.860107421875,3148.870117,3135.459961,3135.959961,-0.003162821,97.68000030517578,97.72000122070312,97.55999755859375,97.63999938964844,-0.0006141,26.739999771118164,26.780000686645508,26.739999771118164,26.75,-0.001120265,14.25,16.06999969482422,12.25,15.859999656677246,0.16446400807192196,164,4,0,54361,191665,0,0,1,0
2019-12-10,3135.360107421875,3142.120117,3126.090087890625,3132.52002,-0.001096934,97.65000153,97.66000366210938,97.40000153,97.41000366210938,-0.002355548,26.709999084472656,26.75,26.700000762939453,26.719999313354492,-0.001121521,15.800000190734863,16.899999618530273,14.930000305175781,15.680000305175781,-0.011349266,25,0,0,0,0,0,0,0,0
2019-12-11,3135.75,3143.97998,3133.209961,3141.629883,0.002908158,97.51000213623047,97.59999847,97.04000091552734,97.16000366210938,-0.002566472,26.700000762939453,26.719999313354492,26.59000015258789,26.62000084,-0.003742458,15.569999694824219,15.970000267028809,14.979999542236328,14.989999771118164,-0.044005135,98,0,0,0,0,0,0,0,0
2019-12-12,3141.22998,3176.280029296875,3138.469970703125,3168.570068359375,0.008575226,97.08000183105469,97.51999664,97.04000091552734,97.40000153,0.00247013,26.610000610351562,26.739999771118164,26.610000610351562,26.65999984741211,0.001502592,14.93999958,15.550000190734863,13.600000381469727,13.93999958,-0.070046712,115,1,0,25187,143505,0,0,1,0
2019-12-13,3166.649902,3182.679931640625,3156.510009765625,3168.800048828125,7.258178414493166e-05,96.77999877929688,97.23999786376953,96.72000122070312,97.16999816894531,-0.002361431,26.579999923706055,26.65999984741211,26.579999923706055,26.65999984741211,0,13.180000305175781,14.350000381469727,12.539999961853027,12.630000114440918,-0.09397414,30,3,0,61623,250154,0,0,1,0
2019-12-16,3183.629883,3197.709961,3183.629883,3191.449951171875,0.007147785,97.18000030517578,97.18000030517578,96.93000030517578,97.06999969482422,-0.001029109,26.59000015258789,26.62999916,26.56999969482422,26.610000610351562,-0.00187544,12.470000267028809,12.529999732971191,11.710000038146973,12.140000343322754,-0.038796498,115,3,1,38844,152096,12816,62906,1,1
2019-12-17,3195.399902,3198.219970703125,3191.030029296875,3192.52002,0.000335292,97.13999938964844,97.30000305175781,97.02999877929688,97.20999908447266,0.001442252,26.639999389648438,26.65999984741211,26.62999916,26.65999984741211,0.001878964,12.229999542236328,12.470000267028809,11.899999618530273,12.289999961853027,0.012355816662952268,10,1,1,12014,52656,18133,80169,1,1
2019-12-18,3195.209961,3198.47998,3191.139892578125,3191.139892578125,-0.0004323,97.23999786376953,97.48000336,97.22000122070312,97.41000366210938,0.002057449,26.690000534057617,26.719999313354492,26.68000030517578,26.709999084472656,0.00187544,12.239999771118164,12.699999809265137,11.930000305175781,12.579999923706055,0.023596416822877053,59,0,0,0,0,0,0,0,0
2019-12-19,3192.320068359375,3205.47998,3192.320068359375,3205.370117,0.004459292,97.40000153,97.48999786376953,97.22000122070312,97.41999816894531,0.000102602,26.719999313354492,26.729999542236328,26.690000534057617,26.709999084472656,0,12.550000190734863,12.779999732971191,12.430000305175781,12.5,-0.006359294,81,0,0,0,0,0,0,0,0
2019-12-20,3223.330078,3225.649902,3216.030029296875,3221.219970703125,0.004944781,97.40000153,97.76000213623047,97.37999725341797,97.70999908447266,0.002976811,26.760000228881836,26.809999465942383,26.760000228881836,26.799999237060547,0.00336953,12.550000190734863,12.609999656677246,12.039999961853027,12.510000228881836,0.000800018,34,1,0,18837,86446,0,0,1,0
2019-12-23,3226.050048828125,3227.780029296875,3222.300048828125,3224.010009765625,0.000866144,97.66999816894531,97.81999969482422,97.58000183105469,97.66000366210938,-0.000511672,26.37000084,26.37000084,26.239999771118164,26.260000228881836,-0.020149217,12.81000042,12.899999618530273,12.40999984741211,12.609999656677246,0.007993559,51,3,0,20136,0,0,0,1,0
2019-12-24,3225.449951171875,3226.429931640625,3220.510009765625,3223.379883,-0.000195448,97.66000366210938,97.80000305175781,97.62000274658203,97.65000153,-0.000102418,26.270000457763672,26.280000686645508,26.239999771118164,26.260000228881836,0,12.649999618530273,12.84000015258789,12.56000042,12.670000076293945,0.004758162,29,1,0,5070,0,0,0,1,0
2019-12-26,3227.199951171875,3240.080078,3227.199951171875,3239.909912109375,0.005128167,97.62999725341797,97.70999908447266,97.48999786376953,97.58999633789062,-0.000614492,26.239999771118164,26.260000228881836,26.209999084472656,26.219999313354492,-0.001523264,12.739999771118164,12.75,11.720000267028809,12.649999618530273,-0.001578568,31,0,0,0,0,0,0,0,0
2019-12-27,3247.22998,3247.929931640625,3234.370117,3240.02002,3.398471712534601e-05,97.54000091552734,97.55000305175781,96.91999816894531,96.91999816894531,-0.006865439,26.12000084,26.139999389648438,26.06999969482422,26.09000015258789,-0.004958015,12.609999656677246,13.720000267028809,11.890000343322754,13.430000305175781,0.061660135191065724,31,0,0,0,0,0,0,0,0
2019-12-30,3240.090087890625,3240.919922,3216.570068359375,3221.290039,-0.005780822,97,97,96.61000061035156,96.73999786376953,-0.001857205,26.040000915527344,26.049999237060547,26,26.040000915527344,-0.001916414,13.739999771118164,15.140000343322754,13.43999958,14.819999694824219,0.10349957990043723,64,0,0,0,0,0,0,0,0
2019-12-31,3215.179931640625,3231.719970703125,3212.030029296875,3230.780029296875,0.002946022,96.73000336,96.73000336,96.36000061035156,96.38999938964844,-0.003617929,25.959999084472656,25.979999542236328,25.93000030517578,25.969999313354492,-0.002688233,14.84000015258789,15.390000343322754,13.75,13.779999732971191,-0.070175437,19,1,0,20283,88417,0,0,1,0
2020-01-02,3244.669922,3258.139892578125,3235.530029296875,3257.850098,0.008378803,96.48000336,96.87000274658203,96.43000030517578,96.84999847,0.00477227,26.049999237060547,26.079999923706055,25.989999771118164,26.059999465942383,0.003465543,13.460000038146973,13.720000267028809,12.420000076293945,12.470000267028809,-0.095065275,58,1,0,6452,0,0,0,1,0
2020-01-03,3226.360107421875,3246.149902,3222.340087890625,3234.850098,-0.007059871,96.79000091552734,97.11000061035156,96.70999908447266,96.83999633789062,-0.000103275,26.12000084,26.12000084,26.040000915527344,26.09000015258789,0.001151216,15.010000228881836,16.200000762939453,13.130000114440918,14.020000457763672,0.12429832859211132,32,0,0,0,0,0,0,0,0
2020-01-06,3217.550048828125,3246.840087890625,3214.639892578125,3246.280029296875,0.003533373,96.90000153,96.90000153,96.54000091552734,96.66999816894531,-0.001755454,26.020000457763672,26.049999237060547,26.020000457763672,26.030000686645508,-0.002299711,15.449999809265137,16.389999389648438,13.539999961853027,13.850000381469727,-0.01212554,16,0,0,0,0,0,0,0,0
2020-01-07,3241.860107421875,3244.909912109375,3232.429931640625,3237.179931640625,-0.002803239,96.65000153,97.08999633789062,96.62000274658203,96.98000336,0.00320684,26.100000381469727,26.139999389648438,26.100000381469727,26.12000084,0.003457555,13.84000015258789,14.460000038146973,13.390000343322754,13.789999961853027,-0.00433216,35,0,0,0,0,0,0,0,0
2020-01-08,3238.590087890625,3267.070068359375,3236.669922,3253.050048828125,0.004902451,96.83000183105469,97.33000183105469,96.81999969482422,97.30000305175781,0.003299646,26.149999618530273,26.209999084472656,26.139999389648438,26.190000534057617,0.002679927,15.15999984741211,15.239999771118164,12.829999923706055,13.449999809265137,-0.024655559,2,0,0,0,0,0,0,0,0
2020-01-09,3266.030029296875,3275.580078,3263.669922,3274.699951171875,0.006655263,97.26999664,97.55999755859375,97.25,97.44999694824219,0.001541561,26.239999771118164,26.280000686645508,26.239999771118164,26.239999771118164,0.001909096,12.949999809265137,13.239999771118164,12.529999732971191,12.539999961853027,-0.067657982,23,0,0,0,0,0,0,0,0
2020-01-10,3281.810059,3282.989990234375,3260.860107421875,3265.350098,-0.002855179,97.43000030517578,97.58000183105469,97.30000305175781,97.36000061035156,-0.000923513,26.260000228881836,26.270000457763672,26.209999084472656,26.219999313354492,-0.000762213,12.420000076293945,12.869999885559082,12.09000015258789,12.56000042,0.001594933,44,1,0,3062,0,0,0,1,0
2020-01-13,3271.129883,3288.129883,3268.429931640625,3288.129883,0.006976215,97.34999847,97.52999877929688,97.30999755859375,97.34999847,-0.000102734,26.25,26.260000228881836,26.209999084472656,26.219999313354492,0,12.84000015258789,13.09000015258789,12.319999694824219,12.319999694824219,-0.019108337,71,0,0,0,0,0,0,0,0
2020-01-14,3285.350098,3294.25,3277.189941,3283.149902,-0.001514533,97.36000061035156,97.55999755859375,97.33000183105469,97.37000274658203,0.000205488,26.270000457763672,26.280000686645508,26.219999313354492,26.229999542236328,0.000381397,12.720000267028809,13.819999694824219,12.050000190734863,12.390000343322754,0.005681871,5,0,0,0,0,0,0,0,0
2020-01-15,3282.27002,3298.659912109375,3280.689941,3289.290039,0.001870197,97.37999725341797,97.44000244140625,97.16000366210938,97.23000336,-0.001437808,26.18000030517578,26.219999313354492,26.18000030517578,26.190000534057617,-0.001524934,12.789999961853027,12.829999923706055,11.949999809265137,12.420000076293945,0.002421286,40,0,0,0,0,0,0,0,0
2020-01-16,3302.969970703125,3317.110107421875,3302.820068359375,3316.810059,0.008366553,97.18000030517578,97.36000061035156,97.08999633789062,97.31999969482422,0.000925603,26.190000534057617,26.239999771118164,26.190000534057617,26.229999542236328,0.001527263,12.199999809265137,12.420000076293945,11.779999732971191,12.319999694824219,-0.00805156,19,6,0,102975,388334,0,0,1,0
2020-01-17,3323.659912109375,3329.879883,3318.860107421875,3329.620117,0.003862162,97.30999755859375,97.66000366210938,97.26999664,97.61000061035156,0.00297987,26.290000915527344,26.31999969482422,26.290000915527344,26.31999969482422,0.003431192,12.210000038146973,12.479999542236328,11.75,12.100000381469727,-0.017857088,34,0,0,0,0,0,0,0,0
2020-01-21,3321.030029296875,3329.790039,3316.610107421875,3320.790039,-0.002651978,97.62999725341797,97.66000366210938,97.38999938964844,97.52999877929688,-0.000819607,26.260000228881836,26.309999465942383,26.260000228881836,26.299999237060547,-0.000759896,13.229999542236328,13.329999923706055,12.319999694824219,12.850000381469727,0.061983469,69,1,0,22405,122049,0,0,1,0
2020-01-22,3330.02002,3337.77002,3320.040039,3321.75,0.000289076,97.62000274658203,97.69000244140625,97.44000244140625,97.52999877929688,0,26.270000457763672,26.329999923706055,26.270000457763672,26.280000686645508,-0.000760401,12.449999809265137,13.010000228881836,12.31000042,12.90999984741211,0.004669219,118,1,0,18788,100013,0,0,1,0
2020-01-23,3315.77002,3326.879883,3301.870117,3325.540039,0.001140977,97.48000336,97.80000305175781,97.43000030517578,97.69000244140625,0.001640558,26.329999923706055,26.37000084,26.31999969482422,26.350000381469727,0.002663611,13.260000228881836,14.149999618530273,12.93999958,12.979999542236328,0.00542213,42,0,0,0,0,0,0,0,0
2020-01-24,3333.100098,3333.179931640625,3281.530029296875,3295.469970703125,-0.009042161,97.72000122070312,97.94999694824219,97.66999816894531,97.84999847,0.001637793,26.37999916,26.420000076293945,26.37999916,26.389999389648438,0.001517989,12.75,15.979999542236328,12.619999885559082,14.56000042,0.12172580378289855,69,1,0,22206,85121,0,0,1,0
2020-01-27,3247.159912109375,3258.850098,3234.5,3243.629883,-0.015730712,97.87999725341797,98,97.77999877929688,97.95999908447266,0.001124176,26.399999618530273,26.440000534057617,26.399999618530273,26.43000030517578,0.00151576,17.420000076293945,19.020000457763672,16.81999969482422,18.229999542236328,0.25206037203646203,150,2,0,52918,240646,0,0,1,0
2020-01-28,3255.350098,3285.780029296875,3253.219970703125,3276.239990234375,0.010053584595046017,97.94999694824219,98.16000366210938,97.90000153,98.01999664,0.00061247,26.459999084472656,26.479999542236328,26.43000030517578,26.43000030517578,0,16.940000534057617,18.030000686645508,15.68999958,16.280000686645508,-0.106966479,49,1,1,3568,0,17964,78703,1,1
2020-01-29,3289.459961,3293.469970703125,3271.889892578125,3273.399902,-0.000866874,97.94999694824219,98.19000244140625,97.94000244140625,97.98999786376953,-0.000306048,26.479999542236328,26.489999771118164,26.440000534057617,26.469999313354492,0.001513394,15.680000305175781,16.649999618530273,14.93999958,16.389999389648438,0.006756677,41,0,0,0,0,0,0,0,0
2020-01-30,3256.449951171875,3285.909912109375,3242.800048828125,3283.659912109375,0.003134359,98.02999877929688,98.06999969482422,97.79000091552734,97.87000274658203,-0.001224565,26.43000030517578,26.440000534057617,26.389999389648438,26.389999389648438,-0.003022287,17.81999969482422,18.389999389648438,15.300000190734863,15.489999771118164,-0.05491151,20,1,0,15671,68184,0,0,1,0
2020-01-31,3282.330078,3282.330078,3214.679931640625,3225.52002,-0.01770582,97.87000274658203,97.97000122070312,97.36000061035156,97.38999938964844,-0.004904499,26.350000381469727,26.360000610351562,26.270000457763672,26.280000686645508,-0.004168196,16.25,19.989999771118164,16.18000030517578,18.84000015258789,0.216268588,43,2,0,41302,127778,0,0,1,0
2020-02-03,3235.659912109375,3268.439941,3235.659912109375,3248.919922,0.007254614,97.37000274658203,97.88999938964844,97.37000274658203,97.80000305175781,0.004209915,26.37999916,26.43000030517578,26.37999916,26.40999984741211,0.004946695,18.639999389648438,18.87999916,17.100000381469727,17.969999313354492,-0.046178388,99,1,0,18378,82507,0,0,1,0
2020-02-04,3280.610107421875,3306.919922,3280.610107421875,3297.590087890625,0.014980414164082134,97.81999969482422,98.01000213623047,97.79000091552734,97.95999908447266,0.001635951,26.43000030517578,26.450000762939453,26.43000030517578,26.450000762939453,0.001514612,16.450000762939453,16.459999084472656,15.630000114440918,16.049999237060547,-0.10684475,53,0,0,0,0,0,0,0,0
2020-02-05,3324.909912109375,3337.580078,3313.75,3334.689941,0.011250596,97.94000244140625,98.31999969482422,97.90000153,98.26999664,0.003164532,26.520000457763672,26.549999237060547,26.5,26.549999237060547,0.003780661,16.290000915527344,16.31999969482422,15.020000457763672,15.149999618530273,-0.056074745,31,0,0,0,0,0,0,0,0
2020-02-06,3344.919922,3347.959961,3334.389892578125,3345.780029296875,0.003325673,98.29000091552734,98.56999969482422,98.20999908447266,98.5,0.002340525,26.549999237060547,26.62000084,26.549999237060547,26.600000381469727,0.001883282,15.130000114440918,15.65999984741211,14.699999809265137,14.960000038146973,-0.012541227,10,0,0,0,0,0,0,0,0
2020-02-07,3335.540039,3341.419922,3322.120117,3327.709961,-0.005400854,98.45999908447266,98.70999908447266,98.41999816894531,98.68000030517578,0.001827414,26.59000015258789,26.65999984741211,26.59000015258789,26.65999984741211,0.002255619,15.069999694824219,16.15999984741211,14.81000042,15.470000267028809,0.034090924,67,2,0,25212,143972,0,0,1,0
2020-02-10,3318.280029296875,3352.260009765625,3317.77002,3352.090087890625,0.007326398,98.69999694824219,98.87999725341797,98.59999847,98.83000183105469,0.00152008,26.68000030517578,26.709999084472656,26.65999984741211,26.700000762939453,0.001500409,15.880000114440918,16.43000030517578,15.010000228881836,15.039999961853027,-0.027795753,143,0,0,0,0,0,0,0,0
2020-02-11,3365.870117,3375.629883,3352.719970703125,3357.75,0.001688473,98.86000061035156,98.94999694824219,98.70999908447266,98.72000122070312,-0.001113029,26.690000534057617,26.690000534057617,26.65999984741211,26.670000076293945,-0.001123621,14.90999984741211,15.270000457763672,14.380000114440918,15.180000305175781,0.009308533,33,0,1,0,0,15649,67941,0,1
2020-02-12,3370.5,3381.469970703125,3369.719970703125,3379.449951171875,0.006462646,98.76999664,99.05000305175781,98.70999908447266,99.05000305175781,0.003342806,26.65999984741211,26.75,26.65999984741211,26.739999771118164,0.00262466,14.859999656677246,14.880000114440918,13.729999542236328,13.739999771118164,-0.094861693,24,0,0,0,0,0,0,0,0
2020-02-13,3365.899902,3385.090087890625,3360.52002,3373.939941,-0.001630446,98.98999786376953,99.11000061035156,98.84999847,99.06999969482422,0.000201884,26.739999771118164,26.770000457763672,26.719999313354492,26.770000457763672,0.00112194,14.430000305175781,15.43999958,14,14.149999618530273,0.029839873,18,0,0,0,0,0,0,0,0
2020-02-14,3378.080078,3380.689941,3366.149902,3380.159912109375,0.001843533,99.12000274658203,99.16000366210938,99,99.12000274658203,0.000504724,26.770000457763672,26.780000686645508,26.729999542236328,26.760000228881836,-0.000373561,14.119999885559082,14.539999961853027,13.380000114440918,13.680000305175781,-0.0332155,9,0,0,0,0,0,0,0,0
2020-02-18,3369.040039,3375.010009765625,3355.610107421875,3370.290039,-0.002919943,99.19000244140625,99.47000122070312,99.13999938964844,99.45999908447266,0.003430149,26.860000610351562,26.87000084,26.799999237060547,26.860000610351562,0.003736935,14.979999542236328,15.489999771118164,14.529999732971191,14.829999923706055,0.084064298,109,2,2,4842,17160,63420,282184,1,1
2020-02-19,3380.389892578125,3393.52002,3378.830078,3386.149902,0.004705786,99.43000030517578,99.72000122070312,99.37999725341797,99.59999847,0.001407595,26.90999984741211,26.940000534057617,26.899999618530273,26.90999984741211,0.001861476,14.65999984741211,14.739999771118164,14.210000038146973,14.380000114440918,-0.030343885,39,0,0,0,0,0,0,0,0
2020-02-20,3380.449951171875,3389.149902,3341.02002,3373.22998,-0.00381552,99.54000091552734,99.91000366210938,99.52999877929688,99.87000274658203,0.002710886,26.940000534057617,26.989999771118164,26.93000030517578,26.989999771118164,0.00297287,14.539999961853027,17.209999084472656,14.489999771118164,15.56000042,0.082058435,37,0,0,0,0,0,0,0,0
2020-02-21,3360.5,3360.760009765625,3328.449951171875,3337.75,-0.010518103,99.86000061035156,99.87000274658203,99.23000336,99.26000213623047,-0.006107946,26.940000534057617,26.940000534057617,26.81999969482422,26.829999923706055,-0.005928116,17.329999923706055,18.209999084472656,16.190000534057617,17.079999923706055,0.097686341,35,1,0,22991,108862,0,0,1,0
2020-02-24,3257.610107421875,3259.810059,3214.649902,3225.889892578125,-0.033513627,99.33999633789062,99.63999938964844,99.11000061035156,99.29000091552734,0.000302224,26.87000084,26.87999916,26.780000686645508,26.84000015258789,0.000372726,22.25,26.350000381469727,22,25.030000686645508,0.46545672122078363,65,0,0,0,0,0,0,0,0
2020-02-25,3238.939941,3246.989990234375,3118.77002,3128.209961,-0.030279996,99.33000183105469,99.38999938964844,98.87999725341797,98.97000122070312,-0.003222879,26.829999923706055,26.84000015258789,26.729999542236328,26.760000228881836,-0.002980623,22.190000534057617,30.25,22.190000534057617,27.850000381469727,0.11266478695419302,31,0,0,0,0,0,0,0,0
2020-02-26,3139.899902,3182.510009765625,3108.989990234375,3116.389892578125,-0.003778541,99.08000183105469,99.26999664,98.91000366210938,99,0.00030311,26.790000915527344,26.84000015258789,26.760000228881836,26.780000686645508,0.000747401,26.62999916,29.56999969482422,24.760000228881836,27.559999465942383,-0.010412959,54,1,0,4176,0,0,0,1,0
2020-02-27,3062.540039,3097.070068359375,2977.389892578125,2978.760009765625,-0.044163243,99.01999664,99.05000305175781,98.36000061035156,98.44000244140625,-0.005656541,26.639999389648438,26.68000030517578,26.59000015258789,26.62000084,-0.005974602,28.950000762939453,39.310001373291016,27.790000915527344,39.15999984741211,0.4208998768597427,7,0,0,0,0,0,0,0,0
2020-02-28,2916.899902,2959.719970703125,2855.840087890625,2954.219970703125,-0.00823834,98.41999816894531,98.66000366210938,97.95999908447266,98.12999725341797,-0.003149179,26.62000084,26.709999084472656,26.489999771118164,26.530000686645508,-0.003380922,42.02000045776367,49.47999954223633,39.369998931884766,40.11000061035156,0.024259467993900774,20,2,0,50557,238731,0,0,1,0
2020-03-02,2974.280029296875,3090.959961,2945.189941,3090.22998,0.046039229006110016,98.08000183105469,98.08999633789062,97.18000030517578,97.36000061035156,-0.0078467,26.40999984741211,26.420000076293945,26.290000915527344,26.389999389648438,-0.005277094,38.540000915527344,40.40999984741211,31.5,33.41999816894531,-0.166791382,88,1,1,33131,149328,14199,58179,1,1
2020-03-03,3096.459961,3136.719970703125,2976.629883,3003.370117,-0.028107896,97.55999755859375,97.69999694824219,96.98000336,97.15000153,-0.002156934,26.389999389648438,26.389999389648438,26.229999542236328,26.280000686645508,-0.004168196,33.650001525878906,41.060001373291016,24.93000030517578,36.81999969482422,0.10173553896356191,26,2,5,13672,55185,45137,182005,1,1
2020-03-04,3045.75,3130.969970703125,3034.379883,3130.120117,0.042202591,97.16999816894531,97.58999633789062,97.12000274658203,97.33999633789062,0.001955685,26.37000084,26.40999984741211,26.34000015258789,26.37000084,0.003424663,34.439998626708984,35.58000183105469,30.299999237060547,31.989999771118164,-0.131178706,43,0,0,0,0,0,0,0,0
2020-03-05,3075.699951171875,3083.040039,2999.830078,3023.939941,-0.033922077,97.37999725341797,97.44000244140625,96.51999664,96.81999969482422,-0.005342066,26.239999771118164,26.280000686645508,26.15999984741211,26.170000076293945,-0.007584405,33.61000061035156,42.84000015258789,33.540000915527344,39.619998931884766,0.23851201048320303,33,1,0,11072,52316,0,0,1,0
2020-03-06,2954.199951171875,2985.929931640625,2901.540039,2972.370117,-0.017053852,96.61000061035156,96.69999694824219,95.70999908447266,95.94999694824219,-0.008985775,25.93000030517578,26.040000915527344,25.920000076293945,26.020000457763672,-0.005731739,48.93000030517578,54.38999938964844,40.84000015258789,41.939998626708984,0.058556279,34,0,1,0,0,7634,0,0,1
2020-03-09,2863.889892578125,2863.889892578125,2734.429931640625,2746.560059,-0.075969697,95.79000091552734,95.79000091552734,94.65000153,94.90000153,-0.010943152,25.739999771118164,25.75,24.639999389648438,25.739999771118164,-0.010760979,41.939998626708984,62.119998931884766,41.939998626708984,54.459999084472656,0.29852171835290564,56,0,0,0,0,0,0,0,0
2020-03-10,2813.47998,2882.590087890625,2734,2882.22998,0.049396306,95.33999633789062,96.58000183105469,95.23000336,96.41000366210938,0.015911508028992882,25.90999984741211,26.15999984741211,25.90999984741211,26.12000084,0.014763056390607154,49.68000030517578,55.65999984741211,43.560001373291016,47.29999923706055,-0.13147264,28,0,2,0,0,29164,132717,0,1
2020-03-11,2825.600098,2825.600098,2707.219970703125,2741.379883,-0.048868445,96.33000183105469,96.62000274658203,95.91000366210938,96.51000213623047,0.001037221,26.040000915527344,26.170000076293945,26.010000228881836,26.15999984741211,0.001531356,52.24000168,55.81999969482422,49.97999954223633,53.900001525878906,0.13953493436099507,30,0,0,0,0,0,0,0,0
2020-03-12,2630.860107421875,2660.949951171875,2478.860107421875,2480.639892578125,-0.095112681,96.65000153,98.30999755859375,96.08000183105469,97.47000122070312,0.009947146,26.25,26.65999984741211,26.190000534057617,26.440000534057617,0.010703390224721554,61.459999084472656,76.83000183105469,59.90999984741211,75.47000122070312,0.40018551176604067,40,0,0,0,0,0,0,0,0
2020-03-13,2569.989990234375,2711.330078,2492.370117,2711.02002,0.09287125,97.44999694824219,98.80999755859375,97.33999633789062,98.75,0.013132233130874305,26.56999969482422,27.969999313354492,26.540000915527344,27.440000534057617,0.037821482,71.30999755859375,77.56999969482422,55.16999816894531,57.83000183105469,-0.233735247,19,0,1,0,0,19452,81220,0,1
2020-03-16,2508.590087890625,2562.97998,2380.939941,2386.129883,-0.119840552,98.47000122070312,98.47000122070312,97.44999694824219,98.08999633789062,-0.006683581,26.649999618530273,26.690000534057617,26.329999923706055,26.559999465942383,-0.032070009,57.83000183105469,83.55999755859375,57.83000183105469,82.69000244140625,0.4298806817087415,76,4,1,58614,48683,7981,0,1,1
2020-03-17,2425.659912109375,2553.929931640625,2367.040039,2529.189941,0.05995485,98.13999938964844,99.83000183105469,97.98000336,99.58000183105469,0.015190188,26.93000030517578,27.100000381469727,26.90999984741211,27.030000686645508,0.017695829448558742,82.69000244140625,84.83000183105469,70.37000274658203,75.91000366210938,-0.081992969,53,1,0,6920,0,0,0,1,0
2020-03-18,2436.5,2453.570068359375,2280.52002,2398.100098,-0.051830763,99.37999725341797,101.73999786376953,99.15000153,101.16000366210938,0.015866658,27.229999542236328,28.010000228881836,27.219999313354492,27.440000534057617,0.015168325453083442,69.37000274658203,85.47000122070312,69.37000274658203,76.44999694824219,0.007113598,31,1,0,55921,289686,0,0,1,0
2020-03-19,2393.47998,2466.969970703125,2319.780029296875,2409.389892578125,0.004707808,100.79000091552734,102.83999633789062,100.7699966430664,102.76000213623047,0.015816512615651313,28.889999389648438,28.899999618530273,27.75,28.09000015258789,0.023688032284238325,80.62000274658203,84.26000213623047,68.56999969482422,72,-0.058207941,11,0,0,0,0,0,0,0,0
2020-03-20,2431.939941,2453.010009765625,2295.560059,2304.919922,-0.043359512,102.94000244140625,102.98999786376953,101.08999633789062,102.81999969482422,0.000583861,28,28.079999923706055,27.68000030517578,28.010000228881836,-0.002847986,67.86000061035156,69.51000213623047,57.41999816894531,66.04000091552734,-0.082777765,60,0,0,0,0,0,0,0,0
2020-03-23,2290.709961,2300.72998,2191.860107421875,2237.399902,-0.029293868,101.94999694824219,102.9800033569336,101.6500015258789,102.48999786376953,-0.00320951,27.860000610351562,28,27.729999542236328,27.969999313354492,-0.001428094,74.08000183105469,76.73999786376953,60.459999084472656,61.59000015258789,-0.067383415,139,1,1,10352,0,2426,0,1,1
2020-03-24,2344.439941,2449.709961,2344.439941,2447.330078,0.09382774,102.12999725341797,102.20999908447266,101.05000305175781,101.73999786376953,-0.007317787,27.549999237060547,27.739999771118164,27.510000228881836,27.649999618530273,-0.011440819,58.75999832,61.880001068115234,36.24000168,61.66999816894531,0.00129888,45,1,0,13802,68357,0,0,1,0
2020-03-25,2457.77002,2571.419922,2407.530029296875,2475.560059,0.011535011448221999,101.5999984741211,101.91000366210938,100.83999633789062,101.05000305175781,-0.006781942,27.549999237060547,27.639999389648438,27.299999237060547,27.389999389648438,-0.009403263,61.439998626708984,68.86000061035156,58.029998779296875,63.95000076293945,0.036971018,31,2,0,24209,101082,0,0,1,0
2020-03-26,2501.290039,2637.010009765625,2500.719970703125,2630.070068359375,0.062414163303876835,100.95999908447266,101.0199966430664,99.23999786376953,99.41999816894531,-0.016130676,27.149999618530273,27.15999984741211,26.940000534057617,26.950000762939453,-0.016064207,65.66999816894531,67.05999755859375,57.65999984741211,61,-0.0461298,6,0,0,0,0,0,0,0,0
2020-03-27,2555.870117,2615.909912109375,2520.02002,2541.469970703125,-0.033687353,99.29000091552734,99.80999755859375,98.26999664,98.37000274658203,-0.010561209,27.079999923706055,27.110000610351562,26.670000076293945,26.729999542236328,-0.00816331,64.94999694824219,69.09999847,61.79999923706055,65.54000091552734,0.074426245,24,1,0,48259,320765,0,0,1,0
2020-03-30,2558.97998,2631.800048828125,2545.280029296875,2626.649902,0.033516009,98.30999755859375,99.31999969482422,98.29000091552734,99.18000030517578,0.008234193,26.889999389648438,26.950000762939453,26.84000015258789,26.850000381469727,0.004489369,66.30000305175781,67.69000244140625,56.599998474121094,57.08000183105469,-0.129081461,87,0,0,0,0,0,0,0,0
2020-03-31,2614.689941,2641.389892578125,2571.149902,2584.590087890625,-0.016012722,99.25,99.94999694824219,98.88999938964844,99.05000305175781,-0.00131072,26.979999542236328,27.049999237060547,26.790000915527344,26.829999923706055,-0.000744896,56.689998626708984,58.75,50.880001068115234,53.540000915527344,-0.062018234,23,0,2,0,0,69772,163131,0,1
2020-04-01,2498.080078,2522.75,2447.489990234375,2470.5,-0.04414243,99.01000213623047,99.83999633789062,98.91000366210938,99.66999816894531,0.006259415,26.989999771118164,27.049999237060547,26.950000762939453,27,0.006336194,57.380001068115234,60.59000015258789,52.75999832,57.060001373291016,0.065745245,8,0,0,0,0,0,0,0,0
2020-04-02,2458.540039,2533.219970703125,2455.790039,2526.899902,0.022829347,99.51000213623047,100.41000366210938,99.33999633789062,100.18000030517578,0.005116907,27.12000084,27.209999084472656,27.040000915527344,27.139999389648438,0.005185163,54.459999084472656,57.24000168,50.45000076293945,50.90999984741211,-0.107781307,17,0,0,0,0,0,0,0,0
2020-04-03,2514.919922,2538.179931640625,2459.959961,2488.649902,-0.015137125,100.19999694824219,100.8499984741211,100.13999938964844,100.58000183105469,0.003992828,27.260000228881836,27.350000381469727,27.239999771118164,27.290000915527344,0.005526954,51.11000061035156,52.290000915527344,46.74000168,46.79999923706055,-0.080730713,13,0,0,0,0,0,0,0,0
2020-04-06,2578.280029296875,2676.850098,2574.570068359375,2663.679931640625,0.070331319,100.66000366210938,100.93000030517578,100.4800033569336,100.69000244140625,0.001093663,27.270000457763672,27.360000610351562,27.25,27.299999237060547,0.000366373,44.16999816894531,45.72999954223633,43.45000076293945,45.24000168,-0.033333282,111,1,0,7861,0,0,0,1,0
2020-04-07,2738.649902,2756.889892578125,2657.669922,2659.409912109375,-0.001603053,100.75,100.79000091552734,99.76999664,99.98000336,-0.007051336,27.010000228881836,27.100000381469727,27,27.049999237060547,-0.009157509,44.83000183105469,47.50999832,43.50999832,46.70000076293945,0.032272303941305536,14,1,0,104394,437927,0,0,1,0
2020-04-08,2685,2760.75,2663.300048828125,2749.97998,0.034056453,99.91000366210938,100.43000030517578,99.90000153,100.12000274658203,0.001400274,27.06999969482422,27.149999618530273,27.06999969482422,27.149999618530273,0.003696872,45.900001525878906,47.279998779296875,42.529998779296875,43.349998474121094,-0.071734523,23,0,0,0,0,0,0,0,0
2020-04-09,2776.989990234375,2818.570068359375,2762.360107421875,2789.820068359375,0.014487410153376512,100.12999725341797,100.30000305175781,99.36000061035156,99.51999664,-0.005992869,26.950000762939453,27,26.889999389648438,26.950000762939453,-0.00736644,43,45.72999954223633,41.38999938964844,41.66999816894531,-0.038754334,11,0,0,0,0,0,0,0,0
2020-04-13,2782.459961,2782.459961,2721.169922,2761.629883,-0.010104661,99.48999786376953,99.62999725341797,99.13999938964844,99.34999847,-0.001708181,26.940000534057617,26.969999313354492,26.87999916,26.90999984741211,-0.001484264,44.599998474121094,45.040000915527344,41.16999816894531,41.16999816894531,-0.011999041,164,15,0,248286,857088,0,0,1,0
2020-04-14,2805.100098,2851.850098,2805.100098,2846.060059,0.030572589146256046,99.37999725341797,99.43000030517578,98.83000183105469,98.88999938964844,-0.004630086,26.81999969482422,26.84000015258789,26.760000228881836,26.760000228881836,-0.005574122,40.24000168,40.56999969482422,37.310001373291016,37.75999832,-0.082827301,16,0,0,0,0,0,0,0,0
2020-04-15,2795.639892578125,2801.879883,2761.540039,2783.360107421875,-0.022030439,98.81999969482422,99.98000336,98.81999969482422,99.45999908447266,0.005763977,27.049999237060547,27.059999465942383,26.87999916,26.959999084472656,0.007473799,42.56999969482422,43.22999954223633,40.04999923706055,40.84000015258789,0.081567849,10,0,0,0,0,0,0,0,0
2020-04-16,2799.340087890625,2806.510009765625,2764.320068359375,2799.550048828125,0.005816689,99.62999725341797,100.30000305175781,99.61000061035156,100.02999877929688,0.005730944,27.020000457763672,27.18000030517578,26.989999771118164,27.079999923706055,0.00445107,41.91999816894531,43.02000045776367,39.869998931884766,40.11000061035156,-0.017874621,10,1,0,95722,257516,0,0,1,0
2020-04-17,2842.429931640625,2879.219970703125,2830.879883,2874.560059,0.026793594848223412,99.86000061035156,100.29000091552734,99.62000274658203,99.77999877929688,-0.00249925,27.020000457763672,27.040000915527344,26.969999313354492,27.010000228881836,-0.002584922,39.5,40.25999832,37.630001068115234,38.150001525878906,-0.048865596,16,1,0,56631,254540,0,0,1,0
2020-04-20,2845.620117,2868.97998,2820.429931640625,2823.159912109375,-0.017881048,99.70999908447266,100.06999969482422,99.65000153,99.95999908447266,0.001803972,27.06999969482422,27.100000381469727,27.010000228881836,27.100000381469727,0.003332105,40.68000030517578,43.83000183105469,39.880001068115234,43.83000183105469,0.14888597845331075,116,7,0,150263,111382,0,0,1,0
2020-04-21,2784.810059,2785.540039,2727.100098,2736.560059,-0.030674796,99.94000244140625,100.4800033569336,99.93000030517578,100.26000213623047,0.003001231,27.200000762939453,27.219999313354492,27.100000381469727,27.139999389648438,0.001475978,44.279998779296875,47.77000045776367,43.77000045776367,45.40999984741211,0.036048322,36,0,0,0,0,0,0,0,0
2020-04-22,2787.889892578125,2815.100098,2775.949951171875,2799.310059,0.022930247703843776,100.20999908447266,100.5,99.90000153,100.38999938964844,0.001296601,27.100000381469727,27.229999542236328,27.100000381469727,27.219999313354492,0.002947676,44.90999984741211,45.06999969482422,41.40999984741211,41.97999954223633,-0.07553403,22,0,0,0,0,0,0,0,0
2020-04-23,2810.419922,2844.899902,2794.260009765625,2797.800048828125,-0.000539422,100.44999694824219,100.69000244140625,100.04000091552734,100.43000030517578,0.000398455,27.239999771118164,27.260000228881836,27.100000381469727,27.229999542236328,0.000367385,41.29999923706055,42.470001220703125,39.060001373291016,41.380001068115234,-0.014292484,18,0,0,0,0,0,0,0,0
2020-04-24,2812.639892578125,2842.709961,2791.760009765625,2836.739990234375,0.013918057304545428,100.5,100.87000274658203,100.22000122070312,100.37999725341797,-0.00049789,27.200000762939453,27.229999542236328,27.15999984741211,27.170000076293945,-0.002203432,38.79999923706055,40.16999816894531,35.599998474121094,35.93000030517578,-0.131706153,44,0,0,0,0,0,0,0,0
2020-04-27,2854.649902,2887.719970703125,2852.889892578125,2878.47998,0.014714069804799612,100.2300033569336,100.31999969482422,99.83000183105469,100.04000091552734,-0.003387093,27.059999465942383,27.12999916,27.049999237060547,27.100000381469727,-0.00257636,36.290000915527344,36.439998626708984,32.50999832,33.290000915527344,-0.073476186,79,1,1,30975,132750,21746,89703,1,1
2020-04-28,2909.959961,2921.149902,2860.709961,2863.389892578125,-0.005242381,100.05999755859375,100.20999908447266,99.44999694824219,99.87000274658203,-0.001699302,26.979999542236328,27.079999923706055,26.969999313354492,27.06999969482422,-0.001107036,33.209999084472656,35.38999938964844,30.540000915527344,33.56999969482422,0.008410897,24,0,0,0,0,0,0,0,0
2020-04-29,2918.459961,2954.860107421875,2912.159912109375,2939.510009765625,0.026583916282167053,99.87999725341797,99.88999938964844,99.47000122070312,99.56999969482422,-0.003003936,26.979999542236328,27.040000915527344,26.940000534057617,26.959999084472656,-0.004063562,32.47999954223633,33.189998626708984,30.709999084472656,31.229999542236328,-0.069705099,21,1,0,10872,0,0,0,1,0
2020-04-30,2930.909912109375,2930.909912109375,2892.469970703125,2912.429931640625,-0.009212446,99.48000336,99.73000336,98.80999755859375,99.01999664,-0.005523783,26.969999313354492,27,26.760000228881836,26.790000915527344,-0.00630557,30.989999771118164,35.939998626708984,30.93000030517578,34.150001525878906,0.093499905,70,0,1,0,0,5284,0,0,1
2020-05-01,2869.090087890625,2869.090087890625,2821.610107421875,2830.709961,-0.028059034,99.12999725341797,99.20999908447266,98.77999877929688,98.80000305175781,-0.002221709,26.790000915527344,26.84000015258789,26.739999771118164,26.81999969482422,0.001119775,38.16999816894531,39.56999969482422,36.59000015258789,37.189998626708984,0.089018945,23,1,0,41210,151253,0,0,1,0
2020-05-04,2815.010009765625,2844.239990234375,2797.850098,2842.739990234375,0.004249828,99.08999633789062,99.59999847,99.08999633789062,99.48000336,0.006882594,26.93000030517578,26.979999542236328,26.90999984741211,26.969999313354492,0.005592827,39.130001068115234,40.31999969482422,35.529998779296875,35.970001220703125,-0.032804449,94,4,0,114896,294752,0,0,1,0
2020-05-05,2868.879883,2898.22998,2863.550048828125,2868.439941,0.009040556,99.51000213623047,99.97000122070312,99.30000305175781,99.70999908447266,0.002311979,27,27.030000686645508,26.899999618530273,26.989999771118164,0.000741582,34.81999969482422,36.220001220703125,31.950000762939453,33.61000061035156,-0.065610245,32,2,0,45251,163594,0,0,1,0
2020-05-06,2883.139892578125,2891.110107421875,2847.649902,2848.419922,-0.00697941,99.80000305175781,100.19999694824219,99.75,100.08999633789062,0.003811025,27.06999969482422,27.12999916,27.040000915527344,27.12000084,0.004816638,32.689998626708984,35.689998626708984,31.68000030517578,34.119998931884766,0.015174005125609291,15,0,0,0,0,0,0,0,0
2020-05-07,2878.260009765625,2901.919922,2876.47998,2881.189941,0.011504630788313985,100.20999908447266,100.4000015258789,99.80999755859375,99.88999938964844,-0.001998171,27.149999618530273,27.18000030517578,27.010000228881836,27.040000915527344,-0.00294985,32.119998931884766,32.279998779296875,30.37000084,31.440000534057617,-0.078546263,9,0,0,0,0,0,0,0,0
2020-05-08,2908.830078,2932.159912109375,2902.879883,2929.800048828125,0.016871538638701944,99.83999633789062,99.94000244140625,99.45999908447266,99.73000336,-0.001601722,27.030000686645508,27.059999465942383,26.90999984741211,27.030000686645508,-0.000369831,30.139999389648438,30.389999389648438,27.889999389648438,27.979999542236328,-0.11005092,9,0,0,0,0,0,0,0,0
2020-05-11,2915.459961,2944.25,2903.439941,2930.189941,0.000133078,99.66999816894531,100.27999877929688,99.66999816894531,100.23999786376953,0.005113752,27.079999923706055,27.15999984741211,27.059999465942383,27.12999916,0.003699536,28.459999084472656,31.459999084472656,26.969999313354492,27.56999969482422,-0.014653319,187,5,0,93708,227009,0,0,1,0
2020-05-12,2939.5,2945.820068359375,2869.590087890625,2870.120117,-0.020500318,100.2300033569336,100.44000244140625,99.66000366210938,99.93000030517578,-0.003092554,27.020000457763672,27.079999923706055,26.989999771118164,27.079999923706055,-0.00184295,28.469999313354492,33.040000915527344,26,33.040000915527344,0.1984041088593127,60,1,1,35773,181467,17403,0,1,1
2020-05-13,2865.860107421875,2874.139892578125,2793.149902,2820,-0.017462725,100.01000213623047,100.27999877929688,99.58000183105469,100.23999786376953,0.003102147,27.020000457763672,27.149999618530273,27,27.12999916,0.001846353,32.74000168,37.41999816894531,30.770000457763672,35.279998779296875,0.067796544,26,1,0,41505,171029,0,0,1,0
2020-05-14,2794.540039,2852.800048828125,2766.639892578125,2852.5,0.011524823,100.19000244140625,100.55999755859375,100.1500015258789,100.47000122070312,0.002294527,27.190000534057617,27.209999084472656,27.12999916,27.15999984741211,0.001105812,35.15999984741211,39.279998779296875,32.33000183105469,32.61000061035156,-0.075680223,22,1,0,10651,0,0,0,1,0
2020-05-15,2829.949951171875,2865.010009765625,2816.780029296875,2863.699951171875,0.003926363,100.26000213623047,100.48999786376953,100.08000183105469,100.4000015258789,-0.000696722,27.12000084,27.200000762939453,27.09000015258789,27.18000030517578,0.000736394,32.5,35.130001068115234,31.040000915527344,31.889999389648438,-0.022079154,40,0,0,0,0,0,0,0,0
2020-05-18,2913.860107421875,2968.090087890625,2913.860107421875,2953.909912109375,0.031501192,100.36000061035156,100.47000122070312,99.58000183105469,99.66999816894531,-0.00727095,27.079999923706055,27.100000381469727,26.950000762939453,26.959999084472656,-0.008094232,30.709999084472656,31.079999923706055,28.350000381469727,29.299999237060547,-0.081216689,130,5,1,88284,311489,3683,0,1,1
2020-05-19,2948.590087890625,2964.209961,2922.350098,2922.939941,-0.010484399,99.62000274658203,99.73000336,99.23000336,99.37000274658203,-0.003009887,26.93000030517578,26.950000762939453,26.87000084,26.940000534057617,-0.000741786,28.729999542236328,30.739999771118164,28.37000084,30.530000686645508,0.041979573,25,0,0,0,0,0,0,0,0
2020-05-20,2953.629883,2980.290039,2953.629883,2971.610107421875,0.0166511,99.55000305175781,99.55999755859375,99,99.12000274658203,-0.00251585,26.829999923706055,26.860000610351562,26.790000915527344,26.850000381469727,-0.003340763,29.520000457763672,29.829999923706055,27.829999923706055,27.989999771118164,-0.083196884,53,1,0,60685,249372,0,0,1,0
2020-05-21,2969.949951171875,2978.5,2938.570068359375,2948.510009765625,-0.007773596,99.18000030517578,99.51000213623047,99.01999664,99.37000274658203,0.002522195,26.84000015258789,26.940000534057617,26.829999923706055,26.90999984741211,0.002234617,28.969999313354492,30.200000762939453,27.670000076293945,29.530000686645508,0.055019683033953104,16,3,0,142034,362704,0,0,1,0
2020-05-22,2948.050048828125,2956.760009765625,2933.590087890625,2955.449951171875,0.002353711,99.41999816894531,99.87000274658203,99.38999938964844,99.86000061035156,0.004931044,27,27.030000686645508,26.979999542236328,26.989999771118164,0.00297287,31.360000610351562,31.549999237060547,28.030000686645508,28.15999984741211,-0.046393525,37,0,0,0,0,0,0,0,0
2020-05-26,3004.080078,3021.719970703125,2988.169922,2991.77002,0.012289184036080147,99.76999664,99.76999664,98.90000153,98.91000366210938,-0.009513288,26.809999465942383,26.81999969482422,26.75,26.790000915527344,-0.00741011,27.719999313354492,28.579999923706055,27.18000030517578,28.010000228881836,-0.005326691,156,5,0,120495,576285,0,0,1,0
2020-05-27,3015.649902,3036.25,2969.75,3036.129883,0.014827297215913804,99.01999664,99.33999633789062,98.72000122070312,99.05999755859375,0.001516468,26.780000686645508,26.87000084,26.760000228881836,26.780000686645508,-0.000373282,27.62000084,30.530000686645508,25.920000076293945,27.62000084,-0.013923577,38,2,0,58117,285356,0,0,1,0
2020-05-28,3046.610107421875,3068.669922,3023.399902,3029.72998,-0.002107915,98.91000366210938,99.08999633789062,98.34999847,98.37999725341797,-0.00686453,26.719999313354492,26.739999771118164,26.610000610351562,26.639999389648438,-0.00522783,27.81999969482422,29.889999389648438,27.43000030517578,28.59000015258789,0.035119453,54,1,1,58104,290063,10020,0,1,1
2020-05-29,3025.169922,3049.169922,2998.610107421875,3044.310059,0.004812336,98.51999664,98.55000305175781,97.94999694824219,98.33999633789062,-0.000406596,26.579999923706055,26.649999618530273,26.530000686645508,26.600000381469727,-0.001501464,29.299999237060547,30.15999984741211,27.290000915527344,27.510000228881836,-0.037775443,34,3,0,243205,1153933,0,0,1,0
2020-06-01,3038.780029296875,3062.179931640625,3031.540039,3055.72998,0.003751235,98.30000305175781,98.31999969482422,97.79000091552734,97.83000183105469,-0.005186033,26.530000686645508,26.549999237060547,26.450000762939453,26.450000762939453,-0.005639083,28.940000534057617,30.600000381469727,28.110000610351562,28.229999542236328,0.026172276,73,1,0,41030,183918,0,0,1,0
2020-06-02,3064.780029296875,3081.070068359375,3051.639892578125,3080.820068359375,0.008210833,97.83999633789062,97.91000366210938,97.43000030517578,97.66999816894531,-0.001635528,26.399999618530273,26.440000534057617,26.360000610351562,26.420000076293945,-0.001134241,28.399999618530273,28.520000457763672,26.65999984741211,26.84000015258789,-0.049238378,78,1,0,6570,0,0,0,1,0
2020-06-03,3098.899902,3130.939941,3098.899902,3122.870117,0.013648979133831007,97.56999969482422,97.62999725341797,97.19000244140625,97.27999877929688,-0.003993032,26.37999916,26.389999389648438,26.260000228881836,26.260000228881836,-0.006056012,26.75,26.979999542236328,25.040000915527344,25.65999984741211,-0.043964244,56,0,0,0,0,0,0,0,0
2020-06-04,3111.560059,3128.909912109375,3090.409912109375,3112.350098,-0.003368702,97.31999969482422,97.62999725341797,96.56999969482422,96.68000030517578,-0.006167748,26.280000686645508,26.280000686645508,26.100000381469727,26.15999984741211,-0.003808088,26.229999542236328,26.43000030517578,24.37999916,25.809999465942383,0.005845659,88,2,0,18133,0,0,0,1,0
2020-06-05,3163.840087890625,3211.719970703125,3163.840087890625,3193.929931640625,0.026211650818398713,96.73999786376953,97.02999877929688,96.44000244140625,96.94000244140625,0.002689306,26.15999984741211,26.229999542236328,26.139999389648438,26.209999084472656,0.001911286,24.790000915527344,25.09000015258789,23.540000915527344,24.520000457763672,-0.04998059,164,1,1,4318,0,1480,0,1,1
2020-06-08,3199.919922,3233.129883,3196,3232.389892578125,0.012041579421169235,96.83999633789062,97.06999969482422,96.59999847,96.62000274658203,-0.003301008,26.15999984741211,26.190000534057617,26.12000084,26.139999389648438,-0.002670725,25.559999465942383,25.979999542236328,24.649999618530273,25.809999465942383,0.052610073,117,0,5,0,0,211897,500308,0,1
2020-06-09,3213.320068359375,3222.709961,3193.110107421875,3207.179931640625,-0.007799171,96.62999725341797,97.05999755859375,96.23000336,96.31999969482422,-0.003104979,26.139999389648438,26.149999618530273,26.030000686645508,26.059999465942383,-0.003060441,25.93000030517578,27.700000762939453,25.709999084472656,27.56999969482422,0.068190634,48,0,0,0,0,0,0,0,0
2020-06-10,3213.419922,3223.27002,3181.489990234375,3190.139892578125,-0.005313091,96.43000030517578,96.45999908447266,95.72000122070312,95.95999908447266,-0.003737548,25.989999771118164,26.06999969482422,25.87999916,25.93000030517578,-0.004988456,26.729999542236328,29.010000228881836,26.059999465942383,27.56999969482422,0,14,0,0,0,0,0,0,0,0
2020-06-11,3123.530029296875,3123.530029296875,2999.489990234375,3002.100098,-0.058944059,96.08999633789062,96.83000183105469,95.94999694824219,96.73000336,0.008024221,26.040000915527344,26.200000762939453,25.969999313354492,26.190000534057617,0.010027004466711897,30.450000762939453,42.58000183105469,29.489999771118164,40.790000915527344,0.47950675977645907,35,1,1,10783,0,28191,124974,1,1
2020-06-12,3071.040039,3088.419922,2984.469970703125,3041.310059,0.013060843963234703,96.80999755859375,97.44999694824219,96.48999786376953,97.31999969482422,0.006099414,26.18000030517578,26.37000084,26.139999389648438,26.260000228881836,0.002672764,37.68000030517578,44.15999984741211,34.970001220703125,36.09000015258789,-0.115224336,45,1,0,17522,70700,0,0,1,0
2020-06-15,2993.760009765625,3079.760009765625,2965.659912109375,3066.590087890625,0.008312217,97.08999633789062,97.38999938964844,96.59999847,96.68000030517578,-0.006576237,26.280000686645508,26.299999237060547,26.110000610351562,26.149999618530273,-0.004188904,44.09000015258789,44.439998626708984,34.279998779296875,34.400001525878906,-0.046827338,72,1,0,10907,41731,0,0,1,0
2020-06-16,3131,3153.449951171875,3076.060059,3124.739990234375,0.018962398,96.55999755859375,97.25,96.43000030517578,96.95999908447266,0.00289614,26.170000076293945,26.299999237060547,26.170000076293945,26.229999542236328,0.003059271,34.279998779296875,37.45000076293945,31.729999542236328,33.66999816894531,-0.021221027,13,0,0,0,0,0,0,0,0
2020-06-17,3136.129883,3141.159912109375,3108.030029296875,3113.489990234375,-0.0036003,97.01000213623047,97.33999633789062,96.80000305175781,97.16000366210938,0.002062754,26.239999771118164,26.329999923706055,26.239999771118164,26.25,0.000762503,33.279998779296875,35.16999816894531,32.25,33.470001220703125,-0.005939916,22,0,0,0,0,0,0,0,0
2020-06-18,3101.639892578125,3120,3093.510009765625,3115.340087890625,0.00059422,97.08000183105469,97.58000183105469,96.94999694824219,97.41999816894531,0.002675942,26.309999465942383,26.37999916,26.290000915527344,26.350000381469727,0.003809538,33.83000183105469,36.25,32.24000168,32.939998626708984,-0.015835153,30,1,0,19539,79834,0,0,1,0
2020-06-19,3140.290039,3155.530029296875,3083.110107421875,3097.739990234375,-0.005649495,97.41999816894531,97.72000122070312,97.16000366210938,97.62000274658203,0.002053014,26.299999237060547,26.420000076293945,26.299999237060547,26.37999916,0.001138474,32.06999969482422,35.119998931884766,30.399999618530273,35.119998931884766,0.066180947,40,1,0,20466,79168,0,0,1,0
2020-06-22,3094.419922,3120.919922,3079.389892578125,3117.860107421875,0.006495096,97.66000366210938,97.73999786376953,97.01000213623047,97.04000091552734,-0.005941424,26.31999969482422,26.31999969482422,26.209999084472656,26.239999771118164,-0.005307028,35.220001220703125,35.38999938964844,31.639999389648438,31.770000457763672,-0.095387203,58,0,0,0,0,0,0,0,0
2020-06-23,3138.699951171875,3154.899902,3127.120117,3131.290039,0.00430742,96.93000030517578,97.25,96.38999938964844,96.69000244140625,-0.003606744,26.100000381469727,26.149999618530273,26.049999237060547,26.149999618530273,-0.003429884,31.709999084472656,31.709999084472656,29.260000228881836,31.37000084,-0.012590482,33,2,0,44545,230046,0,0,1,0
2020-06-24,3114.399902,3115.010009765625,3032.129883,3050.330078,-0.025855146,96.66000366210938,97.23999786376953,96.55000305175781,97.15000153,0.004757463,26.209999084472656,26.290000915527344,26.200000762939453,26.270000457763672,0.004588942,31.049999237060547,37.119998931884766,30.950000762939453,33.84000015258789,0.078737623,10,0,0,0,0,0,0,0,0
2020-06-25,3046.600098,3086.25,3024.010009765625,3083.760009765625,0.010959447267809841,97.23999786376953,97.59999847,97.16000366210938,97.43000030517578,0.002882128,26.350000381469727,26.37000084,26.309999465942383,26.309999465942383,0.001522612,36.59000015258789,36.93000030517578,31.59000015258789,32.220001220703125,-0.047872309,27,1,0,32229,155700,0,0,1,0
2020-06-26,3073.199951171875,3073.72998,3004.629883,3009.050048828125,-0.024226905,97.34999847,97.68000030517578,97.26000213623047,97.5,0.000718461,26.329999923706055,26.40999984741211,26.31999969482422,26.350000381469727,0.001520369,33.00999832,36.25,31.040000915527344,34.72999954223633,0.077901869,15,0,0,0,0,0,0,0,0
2020-06-29,3018.590087890625,3053.889892578125,2999.739990234375,3053.239990234375,0.014685678433118632,97.5,97.65000153,97.11000061035156,97.54000091552734,0.000410266,26.280000686645508,26.389999389648438,26.280000686645508,26.360000610351562,0.000379515,35.04999923706055,36.310001373291016,31.780000686645508,31.780000686645508,-0.084940941,112,0,0,0,0,0,0,0,0
2020-06-30,3050.199951171875,3111.510009765625,3047.830078,3100.290039,0.015409875731554612,97.40000153,97.80000305175781,97.23000336,97.38999938964844,-0.001537846,26.389999389648438,26.40999984741211,26.280000686645508,26.31999969482422,-0.001517485,32.540000915527344,32.939998626708984,29.559999465942383,30.43000030517578,-0.042479558,26,0,0,0,0,0,0,0,0
2020-07-01,3105.919922,3128.439941,3101.169922,3115.860107421875,0.005022133,97.38999938964844,97.62000274658203,97.02999877929688,97.19999694824219,-0.001950944,26.309999465942383,26.329999923706055,26.229999542236328,26.260000228881836,-0.002279615,30.959999084472656,31.760000228881836,28.200000762939453,28.62000084,-0.059480757,48,1,0,59875,293498,0,0,1,0
2020-07-02,3143.639892578125,3165.810059,3124.52002,3130.010009765625,0.004541251,97.15000153,97.33999633789062,96.80999755859375,97.31999969482422,0.001234596,26.239999771118164,26.329999923706055,26.200000762939453,26.280000686645508,0.000761632,28.329999923706055,28.440000534057617,25.899999618530273,27.68000030517578,-0.032844183,15,0,0,0,0,0,0,0,0
2020-07-06,3155.290039,3182.590087890625,3155.290039,3179.719970703125,0.015881726,97.15000153,97.19999694824219,96.56999969482422,96.79000091552734,-0.005445939,26.12000084,26.170000076293945,26.09000015258789,26.139999389648438,-0.005327294,27.760000228881836,28.329999923706055,24.920000076293945,27.940000534057617,0.009393072,146,6,0,305583,1170604,0,0,1,0
2020-07-07,3166.439941,3184.149902,3142.929931640625,3145.320068359375,-0.010818532,96.75,97.15000153,96.59999847,96.87999725341797,0.00092981,26.149999618530273,26.219999313354492,26.149999618530273,26.200000762939453,0.002295385,28.770000457763672,29.62999916,27.25,29.43000030517578,0.053328552,13,3,0,86315,329718,0,0,1,0
2020-07-08,3153.070068359375,3171.800048828125,3136.530029296875,3169.939941,0.007827462,96.98999786376953,97.05000305175781,96.40000153,96.43000030517578,-0.00464489,26.139999389648438,26.149999618530273,26.049999237060547,26.059999465942383,-0.005343561,28.950000762939453,30.200000762939453,27.239999771118164,28.079999923706055,-0.045871572,8,1,0,30545,137773,0,0,1,0
2020-07-09,3176.169922,3179.780029296875,3115.699951171875,3152.050048828125,-0.005643606,96.44999694824219,96.80999755859375,96.23999786376953,96.69999694824219,0.002799924,26.040000915527344,26.15999984741211,26.030000686645508,26.149999618530273,0.003453575,28.18000030517578,31.479999542236328,26.110000610351562,29.260000228881836,0.042022803005052234,25,1,0,30546,0,0,0,1,0
2020-07-10,3152.469970703125,3186.820068359375,3136.219970703125,3185.040039,0.010466201,96.75,96.97000122070312,96.44000244140625,96.65000153,-0.000517016,26.09000015258789,26.12999916,26.059999465942383,26.110000610351562,-0.001529599,30.860000610351562,30.90999984741211,27.12999916,27.290000915527344,-0.067327385,18,0,0,0,0,0,0,0,0
2020-07-13,3205.080078,3235.320068359375,3149.429931640625,3155.219970703125,-0.009362541,96.66000366210938,96.68000030517578,96.26999664,96.45999908447266,-0.001965881,26.06999969482422,26.09000015258789,26.010000228881836,26.06999969482422,-0.001532015,27.850000381469727,32.45000076293945,26.87000084,32.189998626708984,0.1795528599045837,85,1,0,5574,0,0,0,1,0
2020-07-14,3141.110107421875,3200.949951171875,3127.659912109375,3197.52002,0.013406370782667931,96.54000091552734,96.69999694824219,96.18000030517578,96.26000213623047,-0.002073367,26.09000015258789,26.09000015258789,25.989999771118164,26.020000457763672,-0.001917884,31.139999389648438,33.66999816894531,29.209999084472656,29.520000457763672,-0.082944961,25,0,0,0,0,0,0,0,0
2020-07-15,3225.97998,3238.280029296875,3200.760009765625,3226.560059,0.009082051,96.16999816894531,96.25,95.77999877929688,96.08000183105469,-0.001869939,25.899999618530273,25.979999542236328,25.87000084,25.950000762939453,-0.002690227,29.149999618530273,30.09000015258789,27.170000076293945,27.760000228881836,-0.059620603,33,2,0,20371,0,0,0,1,0
2020-07-16,3208.360107421875,3220.389892578125,3198.590087890625,3215.570068359375,-0.003406101,96,96.40000153,95.88999938964844,96.34999847,0.002810123,25.979999542236328,26.049999237060547,25.90999984741211,26.040000915527344,0.003468214,28.40999984741211,29.290000915527344,26.979999542236328,28,0.008645525,11,0,0,0,0,0,0,0,0
2020-07-17,3224.209961,3233.52002,3205.649902,3224.72998,0.002848612,96.27999877929688,96.33000183105469,95.90000153,95.94000244140625,-0.004255278,25.969999313354492,25.969999313354492,25.90999984741211,25.93000030517578,-0.004224294,27.149999618530273,27.540000915527344,25.40999984741211,25.68000030517578,-0.082857132,21,0,0,0,0,0,0,0,0
2020-07-20,3224.290039,3258.610107421875,3215.159912109375,3251.840087890625,0.008406939,96.01000213623047,96.18000030517578,95.73000336,95.83000183105469,-0.001146556,25.93000030517578,25.969999313354492,25.87999916,25.889999389648438,-0.00154265,26.940000534057617,27.079999923706055,24.350000381469727,24.459999084472656,-0.047507835,73,2,0,60369,312608,0,0,1,0
2020-07-21,3268.52002,3277.290039,3247.77002,3257.300048828125,0.001679037,95.75,95.91999816894531,95.05000305175781,95.12000274658203,-0.007408944,25.860000610351562,25.87000084,25.68000030517578,25.729999542236328,-0.006179987,24.079999923706055,25.649999618530273,23.610000610351562,24.84000015258789,0.015535612524060216,7,1,0,22288,113626,0,0,1,0
2020-07-22,3254.860107421875,3279.320068359375,3253.100098,3276.02002,0.005747082,95.12999725341797,95.41000366210938,94.83000183105469,94.97000122070312,-0.001576971,25.649999618530273,25.68000030517578,25.62000084,25.65999984741211,-0.002720548,24.559999465942383,26.260000228881836,24.12999916,24.31999969482422,-0.020933996,8,0,0,0,0,0,0,0,0
2020-07-23,3271.639892578125,3279.989990234375,3222.659912109375,3235.659912109375,-0.01231986,94.98000336,95.18000030517578,94.58999633789062,94.69000244140625,-0.002948287,25.68000030517578,25.690000534057617,25.559999465942383,25.610000610351562,-0.001948528,23.969999313354492,26.950000762939453,23.600000381469727,26.079999923706055,0.072368431,62,0,0,0,0,0,0,0,0
2020-07-24,3218.580078,3227.260009765625,3200.050048828125,3215.629883,-0.0061904,94.76999664,94.83000183105469,94.33000183105469,94.44000244140625,-0.002640194,25.549999237060547,25.579999923706055,25.489999771118164,25.5,-0.004295221,27.959999084472656,28.579999923706055,25.530000686645508,25.84000015258789,-0.009202445,11,0,0,0,0,0,0,0,0
2020-07-27,3219.840087890625,3241.429931640625,3214.25,3239.409912109375,0.007395139,94.34999847,94.41999816894531,93.48000336,93.66999816894531,-0.00815337,25.329999923706055,25.350000381469727,25.25,25.309999465942383,-0.007451001,26.600000381469727,26.940000534057617,24.549999237060547,24.739999771118164,-0.042569674,136,3,1,62743,301440,6484,0,1,1
2020-07-28,3234.27002,3243.719970703125,3216.169922,3218.439941,-0.006473392,93.58000183105469,94.01000213623047,93.48999786376953,93.76000213623047,0.000960862,25.329999923706055,25.360000610351562,25.290000915527344,25.350000381469727,0.001580439,24.860000610351562,25.850000381469727,24.049999237060547,25.440000534057617,0.028294291,34,0,1,0,0,12047,0,0,1
2020-07-29,3227.219970703125,3264.739990234375,3227.219970703125,3258.439941,0.012428382,93.75,93.80000305175781,93.18000030517578,93.26000213623047,-0.005332764,25.280000686645508,25.280000686645508,25.170000076293945,25.229999542236328,-0.004733761,25.15999984741211,25.420000076293945,23.729999542236328,24.100000381469727,-0.052672961,55,1,0,5339,0,0,0,1,0
2020-07-30,3231.760009765625,3250.919922,3204.129883,3246.219970703125,-0.003750252,93.31999969482422,93.68000030517578,92.93000030517578,93.01999664,-0.002573509,25.200000762939453,25.25,25.12000084,25.12999916,-0.003963551,25.040000915527344,28.290000915527344,24.639999389648438,24.760000228881836,0.027385885,17,1,0,21447,80389,0,0,1,0
2020-07-31,3270.449951171875,3272.169922,3220.260009765625,3271.120117,0.007670505,92.81999969482422,93.54000091552734,92.55000305175781,93.48999786376953,0.00505269,25.149999618530273,25.290000915527344,25.12999916,25.280000686645508,0.005969022,24.790000915527344,26.40999984741211,23.549999237060547,24.459999084472656,-0.012116363,21,1,0,40036,138419,0,0,1,0
2020-08-03,3288.260009765625,3302.72998,3284.530029296875,3294.610107421875,0.007181023,93.45999908447266,93.98999786376953,93.31999969482422,93.5,0.000106986,25.389999389648438,25.40999984741211,25.270000457763672,25.280000686645508,0,25.75,26.010000228881836,22.170000076293945,24.280000686645508,-0.007358888,116,4,0,100686,419045,0,0,1,0
2020-08-04,3289.919922,3306.840087890625,3286.370117,3306.510009765625,0.00361193,93.55999755859375,93.83000183105469,93.23000336,93.37999725341797,-0.001283452,25.34000015258789,25.350000381469727,25.190000534057617,25.190000534057617,-0.003560133,24.010000228881836,24.760000228881836,22.920000076293945,23.760000228881836,-0.021416822,27,0,0,0,0,0,0,0,0
2020-08-05,3317.370117,3330.77002,3317.370117,3327.77002,0.006429743,93.23000336,93.25,92.55999755859375,92.83000183105469,-0.005889863,25.059999465942383,25.110000610351562,25.010000228881836,25.079999923706055,-0.004366836,23.440000534057617,23.610000610351562,22.860000610351562,22.989999771118164,-0.032407426,31,0,0,0,0,0,0,0,0
2020-08-06,3323.169922,3351.030029296875,3318.139892578125,3349.159912109375,0.006427696,92.76999664,93.08999633789062,92.51999664,92.79000091552734,-0.000430905,25.09000015258789,25.15999984741211,25.040000915527344,25.079999923706055,0,23.030000686645508,24.110000610351562,20.969999313354492,22.649999618530273,-0.014789045,30,0,0,0,0,0,0,0,0
2020-08-07,3340.050048828125,3352.540039,3328.719970703125,3351.280029296875,0.00063303,92.80999755859375,93.62000274658203,92.76000213623047,93.44000244140625,0.007005082,25.25,25.309999465942383,25.219999313354492,25.229999542236328,0.005980846,23.450000762939453,24.020000457763672,22.020000457763672,22.209999084472656,-0.019426072,29,3,0,54703,146683,0,0,1,0
2020-08-10,3356.040039,3363.290039,3335.439941,3360.469970703125,0.002742218,93.38999938964844,93.69999694824219,93.30000305175781,93.58000183105469,0.001498281,25.270000457763672,25.299999237060547,25.209999084472656,25.270000457763672,0.001585451,22.87999916,23.520000457763672,21.459999084472656,22.12999916,-0.003601978,52,1,0,40384,165910,0,0,1,0
2020-08-11,3370.340087890625,3381.010009765625,3326.439941,3333.689941,-0.007969132,93.59999847,93.73999786376953,93.16999816894531,93.62999725341797,0.000534253,25.260000228881836,25.329999923706055,25.219999313354492,25.309999465942383,0.001582865,21.850000381469727,24.93000030517578,20.280000686645508,24.030000686645508,0.085856376,9,1,0,24424,118829,0,0,1,0
2020-08-12,3355.459961,3387.889892578125,3355.459961,3380.350098,0.013996549490237653,93.68000030517578,93.91000366210938,93.26999664,93.44000244140625,-0.002029209,25.229999542236328,25.270000457763672,25.190000534057617,25.229999542236328,-0.003160803,22.81999969482422,22.87999916,21.540000915527344,22.280000686645508,-0.072825633,32,0,0,0,0,0,0,0,0
2020-08-13,3372.949951171875,3387.239990234375,3363.350098,3373.429931640625,-0.002047174,93.37000274658203,93.38999938964844,92.93000030517578,93.33999633789062,-0.001070271,25.170000076293945,25.239999771118164,25.110000610351562,25.219999313354492,-0.000396363,22.200000762939453,22.920000076293945,21.450000762939453,22.12999916,-0.006732564,23,0,0,0,0,0,0,0,0
2020-08-14,3368.659912109375,3378.510009765625,3361.639892578125,3372.850098,-0.000171883,93.22000122070312,93.41000366210938,93.01999664,93.09999847,-0.002571222,25.170000076293945,25.190000534057617,25.12999916,25.18000030517578,-0.001586004,22.270000457763672,23.549999237060547,21.790000915527344,22.049999237060547,-0.003614999,75,1,0,4134,0,0,0,1,0
2020-08-17,3380.860107421875,3387.590087890625,3379.219970703125,3381.989990234375,0.002709843,93.09999847,93.12000274658203,92.76999664,92.84999847,-0.002685285,25.12000084,25.12000084,25.06999969482422,25.06999969482422,-0.004368571,22.520000457763672,22.81999969482422,21.34000015258789,21.350000381469727,-0.031745981,123,1,0,4370,0,0,0,1,0
2020-08-18,3387.040039,3395.060059,3370.149902,3389.780029296875,0.002303389,92.81999969482422,92.81999969482422,92.12999725341797,92.26999664,-0.006246654,24.920000076293945,24.979999542236328,24.889999389648438,24.93000030517578,-0.00558434,21.690000534057617,22.549999237060547,21.18000030517578,21.510000228881836,0.007494138,54,2,0,14446,0,0,0,1,0
2020-08-19,3392.510009765625,3399.540039,3369.659912109375,3374.850098,-0.004404395,92.27999877929688,93.05000305175781,92.15000153,92.88999938964844,0.00671944,24.950000762939453,25.149999618530273,24.920000076293945,25.12999916,0.008022417,21.600000381469727,22.979999542236328,20.989999771118164,22.540000915527344,0.047884736,42,0,1,0,0,7194,0,0,1
2020-08-20,3360.47998,3390.800048828125,3354.689941,3385.510009765625,0.003158633,92.95999908447266,93.23999786376953,92.73000336,92.79000091552734,-0.001076526,25.190000534057617,25.190000534057617,25.059999465942383,25.059999465942383,-0.002785503,24.100000381469727,24.600000381469727,22.37000084,22.719999313354492,0.007985732,37,0,0,0,0,0,0,0,0
2020-08-21,3386.010009765625,3399.959961,3379.310059,3397.159912109375,0.003441107,92.72000122070312,93.47000122070312,92.58000183105469,93.25,0.004957421,25.200000762939453,25.260000228881836,25.18000030517578,25.18000030517578,0.004788541,22.579999923706055,24.469999313354492,22.059999465942383,22.540000915527344,-0.007922465,24,0,0,0,0,0,0,0,0
2020-08-24,3418.090087890625,3432.090087890625,3413.129883,3431.280029296875,0.010043718303008653,93.19999694824219,93.33999633789062,92.83999633789062,93.30000305175781,0.000536226,25.110000610351562,25.219999313354492,25.110000610351562,25.219999313354492,0.001588523,22.87000084,23.18000030517578,21.25,22.37000084,-0.00754215,49,1,0,29271,122138,0,0,1,0
2020-08-25,3435.949951171875,3444.209961,3425.840087890625,3443.620117,0.003596351,93.27999877929688,93.34999847,92.97000122070312,93.01999664,-0.00300114,25.139999389648438,25.190000534057617,25.12000084,25.12999916,-0.003568602,22.15999984741211,23.43000030517578,21.530000686645508,22.030000686645508,-0.015198933,55,1,0,24624,116893,0,0,1,0
2020-08-26,3449.969970703125,3481.070068359375,3444.149902,3478.72998,0.010195626139483993,93.01999664,93.36000061035156,92.84999847,93.01000213623047,-0.000107445,25.190000534057617,25.190000534057617,25.079999923706055,25.100000381469727,-0.001193744,22.139999389648438,23.270000457763672,20.920000076293945,23.270000457763672,0.056286869,46,1,0,51346,206714,0,0,1,0
2020-08-27,3485.139892578125,3501.379883,3468.350098,3484.550048828125,0.001673044,92.84999847,93.31999969482422,92.41999816894531,93.01000213623047,0,25.020000457763672,25.219999313354492,25,25.12999916,0.00119517,23.420000076293945,27.09000015258789,21.440000534057617,24.469999313354492,0.051568493,42,0,0,0,0,0,0,0,0
2020-08-28,3494.689941,3509.22998,3484.320068359375,3508.010009765625,0.006732565,93.01999664,93.09999847,92.19999694824219,92.37000274658203,-0.006880974,24.959999084472656,25.010000228881836,24.920000076293945,24.93000030517578,-0.00795857,24.59000015258789,26.299999237060547,22.639999389648438,22.959999084472656,-0.061708225,36,0,0,0,0,0,0,0,0
2020-08-31,3509.72998,3514.77002,3493.25,3500.310059,-0.002194963,92.30000305175781,92.48000336,91.98999786376953,92.13999938964844,-0.002490022,24.899999618530273,24.940000534057617,24.850000381469727,24.899999618530273,-0.001203397,23.90999984741211,26.5,21.770000457763672,26.40999984741211,0.15026136326253647,186,1,0,13968,44575,0,0,1,0
2020-09-01,3507.439941,3528.030029296875,3494.600098,3526.649902,0.007525003,92.18000030517578,92.40000153,91.75,92.33999633789062,0.002170577,24.799999237060547,24.969999313354492,24.799999237060547,24.950000762939453,0.002008078,25.860000610351562,26.59000015258789,25.020000457763672,26.12000084,-0.010980652,30,1,0,7478,0,0,0,1,0
2020-09-02,3543.760009765625,3588.110107421875,3535.22998,3580.840087890625,0.015365910154807594,92.27999877929688,92.87000274658203,92.20999908447266,92.84999847,0.00552309,25.049999237060547,25.100000381469727,25.030000686645508,25.040000915527344,0.00360722,26.010000228881836,27.06999969482422,25.530000686645508,26.56999969482422,0.017228133,56,0,0,0,0,0,0,0,0
2020-09-03,3564.739990234375,3564.850098,3427.409912109375,3455.060059,-0.035125844,92.66000366210938,93.06999969482422,92.65000153,92.73999786376953,-0.001184713,25.06999969482422,25.12999916,25.040000915527344,25.049999237060547,0.000399294,26.280000686645508,35.939998626708984,25.65999984741211,33.599998474121094,0.2645840745216983,21,3,0,93581,354519,0,0,1,0
2020-09-04,3453.600098,3479.149902,3349.629883,3426.959961,-0.008133027,92.80000305175781,93.23999786376953,92.66000366210938,92.72000122070312,-0.00021562,25.139999389648438,25.18000030517578,25.040000915527344,25.09000015258789,0.001596843,34.619998931884766,38.279998779296875,29.5,30.75,-0.084821387,33,0,0,0,0,0,0,0,0
2020-09-08,3371.879883,3379.969970703125,3329.27002,3331.840087890625,-0.027756342,93.05000305175781,93.5,93,93.48000336,0.008196744,25.209999084472656,25.25,25.18000030517578,25.219999313354492,0.005181314,30.610000610351562,35.93000030517578,30.520000457763672,31.459999084472656,0.023089401,271,6,0,138504,519981,0,0,1,0
2020-09-09,3369.820068359375,3424.77002,3366.840087890625,3398.959961,0.020144986,93.58000183105469,93.66000366210938,93.13999938964844,93.26000213623047,-0.002353458,25.200000762939453,25.200000762939453,25.149999618530273,25.18000030517578,-0.001586004,31.68000030517578,31.780000686645508,28.12000084,28.809999465942383,-0.084233938,60,2,0,21741,63490,0,0,1,0
2020-09-10,3412.560059,3425.550048828125,3329.25,3339.189941,-0.017584797,93.23000336,93.44999694824219,92.69999694824219,93.33999633789062,0.000857755,25.06999969482422,25.239999771118164,25.040000915527344,25.229999542236328,0.001985673,28.670000076293945,30.559999465942383,27.59000015258789,29.709999084472656,0.03123914,63,0,0,0,0,0,0,0,0
2020-09-11,3352.699951171875,3368.949951171875,3310.469970703125,3340.969970703125,0.000533072,93.33000183105469,93.37999725341797,93.09999847,93.33000183105469,-0.000107076,25.170000076293945,25.229999542236328,25.170000076293945,25.18000030517578,-0.001981738,28.62999916,29.729999542236328,26.510000228881836,26.87000084,-0.095590654,37,1,0,17506,66350,0,0,1,0
2020-09-14,3363.560059,3402.929931640625,3363.560059,3383.540039,0.012741829089357504,93.29000091552734,93.33000183105469,92.87000274658203,93.06999969482422,-0.002785837,25.100000381469727,25.149999618530273,25.079999923706055,25.12000084,-0.002382822,25.860000610351562,26.790000915527344,25.37999916,25.850000381469727,-0.037960567,152,1,1,33665,132681,11310,0,1,1
2020-09-15,3407.72998,3419.47998,3389.25,3401.199951171875,0.00521936,93.05999755859375,93.13999938964844,92.79000091552734,93.05000305175781,-0.000214856,25.100000381469727,25.170000076293945,25.09000015258789,25.139999389648438,0.000796121,25.920000076293945,26,24.920000076293945,25.59000015258789,-0.010058036,55,0,0,0,0,0,0,0,0
2020-09-16,3411.22998,3428.919922,3384.449951171875,3385.489990234375,-0.004618947,93.08000183105469,93.27999877929688,92.77999877929688,93.20999908447266,0.001719463,25.100000381469727,25.200000762939453,25.079999923706055,25.170000076293945,0.001193345,25.309999465942383,26.59000015258789,24.84000015258789,26.040000915527344,0.017585023847447978,34,3,0,65202,220824,0,0,1,0
2020-09-17,3346.860107421875,3375.169922,3328.820068359375,3357.010009765625,-0.008412366,93.15000153,93.58999633789062,92.87000274658203,92.97000122070312,-0.002574808,25.200000762939453,25.200000762939453,25.079999923706055,25.079999923706055,-0.003575691,28.219999313354492,28.920000076293945,26.260000228881836,26.459999084472656,0.016128961,29,0,0,0,0,0,0,0,0
2020-09-18,3357.379883,3362.27002,3292.399902,3319.469970703125,-0.011182582,92.86000061035156,93.01000213623047,92.76999664,92.93000030517578,-0.000430256,25.110000610351562,25.12999916,25.049999237060547,25.110000610351562,0.0011962,26.649999618530273,28.100000381469727,25.280000686645508,25.829999923706055,-0.023809493,29,5,0,85506,335489,0,0,1,0
2020-09-21,3285.570068359375,3285.570068359375,3229.100098,3281.060059,-0.011571098,93.01000213623047,93.77999877929688,92.75,93.54000091552734,0.006564087,25.239999771118164,25.34000015258789,25.229999542236328,25.290000915527344,0.007168471,28.040000915527344,31.18000030517578,27.389999389648438,27.780000686645508,0.075493642,76,6,0,166037,530291,0,0,1,0
2020-09-22,3295.75,3320.310059,3270.949951171875,3315.570068359375,0.010517945160813724,93.55000305175781,94.08000183105469,93.47000122070312,93.98999786376953,0.004810743,25.299999237060547,25.420000076293945,25.280000686645508,25.37999916,0.003558649,28.610000610351562,28.780000686645508,26.479999542236328,26.860000610351562,-0.033117353,52,1,0,14133,0,0,0,1,0
2020-09-23,3320.110107421875,3323.350098,3232.570068359375,3236.919922,-0.023721455,93.98999786376953,94.43000030517578,93.93000030517578,94.38999938964844,0.004255788,25.450000762939453,25.540000915527344,25.399999618530273,25.520000457763672,0.005516206,27.020000457763672,29.729999542236328,25.190000534057617,28.579999923706055,0.064035714,46,1,0,14343,59965,0,0,1,0
2020-09-24,3226.139892578125,3278.699951171875,3209.449951171875,3246.590087890625,0.002987459,94.37999725341797,94.58999633789062,94.19999694824219,94.34999847,-0.000423783,25.540000915527344,25.559999465942383,25.440000534057617,25.479999542236328,-0.001567434,29.540000915527344,30.489999771118164,27.940000534057617,28.510000228881836,-0.002449255,23,0,0,0,0,0,0,0,0
2020-09-25,3236.659912109375,3306.879883,3228.439941,3298.459961,0.015976724,94.31999969482422,94.73999786376953,94.19000244140625,94.58000183105469,0.002437767,25.56999969482422,25.600000381469727,25.540000915527344,25.549999237060547,0.002747241,28.170000076293945,30.43000030517578,26.020000457763672,26.37999916,-0.074710665,83,0,0,0,0,0,0,0,0
2020-09-28,3333.899902,3360.739990234375,3332.909912109375,3351.600098,0.016110590199083896,94.58000183105469,94.63999938964844,94.15000153,94.26000213623047,-0.003383376,25.450000762939453,25.5,25.43000030517578,25.469999313354492,-0.003131113,27.149999618530273,27.190000534057617,24.899999618530273,26.190000534057617,-0.007202374,86,0,0,0,0,0,0,0,0
2020-09-29,3350.919922,3357.919922,3327.540039,3335.469970703125,-0.004812665,94.23999786376953,94.30000305175781,93.81999969482422,93.88999938964844,-0.003925342,25.399999618530273,25.420000076293945,25.350000381469727,25.350000381469727,-0.004711383,26.809999465942383,27.43000030517578,25.979999542236328,26.270000457763672,0.003054598,34,0,0,0,0,0,0,0,0
2020-09-30,3341.209961,3393.560059,3340.469970703125,3363,0.008253718,93.84999847,94.19000244140625,93.66999816894531,93.88999938964844,0,25.399999618530273,25.450000762939453,25.299999237060547,25.350000381469727,0,26.690000534057617,27.12000084,25.059999465942383,26.37000084,0.003806638,89,1,0,24812,110495,0,0,1,0
2020-10-01,3385.870117,3397.179931640625,3361.389892578125,3380.800048828125,0.005292908,93.80000305175781,93.91999816894531,93.52999877929688,93.70999908447266,-0.00191714,25.329999923706055,25.37999916,25.309999465942383,25.309999465942383,-0.001577945,25.780000686645508,27.110000610351562,25.329999923706055,26.700000762939453,0.012514217413868156,24,1,0,13212,44676,0,0,1,0
2020-10-02,3338.939941,3369.100098,3323.689941,3348.419922,-0.009577652,93.73000336,94.02999877929688,93.69000244140625,93.83999633789062,0.001387229,25.37000084,25.37999916,25.329999923706055,25.37000084,0.002370659,28.87000084,29.899999618530273,26.93000030517578,27.62999916,0.0348314,47,0,0,0,0,0,0,0,0
2020-10-05,3367.27002,3409.570068359375,3367.27002,3408.600098,0.017972709,93.80999755859375,93.87000274658203,93.37000274658203,93.51000213623047,-0.003516562,25.270000457763672,25.270000457763672,25.219999313354492,25.260000228881836,-0.004335854,29.520000457763672,29.690000534057617,27.270000457763672,27.959999084472656,0.011943537232336876,37,0,0,0,0,0,0,0,0
2020-10-06,3408.739990234375,3431.560059,3354.540039,3360.969970703125,-0.013973516,93.44000244140625,93.84999847,93.33999633789062,93.83000183105469,0.003422091,25.219999313354492,25.350000381469727,25.219999313354492,25.329999923706055,0.002771168,28.049999237060547,30,26.010000228881836,29.479999542236328,0.054363394,25,2,0,35239,163610,0,0,1,0
2020-10-07,3384.560059,3426.260009765625,3384.560059,3419.439941,0.017396755,93.83000183105469,93.90000153,93.55999755859375,93.62999725341797,-0.002131563,25.309999465942383,25.31999969482422,25.280000686645508,25.299999237060547,-0.001184393,29.260000228881836,29.760000228881836,27.940000534057617,28.059999465942383,-0.048168253,105,1,0,6090,0,0,0,1,0
2020-10-08,3434.280029296875,3447.280029296875,3428.149902,3446.830078,0.008010124,93.61000061035156,93.77999877929688,93.5,93.61000061035156,-0.000213571,25.299999237060547,25.350000381469727,25.280000686645508,25.290000915527344,-0.000395191,27.649999618530273,27.989999771118164,24.87999916,26.360000610351562,-0.060584422,48,1,0,33846,194194,0,0,1,0
2020-10-09,3459.669922,3482.340087890625,3458.070068359375,3477.139892578125,0.008793533,93.55999755859375,93.58999633789062,93.01000213623047,93.05999755859375,-0.005875473,25.170000076293945,25.200000762939453,25.12000084,25.139999389648438,-0.005931258,26.200000762939453,26.219999313354492,24.030000686645508,25,-0.051593345,31,0,0,0,0,0,0,0,0
2020-10-12,3500.02002,3549.850098,3499.610107421875,3534.219970703125,0.016415813,93.05999755859375,93.23999786376953,93.01000213623047,93.06999969482422,0.000107481,25.12999916,25.139999389648438,25.110000610351562,25.110000610351562,-0.001193269,25.649999618530273,25.649999618530273,24.139999389648438,25.06999969482422,0.002799988,138,3,0,70493,283551,0,0,1,0
2020-10-13,3534.010009765625,3534.010009765625,3500.860107421875,3511.929931640625,-0.006306919,93.02999877929688,93.59999847,93.02999877929688,93.52999877929688,0.004942507,25.219999313354492,25.270000457763672,25.209999084472656,25.260000228881836,0.0059737,25.670000076293945,26.93000030517578,25.15999984741211,26.06999969482422,0.039888313,102,3,0,54170,199012,0,0,1,0
2020-10-14,3515.469970703125,3527.939941,3480.550048828125,3488.669922,-0.006623142,93.54000091552734,93.66999816894531,93.25,93.37999725341797,-0.00160378,25.209999084472656,25.229999542236328,25.170000076293945,25.200000762939453,-0.002375276,25.719999313354492,27.229999542236328,25.530000686645508,26.399999618530273,0.012658225069775098,31,2,0,48234,227434,0,0,1,0
2020-10-15,3453.719970703125,3489.080078,3440.889892578125,3483.340087890625,-0.001527755,93.43000030517578,93.90000153,93.37000274658203,93.86000061035156,0.005140323,25.31999969482422,25.350000381469727,25.299999237060547,25.31999969482422,0.004761862,27.100000381469727,29.059999465942383,26.81999969482422,26.969999313354492,0.021590898,61,4,0,98951,244948,0,0,1,0
2020-10-16,3493.5,3515.760009765625,3480.449951171875,3483.810059,0.00013492,93.80000305175781,93.87999725341797,93.52999877929688,93.68000030517578,-0.001917753,25.280000686645508,25.299999237060547,25.260000228881836,25.290000915527344,-0.001184786,27.15999984741211,27.459999084472656,26.190000534057617,27.40999984741211,0.016314443650717658,75,1,0,6430,0,0,0,1,0
2020-10-19,3493.659912109375,3502.419922,3419.929931640625,3426.919922,-0.016329862,93.72000122070312,93.76999664,93.20999908447266,93.43000030517578,-0.002668659,25.170000076293945,25.229999542236328,25.15999984741211,25.209999084472656,-0.003163378,27.360000610351562,29.690000534057617,27.040000915527344,29.18000030517578,0.06457499,109,1,0,32557,129485,0,0,1,0
2020-10-20,3439.379883,3476.929931640625,3435.649902,3443.120117,0.004727334,93.41999816894531,93.5,93,93.06999969482422,-0.003853159,25.149999618530273,25.170000076293945,25.100000381469727,25.12999916,-0.003173341,28.809999465942383,29.600000381469727,28.290000915527344,29.350000381469727,0.005825911,10,0,0,0,0,0,0,0,0
2020-10-21,3439.909912109375,3464.860107421875,3433.060059,3435.560059,-0.0021957,93.05000305175781,93.06999969482422,92.47000122070312,92.61000061035156,-0.004942507,25.049999237060547,25.049999237060547,24.959999084472656,25,-0.005173067,29.12000084,30.549999237060547,28.37000084,28.649999618530273,-0.023850111,22,1,0,20849,63486,0,0,1,0
2020-10-22,3438.5,3460.530029296875,3415.340087890625,3453.489990234375,0.005218925,92.66999816894531,92.97000122070312,92.61000061035156,92.94999694824219,0.00367127,25.040000915527344,25.100000381469727,25.040000915527344,25.100000381469727,0.004000015,30.100000381469727,30.12000084,27.68000030517578,28.110000610351562,-0.018848133,43,2,0,37721,167371,0,0,1,0
2020-10-23,3464.899902,3466.459961,3440.449951171875,3465.389892578125,0.003445761,92.93000030517578,93.12999725341797,92.66000366210938,92.76999664,-0.001936528,25.030000686645508,25.100000381469727,25.030000686645508,25.040000915527344,-0.002390417,28.469999313354492,28.670000076293945,27.260000228881836,27.549999237060547,-0.019921784,48,0,0,0,0,0,0,0,0
2020-10-26,3441.419922,3441.419922,3364.860107421875,3400.969970703125,-0.018589516,92.76000213623047,93.11000061035156,92.73999786376953,93.05000305175781,0.003018286,25.09000015258789,25.12999916,25.09000015258789,25.12999916,0.003594179,29.37999916,33.68000030517578,29.219999313354492,32.459999084472656,0.17822141500487332,143,3,0,86798,369869,0,0,1,0
2020-10-27,3403.149902,3409.510009765625,3388.709961,3390.679931640625,-0.003025619,93.06999969482422,93.12999725341797,92.79000091552734,92.94000244140625,-0.001182167,25.059999465942383,25.09000015258789,25.040000915527344,25.079999923706055,-0.001989624,32.040000915527344,33.77000045776367,31.850000381469727,33.349998474121094,0.027418343,104,2,0,26338,67785,0,0,1,0
2020-10-28,3342.47998,3342.47998,3268.889892578125,3271.030029296875,-0.035287879,93.15000153,93.65000153,93.05000305175781,93.41000366210938,0.005057039,25.229999542236328,25.270000457763672,25.200000762939453,25.239999771118164,0.006379579,34.689998626708984,40.77000045776367,34.68000030517578,40.279998779296875,0.2077961206071215,44,1,0,45792,206253,0,0,1,0
2020-10-29,3277.169922,3341.050048828125,3259.820068359375,3310.110107421875,0.011947330894238384,93.45999908447266,94.09999847,93.33999633789062,93.95999908447266,0.005887971,25.299999237060547,25.40999984741211,25.299999237060547,25.34000015258789,0.00396198,38.79999923706055,41.15999984741211,35.630001068115234,37.59000015258789,-0.06678249,41,0,0,0,0,0,0,0,0
2020-10-30,3293.590087890625,3304.929931640625,3233.939941,3269.959961,-0.01212955,93.91999816894531,94.08000183105469,93.65000153,94.04000091552734,0.000851446,25.31999969482422,25.399999618530273,25.299999237060547,25.37000084,0.001183926,40.810001373291016,41.09000015258789,36.5,38.02000045776367,0.011439220628632452,65,4,0,51523,180810,0,0,1,0
2020-11-02,3296.199951171875,3330.139892578125,3279.739990234375,3310.239990234375,0.012318203,93.88999938964844,94.29000091552734,93.88999938964844,94.05000305175781,0.00010636,25.420000076293945,25.43000030517578,25.37999916,25.399999618530273,0.001182451,38.56999969482422,38.779998779296875,36.130001068115234,37.130001068115234,-0.023408716,193,6,0,108008,538174,0,0,1,0
2020-11-03,3336.25,3389.489990234375,3336.25,3369.159912109375,0.01779929,94.05000305175781,94.05000305175781,93.29000091552734,93.55000305175781,-0.005316321,25.229999542236328,25.270000457763672,25.18000030517578,25.260000228881836,-0.005511787,36.439998626708984,36.439998626708984,34.189998626708984,35.54999923706055,-0.04255324,64,3,0,52148,259312,0,0,1,0
2020-11-04,3406.459961,3486.25,3405.169922,3443.439941,0.022047048,93.08999633789062,94.30000305175781,93.08999633789062,93.41000366210938,-0.001496519,25.270000457763672,25.299999237060547,25.190000534057617,25.219999313354492,-0.001583568,36.790000915527344,36.849998474121094,28.030000686645508,29.56999969482422,-0.168213774,14,0,0,0,0,0,0,0,0
2020-11-05,3485.739990234375,3529.050048828125,3485.739990234375,3510.449951171875,0.019460194,93.33999633789062,93.55000305175781,92.48999786376953,92.52999877929688,-0.009420885,25.010000228881836,25.06999969482422,24.950000762939453,24.979999542236328,-0.009516248,27.559999465942383,28.139999389648438,26.040000915527344,27.579999923706055,-0.06729793,15,0,0,0,0,0,0,0,0
2020-11-06,3508.340087890625,3521.580078,3484.340087890625,3509.439941,-0.000287715,92.56999969482422,92.81999969482422,92.18000030517578,92.23000336,-0.003242142,24.920000076293945,24.969999313354492,24.87000084,24.889999389648438,-0.003602888,27.87000084,29.440000534057617,24.559999465942383,24.860000610351562,-0.098622165,15,0,0,0,0,0,0,0,0
2020-11-09,3583.040039,3645.989990234375,3547.47998,3550.5,0.011699889,92.23999786376953,92.95999908447266,92.12999725341797,92.73000336,0.005421229,24.860000610351562,25.09000015258789,24.860000610351562,25.049999237060547,0.006428278,24.799999237060547,25.81999969482422,22.40999984741211,25.75,0.035800457,61,0,0,0,0,0,0,0,0
2020-11-10,3543.260009765625,3557.219970703125,3511.909912109375,3545.530029296875,-0.001399795,92.76000213623047,92.97000122070312,92.59999847,92.75,0.000215644,25,25.059999465942383,25,25.049999237060547,0,25.360000610351562,26.770000457763672,24.350000381469727,24.799999237060547,-0.036893234,34,0,0,0,0,0,0,0,0
2020-11-11,3563.219970703125,3581.159912109375,3557,3572.659912109375,0.007651855,92.69999694824219,93.20999908447266,92.61000061035156,93.04000091552734,0.003126695,25.12000084,25.149999618530273,25.079999923706055,25.079999923706055,0.001197632,25.010000228881836,25.12000084,22.56999969482422,23.450000762939453,-0.054435424,34,0,0,0,0,0,0,0,0
2020-11-12,3562.669922,3569.02002,3518.580078,3537.010009765625,-0.009978532,93.01000213623047,93.13999938964844,92.77999877929688,92.95999908447266,-0.000859865,25.100000381469727,25.110000610351562,25.049999237060547,25.079999923706055,0,24.389999389648438,27.270000457763672,23.530000686645508,25.350000381469727,0.081023435,60,0,0,0,0,0,0,0,0
2020-11-13,3552.570068359375,3593.659912109375,3552.570068359375,3585.149902,0.013610335409063534,92.94999694824219,93.01000213623047,92.70999908447266,92.76000213623047,-0.00215143,25.049999237060547,25.059999465942383,25.020000457763672,25.030000686645508,-0.00199359,24.940000534057617,25.030000686645508,22.739999771118164,23.100000381469727,-0.088757395,9,0,0,0,0,0,0,0,0
2020-11-16,3600.159912109375,3628.510009765625,3600.159912109375,3626.909912109375,0.011648051240012336,92.72000122070312,92.83999633789062,92.45999908447266,92.56999969482422,-0.002048323,25.010000228881836,25.020000457763672,24.969999313354492,24.969999313354492,-0.002397178,23.65999984741211,24.079999923706055,22.43000030517578,22.450000762939453,-0.028138511,156,3,2,109468,625428,77591,331128,1,1
2020-11-17,3610.310059,3623.110107421875,3588.679931640625,3609.530029296875,-0.004791926,92.48999786376953,92.61000061035156,92.26999664,92.41999816894531,-0.001620412,24.90999984741211,24.950000762939453,24.90999984741211,24.93000030517578,-0.001601883,22.84000015258789,24.09000015258789,22.34000015258789,22.709999084472656,0.011581216601222133,5,0,0,0,0,0,0,0,0
2020-11-18,3612.090087890625,3619.090087890625,3567.330078,3567.790039,-0.01156383,92.44000244140625,92.51000213623047,92.20999908447266,92.31999969482422,-0.001082,24.920000076293945,24.940000534057617,24.87999916,24.940000534057617,0.000401132,22.860000610351562,23.920000076293945,21.65999984741211,23.84000015258789,0.049757865,40,0,0,0,0,0,0,0,0
2020-11-19,3559.409912109375,3585.219970703125,3543.840087890625,3581.870117,0.003946442,92.55999755859375,92.72000122070312,92.23999786376953,92.29000091552734,-0.000324943,25.010000228881836,25.010000228881836,24.889999389648438,24.899999618530273,-0.001603886,23.62000084,24.520000457763672,22.559999465942383,23.110000610351562,-0.030620786,25,0,0,0,0,0,0,0,0
2020-11-20,3579.310059,3581.22998,3556.850098,3557.540039,-0.006792563,92.33999633789062,92.43000030517578,92.20999908447266,92.38999938964844,0.001083524,24.889999389648438,24.940000534057617,24.889999389648438,24.93000030517578,0.001204847,23.43000030517578,23.729999542236328,22.12999916,23.700000762939453,0.025530079489639368,25,0,0,0,0,0,0,0,0
2020-11-23,3566.820068359375,3589.810059,3552.77002,3577.590087890625,0.005635931,92.40000153,92.80000305175781,92.01999664,92.51000213623047,0.001298872,24.850000381469727,25.030000686645508,24.84000015258789,24.969999313354492,0.001604453,23.65999984741211,23.959999084472656,22.450000762939453,22.65999984741211,-0.043881894,58,2,0,39931,184367,0,0,1,0
2020-11-24,3594.52002,3642.310059,3594.52002,3635.409912109375,0.016161668273416252,92.52999877929688,92.55999755859375,92.12999725341797,92.23000336,-0.003026687,24.940000534057617,24.969999313354492,24.850000381469727,24.850000381469727,-0.004805724,22.040000915527344,22.479999542236328,20.799999237060547,21.639999389648438,-0.04501326,20,0,0,0,0,0,0,0,0
2020-11-25,3635.5,3635.5,3617.760009765625,3629.649902,-0.001584418,92.11000061035156,92.26000213623047,91.93000030517578,91.98999786376953,-0.00260225,24.850000381469727,24.87000084,24.799999237060547,24.809999465942383,-0.001609695,21.649999618530273,22.5,21.12999916,21.25,-0.018022153,39,0,2,0,0,66793,0,0,1
2020-11-27,3638.550048828125,3644.310059,3629.330078,3638.350098,0.002396979,92.01999664,92.05000305175781,91.76000213623047,91.79000091552734,-0.002174116,24.799999237060547,24.799999237060547,24.75,24.760000228881836,-0.002015286,21.520000457763672,21.600000381469727,19.510000228881836,20.84000015258789,-0.01929411,72,1,1,9959,0,17536,0,1,1
2020-11-30,3634.179931640625,3634.179931640625,3594.389892578125,3621.629883,-0.004595549,91.77999877929688,92.05000305175781,91.51000213623047,91.87000274658203,0.000871575,24.690000534057617,24.81999969482422,24.68000030517578,24.81999969482422,0.002423242,22.639999389648438,22.889999389648438,20.479999542236328,20.56999969482422,-0.012955876,37,0,0,0,0,0,0,0,0
2020-12-01,3645.870117,3678.449951171875,3645.870117,3662.449951171875,0.011271187194776155,91.94999694824219,91.94999694824219,91.16000366210938,91.30999755859375,-0.006095626,24.719999313354492,24.75,24.579999923706055,24.600000381469727,-0.008863792,20.209999084472656,20.920000076293945,20,20.770000457763672,0.009722935,50,1,0,20191,0,0,0,1,0
2020-12-02,3653.780029296875,3670.959961,3644.840087890625,3669.010009765625,0.001791167,91.19000244140625,91.5,90.98999786376953,91.12000274658203,-0.002080767,24.62999916,24.639999389648438,24.559999465942383,24.56999969482422,-0.00121954,21,21.25,20.040000915527344,21.170000076293945,0.019258527188946495,31,0,0,0,0,0,0,0,0
2020-12-03,3668.280029296875,3682.72998,3657.169922,3666.719970703125,-0.000624157,91.05999755859375,91.08999633789062,90.51000213623047,90.70999908447266,-0.004499601,24.440000534057617,24.489999771118164,24.40999984741211,24.440000534057617,-0.005290971,21.239999771118164,21.87999916,20.719999313354492,21.280000686645508,0.005196061,21,0,0,0,0,0,0,0,0
2020-12-04,3670.939941,3699.199951171875,3670.939941,3699.120117,0.008836275,90.70999908447266,90.87000274658203,90.48000336,90.69999694824219,-0.000110265,24.40999984741211,24.5,24.399999618530273,24.469999313354492,0.001227446,21.049999237060547,21.149999618530273,19.969999313354492,20.790000915527344,-0.023026304,27,0,0,0,0,0,0,0,0
2020-12-07,3694.72998,3697.409912109375,3678.879883,3691.959961,-0.001935638,90.80999755859375,91.23999786376953,90.62000274658203,90.79000091552734,0.000992326,24.479999542236328,24.520000457763672,24.440000534057617,24.510000228881836,0.001634692,22.040000915527344,22.62000084,21.170000076293945,21.299999237060547,0.024530942716423976,97,1,1,57053,328966,39127,0,1,1
2020-12-08,3683.050048828125,3708.449951171875,3678.830078,3702.25,0.002787148,90.90000153,91.01999664,90.75,90.97000122070312,0.001982601,24.489999771118164,24.549999237060547,24.489999771118164,24.540000915527344,0.001224018,21.649999618530273,22.25,20.520000457763672,20.68000030517578,-0.029107932,43,0,0,0,0,0,0,0,0
2020-12-09,3705.97998,3712.389892578125,3660.540039,3672.820068359375,-0.007949202,90.91999816894531,91.19999694824219,90.69000244140625,91.08999633789062,0.001319062,24.510000228881836,24.600000381469727,24.489999771118164,24.549999237060547,0.00040743,20.65999984741211,22.93000030517578,20.100000381469727,22.270000457763672,0.076885886,14,1,0,15430,82039,0,0,1,0
2020-12-10,3659.129883,3678.489990234375,3645.179931640625,3668.100098,-0.001285108,91.05999755859375,91.15000153,90.66999816894531,90.79000091552734,-0.003293396,24.549999237060547,24.549999237060547,24.450000762939453,24.479999542236328,-0.002851311,22.12000084,23.459999084472656,21.530000686645508,22.520000457763672,0.011225864160808507,25,0,0,0,0,0,0,0,0
2020-12-11,3656.080078,3665.909912109375,3633.399902,3663.459961,-0.001264997,90.73999786376953,91.04000091552734,90.62000274658203,90.98000336,0.002092768,24.520000457763672,24.549999237060547,24.510000228881836,24.540000915527344,0.002451037,22.489999771118164,25.139999389648438,22.479999542236328,23.309999465942383,0.035079884,25,0,0,0,0,0,0,0,0
2020-12-14,3675.27002,3697.610107421875,3645.840087890625,3647.489990234375,-0.004359259,90.98000336,90.98000336,90.41999816894531,90.70999908447266,-0.002967732,24.40999984741211,24.5,24.399999618530273,24.469999313354492,-0.002852551,22.670000076293945,24.81999969482422,21.950000762939453,24.719999313354492,0.060489055,57,1,0,52701,311866,0,0,1,0
2020-12-15,3666.409912109375,3695.290039,3659.620117,3694.620117,0.012921249154708825,90.69000244140625,90.81999969482422,90.41999816894531,90.47000122070312,-0.002645771,24.420000076293945,24.450000762939453,24.37999916,24.389999389648438,-0.003269306,24,24.06999969482422,22.729999542236328,22.889999389648438,-0.074029125,18,0,0,0,0,0,0,0,0
2020-12-16,3696.25,3711.27002,3688.570068359375,3701.169922,0.001772795,90.48999786376953,90.69999694824219,90.12999725341797,90.44999694824219,-0.000221115,24.329999923706055,24.459999084472656,24.31999969482422,24.360000610351562,-0.001229962,22.510000228881836,23.670000076293945,22.290000915527344,22.5,-0.017037982,17,0,0,0,0,0,0,0,0
2020-12-17,3713.649902,3725.120117,3710.870117,3722.47998,0.005757655,90.26999664,90.26999664,89.73000336,89.81999969482422,-0.006965144,24.219999313354492,24.239999771118164,24.190000534057617,24.229999542236328,-0.005336661,21.979999542236328,22.270000457763672,21.520000457763672,21.93000030517578,-0.02533332,10,1,0,45320,191834,0,0,1,0
2020-12-18,3722.389892578125,3726.699951171875,3685.840087890625,3709.409912109375,-0.003511119,89.83000183105469,90.12999725341797,89.83000183105469,90.01999664,0.002226642,24.270000457763672,24.299999237060547,24.25,24.260000228881836,0.001238163,22.149999618530273,23.770000457763672,21.56999969482422,21.56999969482422,-0.016415896,28,2,0,71840,163031,0,0,1,0
2020-12-21,3684.280029296875,3702.899902,3636.47998,3694.919922,-0.003906279,89.91999816894531,91.01999664,89.91999816894531,90.04000091552734,0.00022222,24.37000084,24.37999916,24.260000228881836,24.309999465942383,0.002060974,24.25,31.459999084472656,24.229999542236328,25.15999984741211,0.16643487266480217,61,3,1,113730,519490,8832,0,1,1
2020-12-22,3698.080078,3698.260009765625,3676.159912109375,3687.260009765625,-0.002073093,90.08999633789062,90.72000122070312,90.05999755859375,90.65000153,0.006774773,24.34000015258789,24.450000762939453,24.34000015258789,24.440000534057617,0.005347638,25.239999771118164,25.559999465942383,23.530000686645508,24.229999542236328,-0.036963446,10,0,0,0,0,0,0,0,0
2020-12-23,3693.419922,3711.239990234375,3689.280029296875,3690.010009765625,0.000745811,90.51999664,90.66999816894531,90.16000366210938,90.41000366210938,-0.002647522,24.329999923706055,24.37999916,24.299999237060547,24.329999923706055,-0.004500843,23.489999771118164,23.68000030517578,22.12999916,23.309999465942383,-0.037969463,7,0,0,0,0,0,0,0,0
2020-12-24,3694.030029296875,3703.820068359375,3689.320068359375,3703.060059,0.003536589,90.27999877929688,90.37999725341797,90.15000153,90.33000183105469,-0.000884878,24.329999923706055,24.360000610351562,24.329999923706055,24.350000381469727,0.000822049,22.469999313354492,22.829999923706055,21.389999389648438,21.530000686645508,-0.076362026,16,2,0,54041,205301,0,0,1,0
2020-12-28,3723.030029296875,3740.510009765625,3723.030029296875,3735.360107421875,0.008722529,90.22000122070312,90.37999725341797,89.98000336,90.33999633789062,0.000110644,24.309999465942383,24.37000084,24.280000686645508,24.350000381469727,0,22.110000610351562,22.12000084,21.149999618530273,21.700000762939453,0.007895962,45,4,0,241565,1189329,0,0,1,0
2020-12-29,3750.010009765625,3756.120117,3723.310059,3727.040039,-0.002227381,90.20999908447266,90.23000336,89.84999847,90.01000213623047,-0.003652803,24.270000457763672,24.290000915527344,24.219999313354492,24.270000457763672,-0.003285418,21.610000610351562,23.719999313354492,20.989999771118164,23.079999923706055,0.063594429,18,1,0,59983,374411,0,0,1,0
2020-12-30,3736.189941,3744.629883,3730.209961,3732.040039,0.001341547,89.98000336,89.98000336,89.55999755859375,89.62999725341797,-0.004221807,24.200000762939453,24.209999084472656,24.15999984741211,24.170000076293945,-0.004120329,22.579999923706055,23.149999618530273,22.40999984741211,22.770000457763672,-0.013431519,25,1,0,30219,127151,0,0,1,0
2020-12-31,3733.27002,3760.199951171875,3726.879883,3756.070068359375,0.006438846,89.61000061035156,89.98000336,89.51999664,89.94000244140625,0.003458721,24.170000076293945,24.270000457763672,24.170000076293945,24.239999771118164,0.00289614,22.989999771118164,23.25,21.239999771118164,22.75,-0.000878369,5,0,0,0,0,0,0,0,0
2021-01-04,3764.610107421875,3769.989990234375,3662.709961,3700.649902,-0.014754828,89.93000030517578,89.94000244140625,89.41999816894531,89.87999725341797,-0.000667169,24.12999916,24.260000228881836,24.12999916,24.260000228881836,0.000825101,23.040000915527344,29.190000534057617,22.559999465942383,26.969999313354492,0.18549447531228536,105,2,1,107423,429078,32415,0,1,1
2021-01-05,3698.02002,3737.830078,3695.070068359375,3726.860107421875,0.007082595,89.90000153,89.90000153,89.43000030517578,89.44000244140625,-0.004895359,24.200000762939453,24.219999313354492,24.110000610351562,24.12000084,-0.005770791,26.940000534057617,28.600000381469727,24.799999237060547,25.34000015258789,-0.060437494,19,0,0,0,0,0,0,0,0
2021-01-06,3712.199951171875,3783.040039,3705.340087890625,3748.139892578125,0.005709843,89.48000336,89.80000305175781,89.20999908447266,89.52999877929688,0.00100622,24.18000030517578,24.219999313354492,24.09000015258789,24.09000015258789,-0.00124381,25.479999542236328,26.770000457763672,22.139999389648438,25.06999969482422,-0.010655109,27,0,0,0,0,0,0,0,0
2021-01-07,3764.709961,3811.550048828125,3764.709961,3803.790039,0.014847403800101189,89.31999969482422,89.97000122070312,89.31999969482422,89.83000183105469,0.003350866,24.209999084472656,24.270000457763672,24.209999084472656,24.229999542236328,0.005811515,23.670000076293945,23.90999984741211,22.25,22.37000084,-0.1076984,2,0,0,0,0,0,0,0,0
2021-01-08,3815.050048828125,3826.689941,3783.600098,3824.679931640625,0.005491863,89.83000183105469,90.25,89.66000366210938,90.09999847,0.00300564,24.190000534057617,24.34000015258789,24.18000030517578,24.270000457763672,0.001650884,22.43000030517578,23.34000015258789,21.420000076293945,21.559999465942383,-0.036209269,3,0,0,0,0,0,0,0,0
2021-01-11,3803.139892578125,3817.860107421875,3789.02002,3799.610107421875,-0.006554751,90.06999969482422,90.73000336,90.02999877929688,90.54000091552734,0.00488349,24.440000534057617,24.469999313354492,24.37000084,24.420000076293945,0.006180454,23.309999465942383,24.809999465942383,23.229999542236328,24.079999923706055,0.11688314101048247,0,0,0,0,0,0,0,0,0
2021-01-12,3801.620117,3810.780029296875,3776.510009765625,3801.189941,0.000415788,90.51999664,90.62000274658203,90.02999877929688,90.05000305175781,-0.005411949,24.40999984741211,24.40999984741211,24.270000457763672,24.290000915527344,-0.005323471,23.489999771118164,25.149999618530273,22.829999923706055,23.329999923706055,-0.03114618,0,0,0,0,0,0,0,0,0
2021-01-13,3802.22998,3820.959961,3791.5,3809.840087890625,0.002275642,90,90.44999694824219,89.91999816894531,90.31999969482422,0.002998297,24.360000610351562,24.389999389648438,24.31999969482422,24.37000084,0.003293533,23.06999969482422,24.18000030517578,21.920000076293945,22.209999084472656,-0.048006894,0,0,0,0,0,0,0,0,0
2021-01-14,3814.97998,3823.600098,3792.860107421875,3795.540039,-0.003753451,90.27999877929688,90.58000183105469,90.08000183105469,90.23999786376953,-0.00088576,24.40999984741211,24.420000076293945,24.280000686645508,24.31999969482422,-0.00205175,22.219999313354492,23.469999313354492,21.65999984741211,23.25,0.046825797316417894,0,0,0,0,0,0,0,0,0
2021-01-15,3788.72998,3788.72998,3749.620117,3768.25,-0.007190028,90.22000122070312,90.80000305175781,90.22000122070312,90.77999877929688,0.005984053,24.420000076293945,24.479999542236328,24.40999984741211,24.479999542236328,0.006578941,23.520000457763672,25.799999237060547,23.079999923706055,24.34000015258789,0.046881726993027506,0,0,0,0,0,0,0,0,0
2021-01-19,3781.879883,3804.530029296875,3780.370117,3798.909912109375,0.00813638,90.73000336,90.76000213623047,90.40000153,90.5,-0.003084366,24.389999389648438,24.43000030517578,24.37999916,24.40999984741211,-0.002859465,23.030000686645508,23.559999465942383,22.530000686645508,23.239999771118164,-0.045193113,0,0,0,0,0,0,0,0,0
2021-01-20,3816.219970703125,3859.75,3816.219970703125,3851.850098,0.013935625421946263,90.41000366210938,90.69999694824219,90.27999877929688,90.47000122070312,-0.000331478,24.43000030517578,24.459999084472656,24.37999916,24.399999618530273,-0.000409678,22.81999969482422,22.860000610351562,21.37000084,21.579999923706055,-0.071428566,0,0,0,0,0,0,0,0,0
